formula_norm,n_sources,gap_min,gap_max,gap_mean,gap_std,range
AlBiO3,2,2.6250000000000004,4.2,3.4125000000000005,1.1136931803688124,1.5749999999999997
Ba2BiSbO6,5,1.6958000000000002,3.20868465046,2.103556930092,0.632709199673755,1.5128846504599998
Ba2CaMoO6,5,2.1194,3.61508206386,2.474896412772,0.6399877769699411,1.49568206386
Ba2CaTeO6,4,2.9961,3.444,3.173175,0.21773351257902385,0.44789999999999974
Ba2CaWO6,5,0.609,4.74610634282,2.892901268564,1.4805839869001212,4.13710634282
Ba2CdGe2O7,2,2.807,2.9166,2.8617999999999997,0.0774989032180457,0.10959999999999992
Ba2CdMoO6,2,2.281,2.5376000000000003,2.4093,0.18144360005246804,0.25660000000000016
Ba2CeZrO6,2,2.233,2.3156,2.2743,0.05840702012600851,0.08259999999999978
Ba2Co(PO4)2,2,1.4643000000000002,3.5461,2.5052000000000003,1.4720548970741547,2.0818
Ba2CoGe2O7,2,2.124,2.6982,2.4111000000000002,0.40602071375731563,0.5741999999999998
Ba2CoMoO6,2,1.0200000000000005,1.274,1.1470000000000002,0.17960512242138277,0.25399999999999956
Ba2CoReO6,3,0.19819999999999902,0.2893,0.2474999999999997,0.046010759611204516,0.09110000000000099
Ba2CoSi2O7,2,2.4604499999999994,3.7458,3.1031249999999995,0.9088797011981291,1.2853500000000007
Ba2CoWO6,2,1.5845,1.8426999999999991,1.7135999999999996,0.18257497090236594,0.2581999999999991
Ba2Cu(PO4)2,3,0.258499999999999,1.4721,0.691533333333333,0.6773409801077547,1.213600000000001
Ba2CuGe2O7,3,0.196299999999999,1.5455999999999999,0.6532999999999997,0.7728306347447675,1.3493000000000008
Ba2CuSi2O7,3,0.13134999999999952,1.43005,0.5836333333333332,0.7335947354182237,1.2987000000000006
Ba2CuWO6,2,0.7024999999999999,0.9129,0.8077,0.1487752667616497,0.21040000000000014
Ba2DyNbO6,4,2.86095,3.215,3.0225875,0.16104045234557263,0.35405
Ba2DySbO6,4,3.46185,3.956,3.652875,0.23522760786098224,0.49414999999999987
Ba2DyTaO6,2,3.3837,3.7169999999999996,3.55035,0.23567869016947593,0.3332999999999995
Ba2ErNbO6,4,2.854199999999999,3.09495,2.9875374999999997,0.11963400697544176,0.24075000000000069
Ba2ErRuO6,4,0.07160000000000001,1.08955,0.3780375000000001,0.4833292035024713,1.01795
Ba2ErSbO6,4,3.3672,3.7849999999999997,3.5387,0.20287667846912943,0.4177999999999997
Ba2ErTaO6,2,3.393399999999999,3.682,3.537699999999999,0.20407101705043854,0.2886000000000011
Ba2FeMoO6,5,0.2855,1.7801,1.0499422479319998,0.5911964588418522,1.4946000000000002
Ba2FeWO6,3,1.398,2.506199999999999,1.9931666666666663,0.5586467786833939,1.108199999999999
Ba2GdNbO6,4,2.645,3.172,2.8968,0.2694073000743176,0.5270000000000001
Ba2GdRuO6,2,0.14670000000000002,0.24950000000000006,0.19810000000000005,0.0726905771059771,0.10280000000000003
Ba2GdSbO6,2,3.4846000000000004,3.945,3.7148000000000003,0.32555196205828596,0.4603999999999995
Ba2GdTaO6,2,3.2611999999999997,3.727,3.4940999999999995,0.32937033867669413,0.4658000000000002
Ba2HfSnO6,2,4.105,6.08155491847,5.093277459235001,1.3976353862377606,1.9765549184699998
Ba2HfTiO6,2,2.3685,4.61795597522,3.49322798761,1.5906055740586604,2.24945597522
Ba2HfZrO6,2,3.455,6.34312396567,4.899061982835001,2.042212041032641,2.88812396567
Ba2HoNbO6,4,2.8516,3.2145,3.01965,0.16441975753134622,0.3629000000000002
Ba2HoRuO6,4,0.07600000000000001,1.0995,0.382625,0.48608150465396915,1.0234999999999999
Ba2HoSbO6,4,3.4155,3.838,3.59035,0.20162206393811827,0.4224999999999999
Ba2HoTaO6,4,3.413099999999999,3.625,3.5167249999999997,0.08791444230993407,0.21190000000000087
Ba2InBiO6,2,0.20800000000000002,0.5569999999999999,0.38249999999999995,0.24678026663410504,0.3489999999999999
Ba2InOsO6,3,0.309,0.605,0.4454666666666667,0.14934206819691942,0.296
Ba2InRuO6,3,0.3628,1.3061,0.7239666666666666,0.508992557247484,0.9433
Ba2InSbO6,2,0.523999999999999,1.0,0.7619999999999996,0.33658282784479726,0.476000000000001
Ba2LaCrO6,2,0.47829999999999906,0.6560000000000001,0.5671499999999996,0.12565287501685027,0.17770000000000108
Ba2LaNbO6,3,2.9716,3.1870000000000003,3.0925333333333334,0.11011200358422951,0.21540000000000026
Ba2LaRuO6,4,0.203,1.03265,0.4669499999999999,0.3870692379923779,0.82965
Ba2LaSbO6,4,3.7406,4.229000000000001,3.9485875,0.20535574164118292,0.48840000000000083
Ba2LaTaO6,5,3.2672499999999998,6.10674884473,4.101959768946,1.1388185023143047,2.8394988447300005
Ba2LaVO6,2,1.7171,1.9365,1.8268,0.15513922779232864,0.21940000000000004
Ba2LiReO6,4,1.8198,2.067,1.9189875,0.10565235740389331,0.2472000000000001
Ba2LuNbO6,4,2.847899999999999,3.0980000000000003,2.98575,0.1264499505733399,0.2501000000000011
Ba2LuRuO6,4,0.055600000000000004,1.0539,0.3550000000000001,0.47484377079905626,0.9983000000000001
Ba2LuSbO6,2,3.2383,3.721,3.4796500000000004,0.3413204432787463,0.4826999999999999
Ba2LuTaO6,2,3.408899999999999,3.6129999999999995,3.5109499999999993,0.14432049404017464,0.2041000000000004
Ba2MgGe2O7,2,3.5553,3.6256,3.5904499999999997,0.04970960671741447,0.07030000000000003
Ba2MgMoO6,3,2.14,2.2647999999999993,2.186933333333333,0.06790738791422665,0.12479999999999913
Ba2MgWO6,4,2.822,3.223099999999999,2.98465,0.17178704840586748,0.4010999999999991
Ba2Mn(AsO4)2,3,2.3699999999999997,2.7135,2.5481666666666665,0.1721092191991276,0.34350000000000014
Ba2MnGe2O7,2,2.1454,2.434299999999999,2.2898499999999995,0.20428314908479292,0.28889999999999905
Ba2MnMoO6,2,0.9219999999999999,1.265399999999999,1.0936999999999995,0.24282046865945975,0.34339999999999904
Ba2MnNbO6,2,0.44399999999999995,0.6666499999999995,0.5553249999999997,0.1574373248311845,0.22264999999999957
Ba2MnTeO6,2,0.9485999999999991,1.119,1.0337999999999996,0.12049099551418828,0.17040000000000088
Ba2MnWO6,3,0.054,2.2267,1.2842333333333336,1.1145687790950065,2.1727000000000003
Ba2NaReO6,4,1.8688,2.024,1.9503,0.06442784077296605,0.1552
Ba2NbBiO6,3,2.058599999999999,2.222,2.1385333333333327,0.08175728305988049,0.1634000000000011
Ba2NbCoO6,2,0.8815,1.534599999999999,1.2080499999999996,0.4618114387929337,0.6530999999999991
Ba2NbCrO6,4,0.173,2.455,1.496425,0.9583810528698906,2.282
Ba2NbFeO6,2,1.455,1.624,1.5395,0.11950104602052657,0.16900000000000004
Ba2NbInO6,4,3.3486000000000002,3.6482,3.47495,0.12915648131885069,0.29959999999999987
Ba2NbRhO6,2,0.8889,1.033,0.96095,0.10189408716898142,0.1440999999999999
Ba2NdNbO6,3,2.9194999999999993,3.1774999999999998,3.0295,0.13313151392514114,0.25800000000000045
Ba2NdRuO6,3,0.1125,0.3234999999999999,0.19131666666666647,0.11517921181069675,0.2109999999999999
Ba2NdSbO6,3,3.6649000000000003,4.156,3.9464666666666663,0.25335035688416385,0.4910999999999994
Ba2NdTaO6,3,3.40725,3.746,3.5444166666666668,0.17832560341502654,0.3387500000000001
Ba2NdVO6,2,1.6324,1.9749999999999996,1.8036999999999999,0.24225478323451088,0.34259999999999957
Ba2Ni(PO4)2,2,2.5757,4.0996,3.33765,1.0775600238501795,1.5238999999999998
Ba2NiMoO6,4,0.659,2.3514,1.87975,0.8163199883215732,1.6924
Ba2NiTeO6,2,1.514,2.2711,1.89255,0.5353505440363351,0.7571000000000001
Ba2NiWO6,4,0.375,3.3409,2.485575,1.4119001909365503,2.9659
Ba2PrNbO6,3,2.9378,3.228,3.0626,0.149299296716361,0.2902
Ba2PrRuO6,3,0.1195,0.31200000000000006,0.1983666666666667,0.10084940918683331,0.19250000000000006
Ba2PrSbO6,4,3.1064,4.2065,3.755475,0.48389885565064134,1.1001000000000003
Ba2PrTaO6,3,3.3958500000000003,3.7190000000000003,3.5286166666666667,0.16910423067839955,0.32315000000000005
Ba2PrVO6,2,1.6507499999999995,1.8935,1.7721249999999997,0.17165017113303474,0.24275000000000047
Ba2PuTiO6,2,0.23339999999999902,2.357,1.2951999999999997,1.5016119605277531,2.123600000000001
Ba2PuZnO6,2,0.6585000000000001,0.7870000000000004,0.7227500000000002,0.09086322138247155,0.12850000000000028
Ba2ScNbO6,2,2.5719000000000003,2.842,2.70695,0.1909895415984865,0.2700999999999998
Ba2ScTaO6,3,3.0173,3.2545,3.1122666666666667,0.12546538699311993,0.23720000000000008
Ba2ScUO6,3,0.8326000000000001,3.9769999999999994,1.9038666666666666,1.7957214297694761,3.144399999999999
Ba2SmMoO6,2,0.9085000000000001,2.263,1.58575,0.9577761351171785,1.3544999999999998
Ba2SmNbO6,3,2.8788999999999993,3.2245,3.009133333333333,0.18787124136847924,0.3456000000000006
Ba2SmSbO6,3,3.5825999999999993,4.1505,3.8753666666666664,0.28436034064780125,0.5679000000000007
Ba2SmTaO6,3,3.3634,3.753,3.5104666666666664,0.21161865072184313,0.38960000000000017
Ba2SmVO6,2,1.63095,1.9189999999999996,1.7749749999999997,0.2036821083207848,0.2880499999999997
Ba2SnWO6,2,1.017,1.3768500000000001,1.196925,0.25445237520997926,0.3598500000000002
Ba2SrTeO6,4,3.1247,3.5919999999999996,3.3187249999999997,0.23123237049917283,0.4672999999999998
Ba2SrTi3O9,2,1.772,1.8073000000000001,1.78965,0.02496086937588528,0.03530000000000011
Ba2SrV2O8,2,3.7201,3.851,3.7855499999999997,0.09256027765731924,0.13090000000000002
Ba2SrWO6,4,0.593,3.23515,2.4444125,1.2421152512112823,2.64215
Ba2TaBiO6,4,2.5855,2.738,2.67555,0.07499762218452882,0.15249999999999986
Ba2TaCoO6,3,0.496,1.532799999999999,0.9660999999999996,0.5251068748359704,1.036799999999999
Ba2TaCrO6,3,2.2009,2.7145,2.3813999999999997,0.28881016256357733,0.5136000000000003
Ba2TaFeO6,2,1.75,1.862299999999999,1.8061499999999995,0.07940809152724855,0.11229999999999896
Ba2TaInO6,3,3.945899999999999,4.3975,4.147166666666666,0.22976355962887882,0.4516000000000009
Ba2TaMnO6,2,0.474,1.1694,0.8217,0.4917220556371252,0.6954
Ba2TaTlO6,3,2.241,2.685,2.447,0.2237230430688801,0.44399999999999995
Ba2TbNbO6,4,2.9054,3.1765,3.0565,0.1347561006658571,0.2710999999999997
Ba2TbSbO6,4,3.5059,3.9545000000000003,3.6849,0.21900445961973808,0.44860000000000033
Ba2TbTaO6,3,3.4418999999999995,3.7335000000000003,3.5407999999999995,0.16690257637316475,0.29160000000000075
Ba2Ti(GeO4)2,2,3.6585,3.7129000000000003,3.6857,0.03846660889654834,0.054400000000000226
Ba2Ti(SiO4)2,2,3.7274000000000003,4.33045,4.028925,0.42642074439454725,0.6030499999999996
Ba2Ti3Tl2O10,2,0.753599999999999,0.805,0.7792999999999995,0.03634528855298925,0.051400000000001
Ba2TiMnO6,2,0.749,1.158799999999999,0.9538999999999995,0.28977235893024644,0.40979999999999894
Ba2TiSnO6,2,2.839,4.61017339121,3.7245866956049998,1.2524087155817647,1.77117339121
Ba2TmNbO6,3,2.8502,3.0940000000000003,2.952733333333333,0.12643106158430112,0.24380000000000024
Ba2TmRuO6,3,0.0645,0.258,0.13083333333333333,0.11016389305636094,0.1935
Ba2TmTaO6,3,3.4065,3.6195,3.4939999999999998,0.11146860544565909,0.21300000000000008
Ba2UCrO6,2,0.75,0.9356999999999991,0.8428499999999995,0.13130972926634124,0.1856999999999991
Ba2UCuO6,3,0.073099999999999,1.3723,0.6634666666666663,0.6576518253098169,1.299200000000001
Ba2UFeO6,4,0.182,2.316,1.2339125,1.0435419384440985,2.134
Ba2UGeO6,2,0.598,0.6334000000000001,0.6157,0.02503158005400385,0.0354000000000001
Ba2UMnO6,3,0.06130000000000001,1.8580000000000003,0.6687666666666668,1.0299864384220472,1.7967000000000004
Ba2UNiO6,4,1.038,2.798,2.0174374999999998,0.8312682312537071,1.76
Ba2UZnO6,4,1.736,3.104,2.3790875,0.7191521308399684,1.368
Ba2V(SiO4)2,3,0.96,2.6343,1.9688666666666668,0.8884142971234386,1.6743000000000001
Ba2V2ZnO8,2,3.4759,3.4926,3.4842500000000003,0.011808683245815299,0.016699999999999715
Ba2VBiO6,2,1.1293999999999995,1.212,1.1706999999999996,0.05840702012600922,0.08260000000000045
Ba2VFeO6,2,0.8613,1.1245,0.9929,0.18611050480829938,0.2632000000000001
Ba2VMoO6,2,0.323,0.40029999999999905,0.3616499999999995,0.05465935418571944,0.07729999999999904
Ba2YBiO6,5,1.7910999999999992,3.83299480369,2.3618689607379997,0.8427119910038279,2.041894803690001
Ba2YNbO6,5,2.8792999999999997,5.15011498128,3.4388429962559997,0.9635758644120836,2.27081498128
Ba2YOsO6,2,0.055099999999999004,0.799,0.42704999999999954,0.5260167345246735,0.743900000000001
Ba2YRuO6,4,0.0903,1.1106500000000001,0.4339875,0.4789620415979399,1.02035
Ba2YSbO6,4,3.5419,4.04,3.748025,0.24625220641989518,0.4981
Ba2YTaO6,5,3.4129499999999995,6.13328654927,4.037747309854,1.1754698695404995,2.7203365492700007
Ba2YUO6,2,0.8651999999999991,4.001,2.4330999999999996,2.217345444444777,3.1358000000000015
Ba2YWO6,2,0.345999999999999,1.7928000000000002,1.0693999999999995,1.0230420910206977,1.4468000000000012
Ba2YbMoO6,3,2.124,2.253,2.2068333333333334,0.07189286009982737,0.129
Ba2ZnGe2O7,3,3.072,3.367,3.181766666666667,0.161330912516273,0.29499999999999993
Ba2ZnMoO6,3,2.299,2.385199999999999,2.3314,0.04691566902432425,0.08619999999999894
Ba2ZnSi2O7,3,4.0027,4.29,4.189166666666666,0.16166361165498372,0.2873000000000001
Ba2ZnTeO6,2,0.444399999999999,0.866000000000001,0.6552,0.29811621894824986,0.421600000000002
Ba2ZnWO6,4,0.456,3.3679,2.4904,1.3651824127199998,2.9119
Ba2ZrSnO6,4,3.6894,6.14279282408,4.467298206020001,1.135307299593477,2.45339282408
Ba2ZrTiO6,3,2.2161,4.58634991588,3.07814997196,1.310592806950434,2.3702499158799997
Ba3Al2(SiO4)3,3,3.2937,3.495,3.403033333333333,0.10176749644819474,0.20130000000000026
Ba3Bi2TeO9,3,2.1188,2.169,2.1380666666666666,0.02705722331159168,0.050200000000000244
Ba3CaNb2O9,3,2.646,2.8354999999999997,2.7281666666666666,0.09722439680107711,0.18949999999999978
Ba3CaSb2O9,3,1.241,3.1721,2.5280666666666667,1.1146325418420786,1.9310999999999998
Ba3CaTa2O9,3,3.1979,3.5129999999999995,3.3263,0.16544234645337905,0.31509999999999927
Ba3CoSb2O9,2,0.24800000000000022,2.33135,1.2896750000000001,1.4731509125849938,2.08335
Ba3Ga2(Ge2O7)2,3,2.2336,2.353,2.2818666666666663,0.0628987546246614,0.11940000000000017
Ba3Ge2(B3O8)2,3,4.0772,4.1955,4.149533333333333,0.06340444253625548,0.11829999999999963
Ba3Ho2MoO9,2,2.021,2.1402,2.0806,0.08428712831743661,0.1192000000000002
Ba3In2MoO9,2,1.691,1.8273000000000001,1.75915,0.09637865427572656,0.1363000000000001
Ba3Lu2MoO9,2,1.767,1.898299999999999,1.8326499999999994,0.09284312036979304,0.13129999999999908
Ba3MgNb2O9,4,2.647999999999999,2.9072,2.7603,0.11062169769082415,0.2592000000000012
Ba3MgSb2O9,4,0.8714999999999997,2.688,2.21465,0.8956167725837506,1.8165000000000004
Ba3MgTa2O9,4,3.2733,3.445,3.36675,0.07276246743113282,0.17169999999999996
Ba3MnNb2O9,3,0.279,1.7737999999999992,1.2195999999999998,0.818892837922032,1.4947999999999992
Ba3MnSb2O9,2,1.5103,1.7797,1.645,0.19049456685165597,0.2694000000000001
Ba3Nb2CdO9,2,2.8138,3.005,2.9093999999999998,0.13519881656286792,0.19119999999999981
Ba3Nb2CoO9,3,1.3074999999999997,2.5805,1.8585999999999998,0.6534613454520474,1.2730000000000001
Ba3Nb2NiO9,2,2.680799999999999,2.918,2.7993999999999994,0.1677257284974499,0.23720000000000097
Ba3Nb2O8,2,4.821,7.36858865114,6.09479432557,1.8014172108949835,2.54758865114
Ba3Nb2ZnO9,5,2.7287,4.7355192218,3.2293038443599995,0.8466675091270923,2.0068192218
Ba3NiRu2O9,2,0.169,1.0036,0.5863,0.5901513195782926,0.8346
Ba3NiSb2O9,2,0.629,0.7484500000000001,0.688725,0.08446390501273314,0.11945000000000006
Ba3Sr(SnO3)4,2,0.5104999999999991,0.594,0.5522499999999995,0.05904341622907732,0.0835000000000009
Ba3SrNb2O9,3,3.0220000000000002,3.4819,3.201233333333333,0.2461575579447708,0.45989999999999975
Ba3SrSb2O9,3,1.4289999999999998,3.1456,2.5689333333333333,0.9872339607880867,1.7166000000000001
Ba3SrTa2O9,4,3.53,3.9238,3.773075,0.1700694637493751,0.39380000000000015
Ba3Ta2CdO9,4,3.4856,3.701,3.593725,0.0882548346173361,0.21540000000000026
Ba3Ta2CoO9,2,2.038,2.229399999999999,2.1336999999999993,0.13534023791910457,0.19139999999999935
Ba3Ta2MnO9,2,2.326,2.3396,2.3327999999999998,0.009616652224136771,0.013599999999999834
Ba3Ta2NiO9,4,1.283,3.52,2.9172000000000002,1.0915550344958944,2.237
Ba3Ta2ZnO9,2,3.348799999999999,3.596,3.4723999999999995,0.17479679630931538,0.2472000000000012
Ba3Ti2O7,2,1.802,3.53777168531,2.669885842655,1.227375929274303,1.73577168531
Ba3Ti3(BO6)2,3,2.1313,2.5512,2.2848333333333333,0.23157617177363768,0.41990000000000016
Ba3UIn2O9,2,1.473,1.4756999999999996,1.4743499999999998,0.001909188309203311,0.0026999999999994806
Ba3V2O8,2,3.9365,5.27536997769,4.605934988845,0.9467240403516803,1.3388699776899995
Ba3ZnSb2O9,2,0.43299999999999983,1.968499999999999,1.2007499999999993,1.085762462511943,1.5354999999999992
Ba3Zr2O7,2,3.2545,5.89590811455,4.575204057275,1.8677575896794778,2.64140811455
Ba4CaTi5O15,2,1.709,1.714699999999999,1.7118499999999996,0.004030508652762485,0.005699999999998928
Ba4CaZr5O15,2,3.0805499999999997,3.253,3.166775,0.12194056441562043,0.17245000000000044
Ba4CeMn3O12,3,1.517,1.9704000000000002,1.7842,0.23730495148647882,0.45340000000000025
Ba4Li(SbO4)3,3,1.454399999999999,3.70058192701,2.34699397567,1.1919395523723568,2.246181927010001
Ba4LiNb3O12,3,2.56635,2.787,2.65945,0.11428782743582101,0.22065
Ba4LiTa3O12,4,3.0140000000000002,3.2051,3.1213499999999996,0.08083854278745989,0.1910999999999996
Ba4Na(RuO4)3,2,0.368,0.6996,0.5338,0.2344766086414592,0.3316
Ba4Na(SbO4)3,3,1.51525,1.852,1.6276833333333334,0.19426412647046637,0.3367500000000001
Ba4SrHf5O15,2,3.592599999999999,3.665,3.6287999999999996,0.051194530957906687,0.07240000000000091
Ba4Ti2PtO10,2,1.9973,2.012,2.00465,0.010394469683442046,0.014699999999999935
Ba4Zr3TiO12,2,1.7076,1.778,1.7428,0.04978031739553288,0.07040000000000002
Ba5Li2(WO5)3,2,2.0695,2.291499999999999,2.1804999999999994,0.15697770542341308,0.2219999999999991
Ba6Nb3HO14,2,3.4195,3.4469,3.4332000000000003,0.01937472580451131,0.027399999999999647
Ba6Y2Ti4O17,2,2.6243,3.0308,2.82755,0.2874389065523318,0.4065000000000003
Ba9Sc2(SiO4)6,2,4.3422,4.5091,4.42565,0.11801612178003482,0.16690000000000005
Ba9Y2(SiO4)6,2,4.5982,4.611,4.6046,0.009050966799187125,0.012799999999999478
BaAl2(GeO4)2,2,3.4689,4.0798,3.77435,0.4319715326268614,0.6108999999999996
BaAl2(SiO4)2,3,4.8004999999999995,5.126,4.981833333333333,0.16590233070494662,0.3255000000000008
BaAl2B2O7,5,4.6477,8.77266881851,5.540753763702,1.8102015149817057,4.12496881851
BaAl2Sb2O7,5,3.292,5.57978223518,3.8451264470360003,0.9732303088236428,2.28778223518
BaCa(SnO3)2,2,1.8419999999999996,3.23755869471,2.539779347355,0.9868090165732883,1.3955586947100005
BaCaTi2O6,2,1.746,3.83482990843,2.790414954215,1.4770257929961281,2.08882990843
BaCaZr2O6,3,3.1767,6.31128222595,4.2583274086500005,1.7787661830343129,3.1345822259500005
BaCo(SeO3)2,3,2.128,3.4535,2.8275,0.6657997071191906,1.3255
BaCo2(AsO4)2,3,0.8180000000000001,2.6322,1.9297333333333333,0.9738864478640892,1.8142
BaCo2(PO4)2,3,0.551,2.958,1.931033333333333,1.241734393231231,2.407
BaCu(SeO3)2,3,0.498,1.572,0.8781666666666667,0.6017965464617867,1.074
BaCu(SiO3)2,3,0.417,1.5575,0.8623999999999997,0.6098750937692081,1.1405
BaCu2(PO4)2,2,0.3255,1.4324,0.8789499999999999,0.7826964960953894,1.1069
BaCu2Ge2O7,2,0.21399999999999902,0.98855,0.6012749999999996,0.5476895573680411,0.774550000000001
BaEuZr2O6,2,0.23850000000000002,3.4735,1.856,2.2874904371384814,3.235
BaFe2(PO4)2,2,0.3884999999999998,3.5212,1.9548499999999998,2.2151534134230975,3.1327000000000003
BaGa2(GeO4)2,3,2.9409,3.332699999999999,3.1468666666666665,0.19667440945210216,0.39179999999999904
BaGa2(SiO4)2,2,3.95385,4.1576,4.055725000000001,0.14407300666675896,0.20375000000000032
BaGa2B2O7,4,3.984199999999999,4.252,4.1244749999999994,0.12680145569616594,0.2678000000000007
BaGd2Sc2O7,2,2.9688,3.6147,3.29175,0.45672026996839116,0.6459000000000001
BaGeO3,2,3.414,6.72184139324,5.06792069662,2.338997080249561,3.30784139324
BaHf(BO3)2,2,4.7103,4.862,4.78615,0.10726809870599922,0.15169999999999995
BaHfO3,2,3.6985,6.643999752665,5.171249876332499,2.082782849092719,2.9454997526649995
BaLa2In2O7,2,2.6389,2.7356,2.6872499999999997,0.06837722574073915,0.09669999999999979
BaLa2Sc2O7,2,3.6458,3.7966,3.7212,0.10663170260293155,0.15080000000000027
BaLaTiInO6,2,3.2189999999999994,5.08408953779,4.151544768895,1.3188174596913929,1.8650895377900003
BaLi2Ti6O14,2,2.896,2.9428,2.9194,0.033092597359530546,0.046800000000000175
BaMg2V2O8,4,3.406,3.788,3.5788,0.15806827638713591,0.3819999999999997
BaMn2V2O8,2,2.2123,2.243,2.2276499999999997,0.02170817818242713,0.03069999999999995
BaNd2In2O7,3,2.384599999999999,3.0980000000000003,2.684533333333333,0.3700030450325157,0.7134000000000014
BaNd2Sc2O7,3,3.5251,3.7550000000000003,3.6373333333333338,0.11504626605558901,0.22990000000000022
BaNi2(AsO4)2,4,1.0,3.282,2.45715,1.0021468737997774,2.282
BaNi2(PO4)2,3,0.85,4.031,2.7226666666666666,1.66389432757412,3.1809999999999996
BaPd(SeO3)2,3,1.638,1.6510999999999991,1.6428666666666665,0.007169611797951585,0.013099999999999223
BaSnO3,2,1.588,2.38257011711,1.9852850585550001,0.5618459179366703,0.7945701171100001
BaSr(SnO3)2,4,0.6913999999999996,2.66476181518,1.4449154537949997,0.9244302871100242,1.9733618151800003
BaSr2(SnO3)3,2,1.359999999999999,1.418,1.3889999999999993,0.04101219330882034,0.05800000000000094
BaSr3(SnO3)4,2,1.228599999999999,1.578,1.4032999999999995,0.24706310934658046,0.34940000000000104
BaSr3Ti4O12,3,1.7434,1.7949999999999997,1.7761333333333333,0.02845792215417926,0.051599999999999646
BaSr3Zr4O12,2,3.2710000000000004,3.4848,3.3779000000000003,0.1511794298176837,0.21379999999999955
BaSrHf2O6,3,3.748199999999999,6.70341750391,4.794872501303333,1.6554291830915517,2.955217503910001
BaSrMn2O6,2,0.789099999999999,0.923,0.8560499999999995,0.09468159800087943,0.13390000000000102
BaSrTi2O6,3,1.7175,3.77308211791,2.422194039303333,1.1702689918096645,2.0555821179100002
BaSrZr2O6,2,3.1464,6.2598673261,4.70313366305,2.201553859288058,3.1134673261000003
BaTeO3,2,2.879415400065,3.534,3.2067077000325,0.4628612094743214,0.6545845999349997
BaTi(BO3)2,5,2.3575,4.57959943141,2.916249886282,0.9555705885061432,2.22209943141
BaTi2GeO6,2,1.9259999999999997,3.19010677697,2.558053388485,0.8938584741393578,1.2641067769700003
BaTi2PbO6,2,1.7850000000000001,3.64716966973,2.7160848348649997,1.3167528011859961,1.8621696697299996
BaTiO3,2,1.798,4.0,2.899,1.5570491321727775,2.202
BaV2(CoO4)2,2,2.1879999999999997,2.8352500000000003,2.511625,0.4576748641229933,0.6472500000000005
BaV2(CuO4)2,2,0.1615,1.3744,0.76795,0.8576498149011635,1.2129
BaV2(NiO4)2,3,0.266,2.748,1.7916666666666667,1.3353600013978755,2.482
BaZn2(AsO4)2,2,2.764,3.1532,2.9585999999999997,0.2752059592378043,0.3892000000000002
BaZn2(PO4)2,3,4.0373,4.5024,4.248566666666666,0.23545369679266714,0.4650999999999996
BaZn2Si2O7,2,3.2750000000000004,3.547,3.4110000000000005,0.19233304448274094,0.2719999999999998
BaZr(BO3)2,4,4.1173,4.3565000000000005,4.2156,0.11083450124697958,0.2392000000000003
BaZr2PbO6,2,3.514,5.73920958123,4.626604790615,1.5734607844490107,2.22520958123
BaZr2SnO6,2,2.82285,5.11291869589,3.967884347945,1.619323104246853,2.2900686958900005
BaZr5Pb4O15,2,2.852,2.9226,2.8872999999999998,0.04992173875177056,0.07060000000000022
BaZrO3,2,3.315,6.14697487726,4.73098743863,2.0025086398604866,2.83197487726
Ca2AgSbO6,3,0.535399999999999,0.691,0.6167999999999997,0.07804947149084408,0.15560000000000096
Ca2AgWO6,2,0.0644,0.6859999999999997,0.37519999999999987,0.43953757518555775,0.6215999999999997
Ca2Al2SiO7,3,3.9802,4.519,4.262666666666667,0.2703489843393784,0.5388000000000002
Ca2Al2Sn2O9,2,2.4409,2.8373,2.6391,0.28029712806234736,0.39639999999999986
Ca2BiSbO6,3,0.93,2.41,1.6871,0.7405924857841862,1.48
Ca2CoSbO6,2,0.6627000000000001,1.1139999999999999,0.88835,0.31911729034948877,0.4512999999999998
Ca2CoSi2O7,3,0.94,3.69575,2.5733,1.4471576650455193,2.75575
Ca2CoTeO6,2,1.6102999999999992,2.0785,1.8443999999999996,0.33106739495154214,0.46820000000000084
Ca2CoWO6,2,1.2934999999999999,1.3479499999999995,1.3207249999999997,0.038501964235607276,0.054449999999999665
Ca2CrOsO6,2,0.17249999999999902,0.6004999999999996,0.3864999999999993,0.30264170234784277,0.4280000000000006
Ca2CrSbO6,3,0.218,1.9929999999999994,1.3215,0.9631325194385245,1.7749999999999995
Ca2CrWO6,2,0.857,1.7273499999999995,1.2921749999999999,0.6154303870057114,0.8703499999999995
Ca2CuSbO6,3,0.343199999999999,0.628,0.47306666666666636,0.1440451780981698,0.284800000000001
Ca2DySbO6,2,3.1986,3.809,3.5038,0.4316179792362688,0.6104000000000003
Ca2FeBiO6,2,0.4893,0.569999999999999,0.5296499999999995,0.05706351724175361,0.08069999999999894
Ca2FeMoO6,2,0.821,1.1193,0.97015,0.21092995282794713,0.2983
Ca2FeSbO6,2,1.4904999999999995,1.7574999999999998,1.6239999999999997,0.18879751057680844,0.26700000000000035
Ca2FeWO6,4,0.365,2.7594000000000003,1.642675,1.0090477074119606,2.3944
Ca2Ga2GeO7,2,3.0602,3.296,3.1780999999999997,0.16673577900378758,0.2357999999999998
Ca2GaSi2O7,2,0.19459999999999902,0.223,0.2087999999999995,0.020081832585698643,0.02840000000000098
Ca2GdSbO6,2,3.686,3.8144,3.7502,0.09079251070435275,0.12840000000000007
Ca2GdTaO6,3,3.503,3.8419999999999996,3.6468000000000003,0.175247596274528,0.3389999999999995
Ca2HfGeO6,2,4.622,6.97533637248,5.7986681862400005,1.6640601073935593,2.3533363724800003
Ca2HfSiO6,2,4.776,7.33948488361,6.057742441805,1.8126575446698385,2.56348488361
Ca2HfSnO6,3,3.5477,6.5458994174,4.7951998058,1.5611558122244857,2.9981994174000004
Ca2HfTiO6,3,2.4866,5.23913279983,3.5175775999433334,1.500593972296509,2.75253279983
Ca2HfZrO6,3,3.4088,7.01965591617,4.81048530539,1.936128740722207,3.61085591617
Ca2HoTaO6,2,3.918,4.054699999999999,3.9863499999999994,0.09666149698819998,0.1366999999999985
Ca2InOsO6,2,0.169499999999999,0.4020000000000001,0.28574999999999956,0.16440232662587304,0.23250000000000107
Ca2InSbO6,2,1.4198,2.266,1.8429,0.5983537582400565,0.8462000000000001
Ca2LaRuO6,2,0.3334999999999999,0.48349999999999904,0.4084999999999995,0.10606601717798152,0.14999999999999913
Ca2LaSbO6,3,3.404,3.863,3.584333333333333,0.24479038652147567,0.4590000000000001
Ca2LaTaO6,2,4.0074,4.061,4.0342,0.03790092347159885,0.053600000000000314
Ca2MgWO6,3,3.335,3.6923,3.486666666666667,0.18466218706961457,0.35729999999999995
Ca2MnSbO6,3,0.74,1.1464499999999995,0.9463166666666663,0.20329553815402157,0.40644999999999953
Ca2MnWO6,2,1.1069999999999998,2.5151,1.8110499999999998,0.9956770585887776,1.4081000000000001
Ca2NbCrO6,2,2.2325,2.7637,2.4981,0.3756151221662941,0.5312000000000001
Ca2NbFeO6,2,1.721,2.087099999999999,1.9040499999999996,0.25887179259239435,0.366099999999999
Ca2NbInO6,2,3.463199999999999,3.602,3.5325999999999995,0.0981464212286933,0.1388000000000007
Ca2NdNbO6,2,3.0549999999999997,3.5065,3.28075,0.3192587117057264,0.45150000000000023
Ca2NdTaO6,2,3.8029999999999995,4.256600000000001,4.0298,0.3207436359462186,0.4536000000000011
Ca2NiWO6,2,1.5012999999999992,2.9295,2.2154,1.0098899048906276,1.4282000000000008
Ca2PdWO6,2,0.7685,1.2808,1.0246499999999998,0.3622508040018682,0.5123
Ca2SbWO6,2,0.489,1.4767000000000001,0.98285,0.698409367777953,0.9877000000000001
Ca2ScNbO6,3,3.1457,3.203,3.1659,0.032171882133316086,0.057299999999999685
Ca2ScSbO6,2,3.6317999999999993,4.0225,3.8271499999999996,0.27626661940958464,0.3907000000000007
Ca2ScTaO6,3,3.7075,3.777,3.739433333333333,0.035090787015018034,0.06950000000000012
Ca2SiGeO6,2,2.6885,4.17127835894,3.42988917947,1.048482632603135,1.4827783589400005
Ca2SiSnO6,2,3.0970000000000004,4.52379473427,3.810397367135,1.0088962319635748,1.4267947342699996
Ca2SnGeO6,2,2.3765,3.50385322095,2.940176610475,0.7971591073262412,1.12735322095
Ca2SnWO6,2,0.4980000000000002,1.7615,1.12975,0.8934294180292026,1.2634999999999998
Ca2TaAgO6,3,0.44970000000000004,0.662,0.5747333333333334,0.11107458455170262,0.2123
Ca2TaBiO6,3,1.7981999999999991,2.5005,2.0509,0.3903633307573859,0.702300000000001
Ca2TaCoO6,2,0.361199999999999,1.2365,0.7988499999999995,0.6189305655725857,0.8753000000000009
Ca2TaCrO6,2,2.6429999999999993,2.7137,2.6783499999999996,0.049992449429889216,0.07070000000000043
Ca2TaFeO6,2,1.2064,1.8885,1.54745,0.4823175354473442,0.6821000000000002
Ca2TaInO6,2,3.864,4.034,3.949,0.12020815280171303,0.16999999999999993
Ca2TaMnO6,2,0.4336,0.747,0.5903,0.22160726522386395,0.3134
Ca2TaMoO6,2,0.314,1.4283000000000001,0.8711500000000001,0.78792908627617,1.1143
Ca2TaSbO6,3,0.8163,1.665,1.1234333333333335,0.47041701003825676,0.8487
Ca2TaVO6,2,0.43149999999999905,1.068,0.7497499999999996,0.45007346622523825,0.636500000000001
Ca2TbSbO6,2,3.175799999999999,3.9170000000000003,3.5463999999999993,0.5241075462154702,0.7412000000000014
Ca2TeWO6,2,0.8788499999999996,1.1709999999999998,1.0249249999999996,0.20658124612365006,0.29215000000000024
Ca2TiCrO6,2,0.626,1.1492,0.8876,0.36995826791680164,0.5232
Ca2TiGeO6,2,2.885,4.80242891941,3.8437144597049997,1.355826991358005,1.9174289194099998
Ca2TiMnO6,2,1.3584999999999998,1.411,1.38475,0.0371231060122939,0.05250000000000021
Ca2TiSiO6,5,2.3708,4.56385527899,2.9523310557979996,0.9156166409063108,2.19305527899
Ca2TiSnO6,2,3.101,5.02139504276,4.0611975213800005,1.3579243572926263,1.92039504276
Ca2V2PbO8,2,3.019,3.2257,3.12235,0.14615897167125913,0.20669999999999966
Ca2VBiO6,4,1.8692499999999992,3.0163,2.3747625,0.587266486039345,1.147050000000001
Ca2VIrO6,2,0.41999999999999993,0.4312,0.4256,0.007919595949289402,0.011200000000000099
Ca2VMoO6,2,0.318,0.6962,0.5071,0.2674277846447523,0.37820000000000004
Ca2VWO6,2,0.5115,0.9519499999999994,0.7317249999999997,0.3114451817736145,0.44044999999999945
Ca2YBiO6,2,1.9322499999999991,2.38,2.1561249999999994,0.31660706127627725,0.44775000000000076
Ca2YNbO6,2,3.304,3.3203,3.31215,0.011525840533340869,0.016300000000000203
Ca2ZnGe2O7,3,3.0488,3.2699,3.149233333333333,0.11193008234310058,0.22109999999999985
Ca2ZnSi2O7,2,4.0553,4.335,4.19515,0.1977777666978774,0.27970000000000006
Ca2ZrGeO6,2,4.2445,6.33628086702,5.29039043351,1.4791124358261174,2.0917808670199998
Ca2ZrSiO6,2,4.1185,6.89156476126,5.50503238063,1.9608528973564006,2.7730647612599997
Ca2ZrSnO6,3,3.5577,6.68808316064,4.77209438688,1.6789879975392201,3.1303831606399997
Ca2ZrTiO6,3,2.393299999999999,5.26054136013,3.4832804533766666,1.5522673965864457,2.8672413601300013
Ca3Al2(SiO4)3,3,4.9993,5.319,5.151866666666667,0.16034700911876493,0.3197000000000001
Ca3Co2(GeO4)3,2,0.986,2.112999999999999,1.5494999999999997,0.7969093423972384,1.1269999999999991
Ca3Cr2(SiO4)3,2,3.1646,3.247699999999999,3.2061499999999996,0.05876057351660144,0.08309999999999906
Ca3Cr3(PO4)4,2,3.0996,3.252199999999999,3.1758999999999995,0.10790449480906626,0.15259999999999874
Ca3Fe2(GeO4)3,2,2.1653000000000002,2.4715,2.3184,0.21651609639932057,0.3061999999999996
Ca3Fe2(SiO4)3,2,2.3955,2.6416999999999993,2.5185999999999997,0.17408968952812734,0.2461999999999991
Ca3Ga2(GeO4)3,2,3.145,3.172099999999999,3.1585499999999995,0.01916259377015474,0.027099999999999014
Ca3Ga2(SiO4)3,2,4.3289,4.4117999999999995,4.37035,0.05861915216036414,0.08289999999999953
Ca3Ge2O7,2,2.279,2.4202300082150003,2.3496150041075,0.09986469651585862,0.14123000821500042
Ca3HfSi2O9,2,4.6827,4.7635000000000005,4.7231000000000005,0.05713422791987334,0.08080000000000087
Ca3In2(SiO4)3,2,3.7776,3.8105,3.7940500000000004,0.023263813101037364,0.03290000000000015
Ca3Mn2(GaO5)2,2,0.1754499999999995,0.34,0.25772499999999976,0.11635442084424677,0.16455000000000053
Ca3Mn2(Si2O7)2,2,1.5328,1.9055,1.71915,0.26353869734822627,0.37270000000000003
Ca3Sc2(GeO4)3,3,3.4351,6.49260135508,4.513833785026667,1.7159907472714064,3.05750135508
Ca3Sc2(SiO4)3,2,4.2109,4.2268,4.21885,0.01124299782086628,0.015900000000000247
Ca3Si2SnO9,3,3.0992,3.659,3.4477999999999995,0.30414318996157025,0.5597999999999996
Ca3Sn2O7,2,2.642,3.04374467924,2.84287233962,0.2840763869962185,0.4017446792400001
Ca3Ti2O7,2,1.814,3.89142880331,2.852714401655,1.4689639942527555,2.07742880331
Ca3V2O8,2,3.5635,4.8102110274,4.1868555137,0.8815578216545881,1.2467110274000004
Ca3Y2(GeO4)3,2,3.2159,3.426599999999999,3.3212499999999996,0.148987398796005,0.21069999999999922
Ca3Zn3(TeO6)2,2,2.1553500000000003,2.30315,2.2292500000000004,0.10451038225937168,0.1477999999999997
Ca3ZnGe5O14,2,2.4999000000000002,2.588,2.54395,0.062296107422534726,0.08809999999999985
Ca3Zr2O7,2,3.374,6.51065396786,4.94232698393,2.217949290909497,3.1366539678599996
Ca3ZrSi2O9,2,4.4592,4.4939,4.47655,0.02453660530717348,0.03469999999999995
Ca4Al6MoO16,2,3.742,3.8095499999999998,3.775775,0.04776506306915113,0.06754999999999978
Ca4Al6SO16,3,4.4998000000000005,4.7185,4.596333333333334,0.11158056879821526,0.21869999999999923
Ca4Al6WO16,3,1.153,3.9742,3.006233333333333,1.6054797299665082,2.8212
CaAl12Si4O27,2,5.236199999999999,5.2441,5.24015,0.005586143571374523,0.007900000000001128
CaAl2(SiO4)2,3,4.7075,4.814299999999999,4.774933333333333,0.05867165698472557,0.10679999999999978
CaAl2B2O7,4,4.8228,5.031,4.89555,0.09714832302549851,0.20819999999999972
CaAl2SiO6,3,4.549800000000001,4.974,4.830933333333333,0.24348144350921894,0.424199999999999
CaAlB3O7,3,5.376600000000001,5.3863,5.380966666666667,0.0049217205663605375,0.009699999999999598
CaCo(SiO3)2,3,1.215,4.0407,2.4433,1.4485583281318015,2.8257000000000003
CaCo2(PO4)2,2,0.234,2.5259,1.37995,1.6206180318014483,2.2919
CaCr(SiO3)2,2,1.8869999999999996,2.6023,2.24465,0.505793480582738,0.7153000000000005
CaCr2(PO4)2,2,2.0451,2.160599999999999,2.1028499999999997,0.08167083322704556,0.11549999999999905
CaCu(SiO3)2,2,0.22599999999999998,0.48280000000000006,0.35440000000000005,0.18158502140870547,0.2568000000000001
CaCu3(GeO3)4,4,0.7027999999999991,1.7196500000000001,1.1353624999999998,0.4661462348787846,1.0168500000000011
CaCu3(PtO3)4,2,0.595,0.6152,0.6051,0.014283556979968257,0.020199999999999996
CaCu3(SnO3)4,3,0.39970000000000006,0.727,0.61315,0.1849903848852691,0.3272999999999999
CaEu2WO6,2,0.6178,3.1775,1.89765,1.809981227803206,2.5597000000000003
CaFe(GeO3)2,3,1.2116,1.8711000000000002,1.5275666666666667,0.33061307193354206,0.6595000000000002
CaFe(SiO3)2,4,0.17,3.642499999999999,2.420975,1.540024286334472,3.4724999999999993
CaFe3(SiO3)4,2,2.9331,3.7989999999999995,3.3660499999999995,0.6122837618294313,0.8658999999999994
CaGeO3,2,2.1875,2.610558202085,2.3990291010425002,0.29914732353089246,0.423058202085
CaHfO3,2,4.285,7.154633088564999,5.7198165442825,2.0291370164416076,2.869633088564999
CaLa2CoO6,2,0.7228000000000001,1.4329999999999998,1.0779,0.5021872359986858,0.7101999999999997
CaLa2MnO6,2,2.347200000000001,2.4909999999999997,2.4191000000000003,0.10168195513462469,0.14379999999999882
CaLa2SnO6,3,3.892799999999999,4.326,4.164599999999999,0.23676291939406446,0.4332000000000007
CaLa2TiO6,2,3.1705,3.1925,3.1814999999999998,0.01555634918610406,0.021999999999999797
CaLa2VO6,2,1.7330000000000005,1.785899999999999,1.7594499999999997,0.03740594872476723,0.05289999999999839
CaLa2ZrO6,2,2.2496,4.458,3.3538,1.5615746155723715,2.2084
CaLaAl3O7,2,4.3934999999999995,4.438,4.415749999999999,0.0314662517628012,0.044500000000000206
CaLaGa3O7,2,3.2684,3.411,3.3397,0.10083342699720156,0.14259999999999984
CaMgTi2O6,2,3.678,4.78693075211,4.232465376055,0.7841324546832793,1.10893075211
CaMn(GeO3)2,3,0.379,1.5998999999999999,1.1889666666666667,0.7014769442635542,1.2208999999999999
CaMn(SiO3)2,4,1.814,3.357,2.8759875,0.7228822315045516,1.5430000000000001
CaMn4(SiO3)5,2,2.9405,3.2266,3.08355,0.20230325009747127,0.2860999999999998
CaNdAl3O7,2,4.2799,4.35,4.31495,0.04956818536117701,0.07010000000000005
CaNi(GeO3)2,2,2.6744000000000003,3.0140000000000002,2.8442000000000003,0.24013346289095147,0.3395999999999999
CaNi2(PO4)2,2,3.1073,3.968,3.53765,0.6086068065672613,0.8607
CaPrAl3O7,2,4.2872,4.34,4.3136,0.037335238046649365,0.052799999999999514
CaSi2NiO6,4,1.291,4.666,3.5202875000000002,1.514545606430633,3.3750000000000004
CaSmAl3O7,2,4.2347,4.447,4.34085,0.15011876964590368,0.21229999999999993
CaSn(BO3)2,3,3.1763,3.979,3.6207333333333334,0.4082282980555529,0.8027000000000002
CaSn(GeO3)2,2,1.702,1.8254999999999995,1.7637499999999997,0.08732768747653827,0.1234999999999995
CaSnO3,2,2.5780000000000003,3.0,2.789,0.29839906166072283,0.4219999999999997
CaTeO3,2,0.7195000000000001,1.0,0.85975,0.19834345212282645,0.28049999999999986
CaTi(GeO3)2,2,1.8575499999999994,3.24883608199,2.5531930409949997,0.9837878231455923,1.3912860819900006
CaTi2FeO6,2,1.3812,1.6566,1.5189,0.1947372075387752,0.2754000000000001
CaTi2PbO6,2,2.1159499999999998,3.75963644226,2.9377932211299997,1.1622618294664366,1.6436864422600004
CaTi4(CuO4)3,2,0.891,1.2233,1.05715,0.23497158338828977,0.33230000000000004
CaTi4(FeO4)3,3,1.347,2.0071,1.659633333333333,0.33142574331716196,0.6600999999999999
CaTi4(PdO4)3,3,0.519,0.5335000000000001,0.5241666666666668,0.008098353742170931,0.014500000000000068
CaTiO3,2,2.3195,4.14823084524,3.23386542262,1.2931079816342106,1.8287308452399995
CaV(SiO3)2,2,1.8088499999999996,2.226,2.017425,0.2949695937719685,0.41715000000000035
CaYAl3O7,2,4.239249999999999,4.304,4.271625,0.045785164081829956,0.06475000000000097
CaYGa3O7,2,3.1464,3.169,3.1577,0.015980613254816256,0.022600000000000176
CaZn(CO3)2,2,3.9421,4.165,4.0535499999999995,0.15761410152648184,0.2229000000000001
CaZn(GeO3)2,3,2.4804,2.7041,2.6201666666666665,0.12185418882144902,0.2237
CaZn(SiO3)2,4,4.056599999999999,4.48945,4.3342624999999995,0.19040674609460012,0.43285000000000107
CaZn2(PO4)2,3,3.787199999999999,6.83860113147,4.981100377156666,1.6303485246124378,3.051401131470001
CaZnSi3O8,2,4.3077,4.388,4.347849999999999,0.05678067452927964,0.08030000000000026
CaZr2PbO6,2,3.131399999999999,5.92173131312,4.526565656559999,1.973062193264316,2.7903313131200007
CaZrO3,2,3.7150000000000003,6.669300615765,5.1921503078825,2.089005999071024,2.9543006157649994
CdGe(BiO3)2,3,1.9139,2.0307499999999994,1.9575499999999997,0.06378387335369312,0.11684999999999945
Co8Te(AsO8)2,2,0.8668,1.2226,1.0447,0.2515885927461735,0.3557999999999999
CoTe(PbO3)2,3,1.6060999999999992,1.733,1.6488999999999996,0.07283659794361648,0.1269000000000009
CrFe(BiO3)2,2,1.812,1.923,1.8675000000000002,0.07848885271170669,0.11099999999999999
CsLaVInO6,2,1.96,2.38527974228,2.17263987114,0.3007181896674552,0.4252797422799999
CsYAlVO6,2,1.37314947248,2.295,1.8340747362399998,0.6518467592497881,0.92185052752
Eu2NbBiO6,2,0.46264999999999956,1.952,1.2073249999999998,1.0531294845601848,1.4893500000000004
Eu2YNbO6,2,0.2671,3.3280000000000003,1.7975500000000002,2.1643831465339036,3.0609
Eu2YTaO6,2,0.5364,3.942,2.2392000000000003,2.4081228540089064,3.4056
Fe3Co(BiO3)4,2,0.7248000000000001,1.4219999999999997,1.0734,0.49299484784326064,0.6971999999999996
FeTe3BrO7,2,1.0909,1.7729,1.4319,0.48224682476922537,0.6819999999999999
FeTe3ClO7,2,2.0779,2.2711,2.1745,0.136613030125241,0.19320000000000004
Ga2Fe2Bi2O9,2,1.741,1.7606,1.7508,0.013859292911256139,0.01959999999999984
GaBiO3,2,2.612,4.1,3.356,1.0521748904055823,1.4879999999999995
K2MnV2O7,2,2.41,2.4432,2.4266,0.023475945135393302,0.033199999999999896
K2SrTa2O7,5,2.0748,4.17768095745,2.58619619149,0.8953275612664681,2.1028809574499996
K2ZrGe2O7,3,3.8387,7.13775139288,4.963750464293333,1.8831244862254242,3.2990513928800005
K4Ca(WO4)3,2,0.445,2.4664,1.4557,1.4293456474904873,2.0214000000000003
KIn(GeO3)2,3,2.3143000000000002,2.753,2.512766666666667,0.22231231035040167,0.43869999999999987
KTi2BiO6,2,1.377,1.639,1.508,0.18526197667087546,0.262
La2AlInO6,2,3.5845000000000002,6.52367276533,5.054086382665,2.07830899344366,2.9391727653299995
La2MnCrO6,2,0.7289999999999996,0.8678499999999996,0.7984249999999996,0.09818177656775207,0.13884999999999992
Li2CaTa2O7,3,2.4050000000000002,2.4847,2.4372333333333334,0.04197693811288917,0.07969999999999988
Li4Ti(TeO4)3,2,1.641099999999999,1.699,1.6700499999999994,0.04094148263070185,0.05790000000000117
LiCa2ReO6,2,1.5831,2.209,1.89605,0.4425781343446602,0.6259000000000001
LiTi2BiO6,2,2.65,2.709699999999999,2.679849999999999,0.04221427483683632,0.059699999999998976
LiY3WO8,2,2.616,3.08085,2.8484249999999998,0.32869858723456663,0.46484999999999976
LiYMo3O8,3,1.327,1.6165,1.4448333333333334,0.152072625193798,0.2895000000000001
Mg2BiSbO6,2,1.3876,2.6580000000000004,2.0228,0.8983084548193903,1.2704000000000004
Mg2TaBiO6,3,2.0892,3.1409999999999996,2.458733333333333,0.5915424019741384,1.0517999999999996
Mg2VBiO6,4,3.116,3.3495,3.2206375,0.09966272602298869,0.23349999999999982
MgMn(GeO3)2,2,0.208,1.4848499999999996,0.8464249999999998,0.9028692935580429,1.2768499999999996
MgTi(BiO3)2,2,2.752,2.7861000000000002,2.76905,0.0241123412384616,0.03410000000000046
Mn3Al2(SiO4)3,2,3.57475,3.7426999999999992,3.6587249999999996,0.11875858390028023,0.16794999999999938
Mn3Co3(TeO6)2,2,0.11,1.444999999999999,0.7774999999999995,0.9439875528840402,1.3349999999999989
MnCo(BiO3)2,2,0.7568,0.7685000000000004,0.7626500000000003,0.008273149339882832,0.011700000000000377
Na2ZrGe2O7,2,3.6355,3.6953,3.6654,0.042284985514955596,0.059800000000000075
Na5Y(MoO4)4,2,3.8128,3.9433,3.87805,0.09227743494484418,0.13049999999999962
Na5Y(WO4)4,2,4.5431,4.756799999999999,4.64995,0.15110871913956472,0.21369999999999933
NaFe(TeO3)2,2,1.0419999999999998,2.1497,1.59585,0.783262181520339,1.1077000000000004
NaIn(GeO3)2,2,1.6755,2.3627000000000002,2.0191,0.48592378003139547,0.6872000000000003
NaLaVInO6,2,2.2190000000000003,2.54432299669,2.381661498345,0.23003809703542757,0.32532299668999975
NaSr2ReO6,2,1.7730000000000001,2.128,1.9505000000000001,0.25102290732122434,0.355
NaSr4(SbO4)3,2,2.254,2.3127,2.28335,0.04150716805565032,0.058699999999999974
NaTi2BiO6,2,2.349,2.7382,2.5436,0.27520595923780417,0.38919999999999977
NaYAlVO6,2,2.22543448828,2.3719999999999994,2.2987172441399997,0.10363746722528808,0.14656551171999954
Nd2MnCrO6,2,0.7270000000000003,0.7902,0.7586000000000002,0.044689148570989594,0.0631999999999997
Rb2MnV2O7,2,2.6012999999999993,2.602,2.6016499999999994,0.0004949747468308427,0.000700000000000589
RbYNbAlO6,2,3.1770000000000005,4.58156031306,3.87928015653,0.9931741219502256,1.4045603130599993
ScBiO3,2,2.7975000000000003,3.2,2.9987500000000002,0.2846104794275853,0.40249999999999986
Sr2Al2SiO7,2,4.2023,4.274,4.23815,0.05069955621107537,0.07169999999999987
Sr2AlSbO6,3,1.8987,2.4815,2.122733333333333,0.31389291698496996,0.5828
Sr2BiSbO6,2,1.81725,2.2315,2.024375,0.29291898410652734,0.41425
Sr2CaMoO6,4,2.0444,2.302249999999999,2.1736625,0.12219624499822634,0.257849999999999
Sr2CaTeO6,2,3.2142,3.6455,3.42985,0.30497515472575815,0.43130000000000024
Sr2CaTi3O9,2,1.94265,1.9665,1.954575,0.016864496731299108,0.023849999999999927
Sr2CaWO6,5,2.786,4.66713362731,3.374906725462,0.7571677105048461,1.8811336273100001
Sr2CdWO6,5,2.989,4.78344160966,3.5092683219320002,0.7288958201364367,1.7944416096599998
Sr2Co(SeO3)3,3,0.131,3.4153,2.1696666666666666,1.7799811862301615,3.2843
Sr2CoGe2O7,2,2.2496,2.558,2.4038,0.21807173131793112,0.3083999999999998
Sr2CoMoO6,3,0.46019999999999955,1.5857,1.0144666666666664,0.5629417939124202,1.1255000000000006
Sr2CoSbO6,2,0.29350000000000004,0.914,0.60375,0.43875975772625275,0.6205
Sr2CoTeO6,2,1.509999999999999,1.6705,1.5902499999999995,0.11349063838044172,0.1605000000000012
Sr2CoWO6,3,1.409,2.2588,1.755733333333333,0.44594853215739316,0.8497999999999999
Sr2CrBiO6,2,0.272699999999999,0.9804999999999999,0.6265999999999995,0.500490179723839,0.7078000000000009
Sr2CrSbO6,2,1.686,1.6894,1.6877,0.002404163056034311,0.0034000000000000696
Sr2CrWO6,2,1.1375,1.206,1.1717499999999998,0.04843681451127859,0.0685
Sr2Cu(PO4)2,3,0.22160000000000002,1.4783,0.6756333333333333,0.697124539328041,1.2567
Sr2Cu(SeO3)3,2,0.08410000000000001,1.5708,0.82745,1.0512556515900402,1.4867
Sr2CuTeO6,3,0.21980000000000002,1.2742,0.5803333333333334,0.6010600413713536,1.0544
Sr2CuWO6,2,0.877,1.0096,0.9433,0.09376235918533624,0.13260000000000005
Sr2DyNbO6,2,2.8969,3.3440000000000003,3.12045,0.31614744186850574,0.4471000000000003
Sr2DyRuO6,3,0.2518,1.1867,0.5825000000000001,0.5240335771684864,0.9349000000000001
Sr2DySbO6,3,3.56335,4.138999999999999,3.8724499999999993,0.2901742709131874,0.5756499999999996
Sr2DyTaO6,2,3.849599999999999,4.1,3.9747999999999992,0.1770595380091121,0.25040000000000084
Sr2ErRuO6,2,0.134,0.32200000000000006,0.22800000000000004,0.13293607486307096,0.18800000000000006
Sr2ErTaO6,2,3.874399999999999,3.96,3.9171999999999993,0.06052834046956918,0.08560000000000079
Sr2FeBiO6,2,0.349599999999999,0.4660000000000002,0.4077999999999996,0.08230722933011496,0.11640000000000117
Sr2FeMoO6,4,0.405,1.50025,0.8668375,0.5136851392552316,1.09525
Sr2FeSbO6,2,1.66925,1.6799999999999997,1.6746249999999998,0.007601397897755255,0.010749999999999815
Sr2FeWO6,5,0.569,2.2772,1.6148139429019999,0.6808643073581213,1.7082000000000002
Sr2GaOsO6,2,0.2073,0.4105,0.3089,0.14368409793710643,0.20319999999999996
Sr2GaSbO6,4,1.0102499999999996,1.666,1.298625,0.2739998859488814,0.6557500000000003
Sr2GdNbO6,2,2.6924,3.3310000000000004,3.0117000000000003,0.45155839046572943,0.6386000000000003
Sr2GdRuO6,3,0.25369999999999904,1.1797,0.5789666666666663,0.5208458633159465,0.9260000000000009
Sr2GdSbO6,2,3.3454499999999996,4.021,3.6832249999999997,0.4776859860305724,0.6755500000000003
Sr2GdTaO6,2,3.557,3.896,3.7264999999999997,0.23970919882223976,0.33899999999999997
Sr2GdVO6,2,1.4759,1.9284999999999999,1.7022,0.32003652916503134,0.4525999999999999
Sr2HfGeO6,2,4.614,6.49242305091,5.553211525455,1.3282456772355844,1.8784230509100004
Sr2HfSiO6,2,4.462,7.27472967492,5.86836483746,1.9889002267805653,2.81272967492
Sr2HfSnO6,3,3.7826999999999993,6.39815168338,4.82028389446,1.3889121253641166,2.615451683380001
Sr2HfTiO6,4,2.4529999999999994,4.80853519605,3.1528837990125,1.108890846950176,2.355535196050001
Sr2HfZrO6,3,3.4242,6.58749954925,4.662566516416667,1.6897177858061687,3.1632995492500005
Sr2HoSbO6,2,3.6445,4.007,3.8257499999999998,0.25632620818012336,0.3624999999999998
Sr2HoTaO6,3,3.855199999999999,4.017,3.9250666666666665,0.08312648996158466,0.16180000000000128
Sr2InBiO6,2,0.6187,1.194,0.90635,0.40679853121662074,0.5752999999999999
Sr2InOsO6,3,0.272,0.603000000000001,0.43385000000000024,0.16562070371786303,0.33100000000000096
Sr2InSbO6,3,1.4238,1.961,1.7759333333333334,0.30508918914529465,0.5372000000000001
Sr2LaNbO6,3,3.03805,3.341,3.141016666666667,0.17321619679849032,0.30295000000000005
Sr2LaSbO6,3,3.4224,4.025,3.648466666666667,0.3282710059285366,0.6026000000000002
Sr2LaTaO6,3,3.5116,3.813,3.634866666666667,0.1580134593423402,0.3014000000000001
Sr2LiReO6,4,1.748899999999999,3.25994548139,2.1945988703475,0.7131218332592234,1.511045481390001
Sr2LuNbO6,2,3.053,3.1929999999999996,3.1229999999999998,0.09899494936611643,0.13999999999999968
Sr2LuRuO6,2,0.11470000000000001,0.30699999999999994,0.21084999999999998,0.13597663402217303,0.19229999999999992
Sr2LuTaO6,3,3.4785500000000003,3.598,3.53985,0.05978726871165786,0.11944999999999961
Sr2MgGe2O7,2,3.5524,3.6039,3.57815,0.03641599923110711,0.05149999999999988
Sr2MgMoO6,4,2.036,2.2639500000000004,2.1641125,0.09841781999041989,0.22795000000000032
Sr2MgWO6,4,2.983,4.67735925813,3.5185148145325003,0.7881597975190336,1.69435925813
Sr2MnMoO6,2,0.666,0.930099999999999,0.7980499999999995,0.18674690091136645,0.264099999999999
Sr2MnNbO6,2,0.4599999999999995,1.2788,0.8693999999999997,0.5789790324355454,0.8188000000000004
Sr2MnSbO6,3,0.1308,0.602,0.4153833333333334,0.2504105845073913,0.47119999999999995
Sr2MnSi2O7,2,2.8825000000000003,2.9304,2.9064500000000004,0.03387041481883566,0.04789999999999983
Sr2MnTeO6,2,1.157,1.4722,1.3146,0.22288005742999972,0.3151999999999999
Sr2MnWO6,2,1.4075,1.7890499999999996,1.5982749999999997,0.2697965923617269,0.3815499999999996
Sr2NbAlO6,2,2.8384,3.037,2.9377,0.14043140674364826,0.1985999999999999
Sr2NbBiO6,2,1.9273999999999996,1.953,1.9402,0.0181019335983759,0.02560000000000051
Sr2NbCoO6,3,0.575,1.8050000000000006,1.2404833333333336,0.6211849167786784,1.2300000000000006
Sr2NbCrO6,2,2.2687,2.288,2.2783499999999997,0.013647160876900434,0.019299999999999873
Sr2NbFeO6,2,1.47455,1.5405,1.507525,0.04663369221925278,0.06594999999999995
Sr2NbGaO6,3,3.1912,3.38,3.275233333333333,0.0960924728234908,0.18880000000000008
Sr2NbInO6,3,3.4136499999999996,3.663,3.53255,0.12507560713424515,0.24935000000000018
Sr2NbSbO6,2,0.9747999999999994,1.0465,1.0106499999999996,0.05069955621107592,0.07170000000000054
Sr2NdNbO6,3,2.94545,3.2169999999999996,3.038816666666667,0.15437049858484386,0.2715499999999995
Sr2NdSbO6,2,3.4243,3.8665,3.6454,0.31268261864069113,0.4421999999999997
Sr2NdTaO6,2,3.700799999999999,3.851,3.7758999999999996,0.10620743853421999,0.15020000000000078
Sr2NdVO6,2,1.6477,1.8270000000000004,1.7373500000000002,0.1267842458667483,0.17930000000000046
Sr2NiMoO6,4,0.505,2.27165,1.7464875,0.8332105900021114,1.7666500000000003
Sr2NiTeO6,4,0.986,2.2925,1.80975,0.5710193020672185,1.3065
Sr2NiWO6,4,0.204,2.995,2.2567500000000003,1.3692048629283589,2.791
Sr2PrNbO6,3,2.888,3.1695,2.999166666666667,0.14978679292024852,0.2815000000000003
Sr2PrSbO6,2,3.3980499999999996,3.86,3.6290249999999995,0.326647977569126,0.4619500000000003
Sr2PrTaO6,3,3.37,3.7609999999999997,3.5256666666666665,0.2073169875657399,0.39099999999999957
Sr2PrVO6,2,1.658399999999999,1.8935,1.7759499999999995,0.16624080425695803,0.23510000000000097
Sr2ScBiO6,3,1.7949000000000002,2.4130000000000003,2.0383,0.32930482838853137,0.6181000000000001
Sr2ScNbO6,2,2.9419999999999993,3.058,2.9999999999999996,0.0820243866176399,0.11600000000000055
Sr2ScSbO6,2,3.5074,3.8890000000000002,3.6982,0.2698319477007868,0.38160000000000016
Sr2ScTaO6,3,3.4213,3.643,3.5251,0.11152053622539662,0.2216999999999998
Sr2SiGeO6,2,1.4540000000000002,3.06110137953,2.257550689765,1.1363922835199183,1.60710137953
Sr2SiSnO6,2,2.126,3.52964456342,2.82782228171,0.9925265891699132,1.4036445634200003
Sr2SmNbO6,3,3.0633,3.2640000000000002,3.1747666666666667,0.1021805428314675,0.20070000000000032
Sr2SmSbO6,2,3.5285,4.025,3.7767500000000003,0.35107851685912095,0.49650000000000016
Sr2SmTaO6,2,3.811,3.8379999999999996,3.8244999999999996,0.019091883092036722,0.02699999999999969
Sr2SmVO6,2,1.6372,2.0410000000000004,1.8391000000000002,0.28552971824312817,0.4038000000000004
Sr2SnGeO6,2,1.659,2.29971807526,1.97935903763,0.45305609584513873,0.6407180752599999
Sr2TaAlO6,3,1.027,3.8135000000000003,2.3920500000000002,1.3941059079209155,2.7865
Sr2TaCoO6,2,0.798,1.5840999999999996,1.1910499999999997,0.5558566406907446,0.7860999999999996
Sr2TaCrO6,4,0.806,2.86175,2.3109625,1.003913636204994,2.0557499999999997
Sr2TaFeO6,2,1.77385,1.897,1.8354249999999999,0.08708020010312348,0.12315000000000009
Sr2TaGaO6,3,4.0418,4.137,4.100266666666666,0.051186065812223805,0.09519999999999929
Sr2TaInO6,4,3.9560499999999994,4.247,4.128862499999999,0.13348681192662218,0.2909500000000005
Sr2TaMnO6,3,0.401,0.7905999999999991,0.5541999999999997,0.20769862782406573,0.38959999999999906
Sr2TbNbO6,2,2.9947999999999997,3.305,3.1498999999999997,0.21934452352406753,0.3102000000000005
Sr2TbRuO6,2,0.187899999999999,0.46,0.3239499999999995,0.1924037551608603,0.272100000000001
Sr2TbSbO6,2,3.5034,3.984,3.7437,0.33983551903825465,0.4805999999999999
Sr2TbTaO6,2,3.8367,3.9339999999999993,3.88535,0.0688014898094504,0.09729999999999928
Sr2TbVO6,2,1.6184,1.9324999999999999,1.77545,0.22210223997069445,0.3140999999999998
Sr2Ti(SiO4)2,2,3.8662,4.344,4.1051,0.33785562005093256,0.4778000000000002
Sr2TiGeO6,2,2.7119999999999997,4.67687354949,3.6944367747449998,1.3893754110184604,1.96487354949
Sr2TiMnO6,3,0.856,1.1485000000000003,0.9987666666666666,0.14637439439100472,0.2925000000000003
Sr2TiSiO6,2,2.4085,4.38703800817,3.397769004085,1.3990376424123319,1.9785380081700001
Sr2TiSnO6,3,2.985399999999999,5.1218626542,3.7440875514,1.195228101837329,2.136462654200001
Sr2TmNbO6,2,2.8569999999999993,3.3685,3.1127499999999997,0.36168511857691954,0.5115000000000007
Sr2TmTaO6,2,3.8819,3.9595,3.9207,0.05487148622007586,0.07759999999999989
Sr2UCrO6,3,0.943,3.117,1.678566666666666,1.2458271000958896,2.174
Sr2UFeO6,3,0.172,2.404,1.2324666666666664,1.1201374260925903,2.2319999999999998
Sr2UInO6,2,1.0488,1.128,1.0884,0.0560028570699746,0.07919999999999994
Sr2UMnO6,2,0.669999999999999,1.6659999999999995,1.1679999999999993,0.7042783540618016,0.9960000000000004
Sr2UNiO6,3,0.955,2.9930000000000003,1.8312666666666664,1.048560638844189,2.0380000000000003
Sr2UZnO6,3,1.8031000000000001,2.935,2.2353666666666667,0.6114843443076309,1.1319
Sr2VInO6,2,1.797499999999999,2.082,1.9397499999999994,0.20117187924757338,0.28450000000000086
Sr2VMoO6,2,0.481,1.045199999999999,0.7630999999999994,0.3989496459454494,0.564199999999999
Sr2VWO6,2,0.513,0.8022,0.6576,0.2044952811191495,0.2892
Sr2YBiO6,2,1.9994499999999995,2.3979999999999997,2.1987249999999996,0.28181740764189867,0.3985500000000002
Sr2YNbO6,3,3.0999,5.50314228273,3.97968076091,1.3246271395564801,2.40324228273
Sr2YOsO6,2,0.17300000000000001,0.4059999999999999,0.2895,0.1647558800164655,0.2329999999999999
Sr2YRuO6,3,0.161,1.1872,0.5674,0.5453680225315746,1.0262
Sr2YSbO6,5,3.5141999999999998,6.59613802653,4.341217605305999,1.279487991780431,3.0819380265300005
Sr2YTaO6,4,3.8374499999999996,4.049,3.9335625,0.09162637334123144,0.2115500000000008
Sr2YVO6,2,1.6134,1.9220000000000002,1.7677,0.21821315267416871,0.3086000000000002
Sr2ZnGe2O7,3,3.1157999999999992,5.99540535106,4.15048511702,1.6016842551210448,2.8796053510600004
Sr2ZnMoO6,4,2.1510000000000002,2.37345,2.2754875,0.09237370093809164,0.22244999999999981
Sr2ZnSi2O7,2,3.8987,4.2792,4.0889500000000005,0.269054130241482,0.3805000000000005
Sr2ZnWO6,5,0.39,4.599056308,2.9408612616,1.5536909294287644,4.209056308
Sr2ZrGeO6,3,4.057499999999999,6.41533843403,4.935612811343333,1.2889158239879683,2.3578384340300005
Sr2ZrMnO6,4,1.289,1.666,1.461475,0.16271069161756596,0.377
Sr2ZrSiO6,2,3.949,6.76772649053,5.358363245265,1.993140615763922,2.8187264905300005
Sr2ZrSnO6,3,3.902,6.66738649129,4.89862883043,1.5358964189157434,2.76538649129
Sr2ZrTiO6,3,2.3507,4.76577004761,3.2518233492033333,1.3190167461834348,2.4150700476100004
Sr2ZrVO6,2,1.161899999999999,1.218,1.1899499999999996,0.039668690424565896,0.05610000000000093
Sr3Al2(SiO4)3,3,4.4379,4.749,4.5863000000000005,0.15604220582906392,0.3110999999999997
Sr3Ca(SnO3)4,2,1.8808999999999991,1.967,1.9239499999999996,0.06088189386016241,0.08610000000000095
Sr3CaHf4O12,2,4.1782,4.313,4.2456,0.09531799410394584,0.13479999999999936
Sr3CaTi4O12,3,1.9214,2.063,1.9734666666666667,0.0778810203665396,0.14160000000000017
Sr3CoSb2O9,2,0.30100000000000016,0.6048,0.4529000000000001,0.21481904012447303,0.30379999999999985
Sr3Cu3(PO4)4,2,0.44769999999999954,1.40015,0.9239249999999998,0.6734838537411275,0.9524500000000005
Sr3Ge2(B3O8)2,2,4.4323999999999995,4.559,4.495699999999999,0.0895197184982171,0.1266000000000007
Sr3Ge2O7,2,1.673,1.915454585765,1.7942272928825,0.1714412817242069,0.242454585765
Sr3Hf2O7,2,3.873,6.93796624798,5.405483123990001,2.1672584180545478,3.06496624798
Sr3MgTa2O9,2,3.2619,3.3935000000000004,3.3277,0.09305525240415008,0.1316000000000006
Sr3Nb2ZnO9,3,2.6769,2.8830000000000005,2.7493000000000003,0.1159205331250682,0.20610000000000062
Sr3Sn2O7,2,2.442,2.788334258,2.615167129,0.2448953023890111,0.34633425799999973
Sr3Ta2ZnO9,3,3.396,3.4116,3.4042,0.007830708780180808,0.015600000000000058
Sr3Ti2O7,2,1.8895,3.7608527296,2.8251763648,1.3232462050921154,1.8713527295999999
Sr3V2O8,2,3.818,5.0733368016,4.4456684008,0.8876571650843914,1.2553368016
Sr3Y2(GeO4)3,2,3.1104,3.2862,3.1982999999999997,0.12430937213259534,0.17580000000000018
Sr3Zr2O7,2,3.453,6.09152291267,4.772261456335,1.8657174438650383,2.6385229126700005
Sr3ZrTi2O9,2,1.9425999999999992,2.028,1.9852999999999996,0.06038691911333173,0.08540000000000081
Sr4Al6CrO16,2,2.255,2.4437499999999996,2.3493749999999998,0.13346640494896067,0.18874999999999975
Sr4Al6MoO16,2,3.378,3.5740499999999997,3.476025,0.13862828445162237,0.1960499999999996
Sr4Al6SO16,3,4.385,4.579,4.453666666666667,0.1087075587681616,0.19399999999999995
Sr4Al6WO16,3,0.823,3.6101,2.63205,1.5684075849408532,2.7871
Sr4Ti3O10,2,1.999,4.07754936665,3.0382746833249996,1.4697563521892179,2.0785493666499995
Sr4Zr3TiO12,2,2.604,2.656,2.63,0.03676955262170035,0.052000000000000046
Sr4ZrTi3O12,2,1.8673999999999995,2.031,1.9491999999999998,0.11568266940211963,0.16360000000000063
Sr5ZrTi4O15,2,1.903299999999999,1.973,1.9381499999999996,0.04928534264870306,0.06970000000000098
SrAl2(SiO4)2,2,0.8073,2.7074,1.75735,1.343573594932559,1.9000999999999997
SrAl2B2O7,5,4.668749999999999,9.07786505769,5.591703011538,1.9497350930263173,4.40911505769
SrBi2(B2O5)2,3,3.632,3.744,3.6720666666666673,0.06243086843327859,0.1120000000000001
SrCa(SnO3)2,2,2.3724999999999996,3.69792780208,3.0352139010399997,0.9372189868239494,1.3254278020800005
SrCa3Hf4O12,2,4.44,4.476,4.458,0.02545584412271542,0.03599999999999959
SrCa3Ti4O12,3,1.9089999999999998,2.305,2.128,0.20131318883769136,0.39600000000000035
SrCaHf2O6,2,4.367,7.24510698838,5.8060534941899995,2.0351289684638894,2.87810698838
SrCaMn2O6,2,0.2165,0.3850499999999995,0.30077499999999974,0.11918284796899224,0.1685499999999995
SrCaTi2O6,3,2.0421,3.93183282521,2.714810941736667,1.0559253470959653,1.8897328252099999
SrCaZr2O6,2,3.1592000000000002,6.80227182214,4.98073591107,2.576040789784826,3.6430718221399996
SrCo2(AsO4)2,3,2.297,2.6379,2.417783333333334,0.1909280907392448,0.3409
SrCo2(PO4)2,2,3.0601,3.8135,3.4368,0.532734248945945,0.7534000000000001
SrCu(SeO3)2,2,0.7134,1.5989,1.15615,0.6261430547406878,0.8855
SrCu3(SnO3)4,3,0.45310000000000006,0.72,0.6095,0.13924442538213153,0.2668999999999999
SrEuZr2O6,2,0.354299999999999,3.667,2.0106499999999996,2.3424326340366766,3.312700000000001
SrFe2(PO4)2,2,3.3768,3.8426,3.6097,0.32937033867669385,0.4658000000000002
SrGa2(SiO4)2,3,3.869,7.26310783917,5.041702613056667,1.924792166430631,3.3941078391699997
SrGa2B2O7,4,3.9722,4.222,4.1002,0.12191286505806788,0.24980000000000047
SrGd2Al2O7,2,3.5877,4.027,3.80735,0.3106320089752505,0.43930000000000025
SrGd2Sc2O7,3,2.6316,3.846,3.3066666666666666,0.6184735187001407,1.2144
SrGeO3,2,1.017,1.5997192305949999,1.3083596152975,0.412044719481532,0.582719230595
SrHfO3,2,4.284000000000001,6.9,5.5920000000000005,1.849791339584008,2.6159999999999997
SrHo2Al2O7,3,4.0235,4.154,4.106833333333333,0.07237805836946222,0.13049999999999962
SrLa2Sc2O7,2,3.4542,3.714,3.5841000000000003,0.18370634175226475,0.2597999999999998
SrLaAl3O7,2,4.415,4.482,4.4485,0.0473761543394988,0.06700000000000017
SrLi2Nb2O7,4,1.511,1.9486,1.648725,0.201710971028681,0.4376000000000002
SrLi2Ta2O7,4,2.21,2.4196999999999997,2.30305,0.10508588550958367,0.20969999999999978
SrLi2Ti6O14,2,2.951999999999999,3.2233,3.0876499999999996,0.19183806973591105,0.271300000000001
SrMn(GeO3)2,2,1.5991,1.8440000000000003,1.7215500000000001,0.17317045071258574,0.24490000000000034
SrMn2(PO4)2,3,3.3354,3.857,3.553366666666667,0.27114705112417015,0.5216000000000003
SrNb3NO7,2,1.514,1.5964,1.5552000000000001,0.05826559876977146,0.08240000000000003
SrNdAl3O7,2,4.277299999999999,4.346,4.31165,0.04857823586751659,0.06870000000000065
SrNi2(PO4)2,2,3.7853,4.022,3.90365,0.1673721751068562,0.23670000000000035
SrPrAl3O7,2,4.2972,4.531,4.4140999999999995,0.1653215654414142,0.23379999999999956
SrPrGa3O7,2,3.2388,3.378,3.3084,0.09842926394116741,0.1392000000000002
SrSn(BO3)2,4,3.1057,6.41396989554,4.261867473885,1.4727413996871905,3.30826989554
SrSnO3,2,2.116,2.941571038515,2.5287855192575,0.5837668796851768,0.8255710385149997
SrTa2H2O7,2,2.228,2.2398,2.2339,0.008343860018000812,0.011799999999999589
SrTb2Fe2O7,2,0.8506,1.1701,1.0103499999999999,0.22592061658910192,0.3194999999999999
SrTb2Sc2O7,2,3.4884,3.751,3.6197,0.18568624073958734,0.26259999999999994
SrTeO3,2,1.0,2.138,1.569,0.8046875169902911,1.138
SrTiO3,2,2.0105000000000004,3.87186133188,2.94118066594,1.3161812200107714,1.8613613318799995
SrV2(NiO4)2,3,1.6815,2.8083,2.428933333333333,0.647320912170566,1.1268
SrYAl3O7,2,4.1991,4.315,4.25705,0.08195367593952109,0.11590000000000078
SrYGa3O7,2,3.177,3.1775,3.17725,0.00035355339059354887,0.000500000000000167
SrZn(SeO3)2,3,4.324,4.3597,4.338166666666667,0.018955825841501437,0.03570000000000029
SrZn2(AsO4)2,2,3.0527,3.1638,3.10825,0.07855956338982525,0.11109999999999998
SrZn2(PO4)2,3,4.1385,7.26772998119,5.279343327063333,1.7282266452151986,3.12922998119
SrZr2SnO6,2,2.5928999999999993,5.12608965926,3.8594948296299996,1.791235586094386,2.5331896592600005
SrZrO3,2,3.7220000000000004,6.5,5.111000000000001,1.964342638136229,2.7779999999999996
TaZn2BiO6,2,1.8737,3.048,2.4608499999999998,0.830355493147363,1.1743000000000001
TiFe(BiO3)2,2,1.260599999999999,1.5525000000000002,1.4065499999999997,0.20640446942835397,0.29190000000000116
TiZn(BiO3)2,4,1.3523,1.827,1.6215749999999998,0.1993885382028432,0.4746999999999999
VBi(PbO3)2,2,0.7880000000000003,2.6675,1.7277500000000001,1.329007195240116,1.8794999999999997
VCd2BiO6,3,1.5,2.279,2.0093333333333327,0.44135057871643596,0.7789999999999999
VZn2BiO6,2,1.913,2.7248,2.3189,0.5740292849672394,0.8118000000000001
Y2Be2GeO7,4,4.4935,7.89540198632,5.42295049658,1.6521466674357057,3.4019019863199995
Y2MgTiO6,3,3.213,3.2209999999999996,3.215733333333333,0.0045621632295800504,0.007999999999999563
Y2MnFeO6,3,0.124,0.9699999999999998,0.6513,0.4599613788134825,0.8459999999999998
Y3Sc2Al3O12,3,4.2689,4.461,4.368633333333333,0.0962616399887999,0.19209999999999994
YAl3(BO3)4,5,5.3541,9.44153031814,6.244526063627999,1.7897593247214683,4.08743031814
YAlO3,2,4.657,6.715415519305,5.6862077596525005,1.4555195722001946,2.058415519305
YFe3(BO3)4,2,2.3369999999999997,2.3644,2.3507,0.019374725804511467,0.02740000000000009
YGa3(BO3)4,3,4.645,5.01,4.7917,0.19274638777419428,0.3650000000000002
YGaO3,2,3.9195,6.0,4.95975,1.4711356582586117,2.0805
YIrO3,2,0.9,1.1639999999999997,1.0319999999999998,0.18667619023324836,0.2639999999999997
YSb(PbO3)2,3,2.5317,2.9175000000000004,2.7334,0.19350124030610272,0.3858000000000006
Zn2BiPO6,3,2.7939999999999996,3.2517,2.9512666666666667,0.26027839582518836,0.45770000000000044
Zn2BiSbO6,3,1.0598,2.5330000000000004,1.5696,0.8348019405823158,1.4732000000000003
Zn3Si3(BiO6)2,2,1.956,2.0979,2.0269500000000003,0.10033845225037104,0.14190000000000014
ZnBi2B2O7,3,2.5933,2.689,2.655866666666667,0.05421589557808038,0.0956999999999999
ZnNiTe3O8,2,0.949,3.239999999999999,2.0944999999999996,1.6199816356983794,2.290999999999999
