formula_norm,src_a,src_b,gap_a,gap_b,abs_diff
AlBiO3,CMR,OQMD,4.2,2.6250000000000004,1.5749999999999997
Ba2BiSbO6,AFLOW,CMR,1.7088,3.20868465046,1.4998846504599999
Ba2BiSbO6,AFLOW,JARVIS,1.7088,2.03,0.3211999999999997
Ba2BiSbO6,AFLOW,MP,1.7088,1.6958000000000002,0.0129999999999999
Ba2BiSbO6,AFLOW,OQMD,1.7088,1.8745000000000003,0.16570000000000018
Ba2BiSbO6,CMR,JARVIS,3.20868465046,2.03,1.1786846504600001
Ba2BiSbO6,CMR,MP,3.20868465046,1.6958000000000002,1.5128846504599998
Ba2BiSbO6,CMR,OQMD,3.20868465046,1.8745000000000003,1.3341846504599997
Ba2BiSbO6,JARVIS,MP,2.03,1.6958000000000002,0.3341999999999996
Ba2BiSbO6,JARVIS,OQMD,2.03,1.8745000000000003,0.15549999999999953
Ba2BiSbO6,MP,OQMD,1.6958000000000002,1.8745000000000003,0.17870000000000008
Ba2CaMoO6,AFLOW,CMR,2.1194,3.61508206386,1.49568206386
Ba2CaMoO6,AFLOW,JARVIS,2.1194,2.148,0.02859999999999996
Ba2CaMoO6,AFLOW,MP,2.1194,2.258,0.13859999999999983
Ba2CaMoO6,AFLOW,OQMD,2.1194,2.234,0.11459999999999981
Ba2CaMoO6,CMR,JARVIS,3.61508206386,2.148,1.46708206386
Ba2CaMoO6,CMR,MP,3.61508206386,2.258,1.35708206386
Ba2CaMoO6,CMR,OQMD,3.61508206386,2.234,1.38108206386
Ba2CaMoO6,JARVIS,MP,2.148,2.258,0.10999999999999988
Ba2CaMoO6,JARVIS,OQMD,2.148,2.234,0.08599999999999985
Ba2CaMoO6,MP,OQMD,2.258,2.234,0.02400000000000002
Ba2CaTeO6,AFLOW,JARVIS,2.9961,3.255,0.2588999999999997
Ba2CaTeO6,AFLOW,MP,2.9961,2.9976000000000003,0.0015000000000000568
Ba2CaTeO6,AFLOW,OQMD,2.9961,3.444,0.44789999999999974
Ba2CaTeO6,JARVIS,MP,3.255,2.9976000000000003,0.25739999999999963
Ba2CaTeO6,JARVIS,OQMD,3.255,3.444,0.18900000000000006
Ba2CaTeO6,MP,OQMD,2.9976000000000003,3.444,0.4463999999999997
Ba2CaWO6,AFLOW,CMR,2.8571,4.74610634282,1.8890063428200001
Ba2CaWO6,AFLOW,JARVIS,2.8571,0.609,2.2481
Ba2CaWO6,AFLOW,MP,2.8571,3.1887999999999996,0.33169999999999966
Ba2CaWO6,AFLOW,OQMD,2.8571,3.0635,0.20639999999999992
Ba2CaWO6,CMR,JARVIS,4.74610634282,0.609,4.13710634282
Ba2CaWO6,CMR,MP,4.74610634282,3.1887999999999996,1.5573063428200005
Ba2CaWO6,CMR,OQMD,4.74610634282,3.0635,1.6826063428200002
Ba2CaWO6,JARVIS,MP,0.609,3.1887999999999996,2.5797999999999996
Ba2CaWO6,JARVIS,OQMD,0.609,3.0635,2.4545
Ba2CaWO6,MP,OQMD,3.1887999999999996,3.0635,0.12529999999999974
Ba2CdGe2O7,JARVIS,MP,2.807,2.9166,0.10959999999999992
Ba2CdMoO6,MP,OQMD,2.5376000000000003,2.281,0.25660000000000016
Ba2CeZrO6,JARVIS,MP,2.233,2.3156,0.08259999999999978
Ba2Co(PO4)2,AFLOW,MP,3.5461,1.4643000000000002,2.0818
Ba2CoGe2O7,AFLOW,MP,2.6982,2.124,0.5741999999999998
Ba2CoMoO6,MP,OQMD,1.274,1.0200000000000005,0.25399999999999956
Ba2CoReO6,AFLOW,MP,0.2893,0.19819999999999902,0.09110000000000099
Ba2CoReO6,AFLOW,OQMD,0.2893,0.255,0.0343
Ba2CoReO6,MP,OQMD,0.19819999999999902,0.255,0.05680000000000099
Ba2CoSi2O7,AFLOW,MP,3.7458,2.4604499999999994,1.2853500000000007
Ba2CoWO6,MP,OQMD,1.8426999999999991,1.5845,0.2581999999999991
Ba2Cu(PO4)2,AFLOW,JARVIS,1.4721,0.344,1.1280999999999999
Ba2Cu(PO4)2,AFLOW,MP,1.4721,0.258499999999999,1.213600000000001
Ba2Cu(PO4)2,JARVIS,MP,0.344,0.258499999999999,0.08550000000000096
Ba2CuGe2O7,AFLOW,JARVIS,1.5455999999999999,0.218,1.3276
Ba2CuGe2O7,AFLOW,MP,1.5455999999999999,0.196299999999999,1.3493000000000008
Ba2CuGe2O7,JARVIS,MP,0.218,0.196299999999999,0.021700000000000996
Ba2CuSi2O7,AFLOW,JARVIS,1.43005,0.1895,1.24055
Ba2CuSi2O7,AFLOW,MP,1.43005,0.13134999999999952,1.2987000000000006
Ba2CuSi2O7,JARVIS,MP,0.1895,0.13134999999999952,0.05815000000000048
Ba2CuWO6,AFLOW,OQMD,0.9129,0.7024999999999999,0.21040000000000014
Ba2DyNbO6,AFLOW,JARVIS,3.0914,2.923,0.1684000000000001
Ba2DyNbO6,AFLOW,MP,3.0914,2.86095,0.23045000000000027
Ba2DyNbO6,AFLOW,OQMD,3.0914,3.215,0.12359999999999971
Ba2DyNbO6,JARVIS,MP,2.923,2.86095,0.06205000000000016
Ba2DyNbO6,JARVIS,OQMD,2.923,3.215,0.2919999999999998
Ba2DyNbO6,MP,OQMD,2.86095,3.215,0.35405
Ba2DySbO6,AFLOW,JARVIS,3.46185,3.722,0.2601499999999999
Ba2DySbO6,AFLOW,MP,3.46185,3.47165,0.009799999999999809
Ba2DySbO6,AFLOW,OQMD,3.46185,3.956,0.49414999999999987
Ba2DySbO6,JARVIS,MP,3.722,3.47165,0.2503500000000001
Ba2DySbO6,JARVIS,OQMD,3.722,3.956,0.23399999999999999
Ba2DySbO6,MP,OQMD,3.47165,3.956,0.48435000000000006
Ba2DyTaO6,MP,OQMD,3.3837,3.7169999999999996,0.3332999999999995
Ba2ErNbO6,AFLOW,JARVIS,3.09495,2.919,0.17594999999999983
Ba2ErNbO6,AFLOW,MP,3.09495,2.854199999999999,0.24075000000000069
Ba2ErNbO6,AFLOW,OQMD,3.09495,3.082,0.012950000000000017
Ba2ErNbO6,JARVIS,MP,2.919,2.854199999999999,0.06480000000000086
Ba2ErNbO6,JARVIS,OQMD,2.919,3.082,0.1629999999999998
Ba2ErNbO6,MP,OQMD,2.854199999999999,3.082,0.22780000000000067
Ba2ErRuO6,AFLOW,JARVIS,1.08955,0.079,1.01055
Ba2ErRuO6,AFLOW,MP,1.08955,0.07160000000000001,1.01795
Ba2ErRuO6,AFLOW,OQMD,1.08955,0.27200000000000024,0.8175499999999998
Ba2ErRuO6,JARVIS,MP,0.079,0.07160000000000001,0.00739999999999999
Ba2ErRuO6,JARVIS,OQMD,0.079,0.27200000000000024,0.19300000000000023
Ba2ErRuO6,MP,OQMD,0.07160000000000001,0.27200000000000024,0.20040000000000024
Ba2ErSbO6,AFLOW,JARVIS,3.3672,3.625,0.25780000000000003
Ba2ErSbO6,AFLOW,MP,3.3672,3.3776,0.010400000000000187
Ba2ErSbO6,AFLOW,OQMD,3.3672,3.7849999999999997,0.4177999999999997
Ba2ErSbO6,JARVIS,MP,3.625,3.3776,0.24739999999999984
Ba2ErSbO6,JARVIS,OQMD,3.625,3.7849999999999997,0.1599999999999997
Ba2ErSbO6,MP,OQMD,3.3776,3.7849999999999997,0.40739999999999954
Ba2ErTaO6,MP,OQMD,3.393399999999999,3.682,0.2886000000000011
Ba2FeMoO6,AFLOW,CMR,1.7801,1.49301123966,0.2870887603400001
Ba2FeMoO6,AFLOW,JARVIS,1.7801,0.2855,1.4946000000000002
Ba2FeMoO6,AFLOW,MP,1.7801,0.8640999999999991,0.9160000000000009
Ba2FeMoO6,AFLOW,OQMD,1.7801,0.827,0.9531000000000001
Ba2FeMoO6,CMR,JARVIS,1.49301123966,0.2855,1.20751123966
Ba2FeMoO6,CMR,MP,1.49301123966,0.8640999999999991,0.6289112396600008
Ba2FeMoO6,CMR,OQMD,1.49301123966,0.827,0.66601123966
Ba2FeMoO6,JARVIS,MP,0.2855,0.8640999999999991,0.5785999999999991
Ba2FeMoO6,JARVIS,OQMD,0.2855,0.827,0.5415
Ba2FeMoO6,MP,OQMD,0.8640999999999991,0.827,0.037099999999999134
Ba2FeWO6,AFLOW,MP,2.0753000000000004,2.506199999999999,0.4308999999999985
Ba2FeWO6,AFLOW,OQMD,2.0753000000000004,1.398,0.6773000000000005
Ba2FeWO6,MP,OQMD,2.506199999999999,1.398,1.108199999999999
Ba2GdNbO6,AFLOW,JARVIS,3.083,2.645,0.43800000000000017
Ba2GdNbO6,AFLOW,MP,3.083,2.6872,0.3958000000000004
Ba2GdNbO6,AFLOW,OQMD,3.083,3.172,0.08899999999999997
Ba2GdNbO6,JARVIS,MP,2.645,2.6872,0.04219999999999979
Ba2GdNbO6,JARVIS,OQMD,2.645,3.172,0.5270000000000001
Ba2GdNbO6,MP,OQMD,2.6872,3.172,0.48480000000000034
Ba2GdRuO6,MP,OQMD,0.14670000000000002,0.24950000000000006,0.10280000000000003
Ba2GdSbO6,MP,OQMD,3.4846000000000004,3.945,0.4603999999999995
Ba2GdTaO6,MP,OQMD,3.2611999999999997,3.727,0.4658000000000002
Ba2HfSnO6,CMR,OQMD,6.08155491847,4.105,1.9765549184699998
Ba2HfTiO6,CMR,OQMD,4.61795597522,2.3685,2.24945597522
Ba2HfZrO6,CMR,OQMD,6.34312396567,3.455,2.88812396567
Ba2HoNbO6,AFLOW,JARVIS,3.0915,2.921,0.1705000000000001
Ba2HoNbO6,AFLOW,MP,3.0915,2.8516,0.2399
Ba2HoNbO6,AFLOW,OQMD,3.0915,3.2145,0.12300000000000022
Ba2HoNbO6,JARVIS,MP,2.921,2.8516,0.0693999999999999
Ba2HoNbO6,JARVIS,OQMD,2.921,3.2145,0.2935000000000003
Ba2HoNbO6,MP,OQMD,2.8516,3.2145,0.3629000000000002
Ba2HoRuO6,AFLOW,JARVIS,1.0995,0.086,1.0134999999999998
Ba2HoRuO6,AFLOW,MP,1.0995,0.07600000000000001,1.0234999999999999
Ba2HoRuO6,AFLOW,OQMD,1.0995,0.26900000000000013,0.8304999999999998
Ba2HoRuO6,JARVIS,MP,0.086,0.07600000000000001,0.009999999999999981
Ba2HoRuO6,JARVIS,OQMD,0.086,0.26900000000000013,0.18300000000000013
Ba2HoRuO6,MP,OQMD,0.07600000000000001,0.26900000000000013,0.19300000000000012
Ba2HoSbO6,AFLOW,JARVIS,3.4369,3.671,0.23409999999999975
Ba2HoSbO6,AFLOW,MP,3.4369,3.4155,0.021399999999999864
Ba2HoSbO6,AFLOW,OQMD,3.4369,3.838,0.4011
Ba2HoSbO6,JARVIS,MP,3.671,3.4155,0.2554999999999996
Ba2HoSbO6,JARVIS,OQMD,3.671,3.838,0.16700000000000026
Ba2HoSbO6,MP,OQMD,3.4155,3.838,0.4224999999999999
Ba2HoTaO6,AFLOW,JARVIS,3.5332999999999997,3.4955,0.037799999999999834
Ba2HoTaO6,AFLOW,MP,3.5332999999999997,3.413099999999999,0.12020000000000053
Ba2HoTaO6,AFLOW,OQMD,3.5332999999999997,3.625,0.09170000000000034
Ba2HoTaO6,JARVIS,MP,3.4955,3.413099999999999,0.0824000000000007
Ba2HoTaO6,JARVIS,OQMD,3.4955,3.625,0.12950000000000017
Ba2HoTaO6,MP,OQMD,3.413099999999999,3.625,0.21190000000000087
Ba2InBiO6,MP,OQMD,0.20800000000000002,0.5569999999999999,0.3489999999999999
Ba2InOsO6,JARVIS,MP,0.309,0.42240000000000005,0.11340000000000006
Ba2InOsO6,JARVIS,OQMD,0.309,0.605,0.296
Ba2InOsO6,MP,OQMD,0.42240000000000005,0.605,0.18259999999999993
Ba2InRuO6,AFLOW,MP,1.3061,0.3628,0.9433
Ba2InRuO6,AFLOW,OQMD,1.3061,0.503,0.8031
Ba2InRuO6,MP,OQMD,0.3628,0.503,0.1402
Ba2InSbO6,MP,OQMD,0.523999999999999,1.0,0.476000000000001
Ba2LaCrO6,MP,OQMD,0.47829999999999906,0.6560000000000001,0.17770000000000108
Ba2LaNbO6,JARVIS,MP,3.119,2.9716,0.1474000000000002
Ba2LaNbO6,JARVIS,OQMD,3.119,3.1870000000000003,0.06800000000000006
Ba2LaNbO6,MP,OQMD,2.9716,3.1870000000000003,0.21540000000000026
Ba2LaRuO6,AFLOW,JARVIS,1.03265,0.203,0.82965
Ba2LaRuO6,AFLOW,MP,1.03265,0.23164999999999952,0.8010000000000006
Ba2LaRuO6,AFLOW,OQMD,1.03265,0.4005000000000001,0.63215
Ba2LaRuO6,JARVIS,MP,0.203,0.23164999999999952,0.02864999999999951
Ba2LaRuO6,JARVIS,OQMD,0.203,0.4005000000000001,0.19750000000000006
Ba2LaRuO6,MP,OQMD,0.23164999999999952,0.4005000000000001,0.16885000000000056
Ba2LaSbO6,AFLOW,JARVIS,3.7406,3.944,0.2033999999999998
Ba2LaSbO6,AFLOW,MP,3.7406,3.880749999999999,0.1401499999999989
Ba2LaSbO6,AFLOW,OQMD,3.7406,4.229000000000001,0.48840000000000083
Ba2LaSbO6,JARVIS,MP,3.944,3.880749999999999,0.06325000000000092
Ba2LaSbO6,JARVIS,OQMD,3.944,4.229000000000001,0.28500000000000103
Ba2LaSbO6,MP,OQMD,3.880749999999999,4.229000000000001,0.34825000000000195
Ba2LaTaO6,AFLOW,CMR,3.2672499999999998,6.10674884473,2.8394988447300005
Ba2LaTaO6,AFLOW,JARVIS,3.2672499999999998,3.711,0.4437500000000001
Ba2LaTaO6,AFLOW,MP,3.2672499999999998,3.624799999999999,0.35754999999999937
Ba2LaTaO6,AFLOW,OQMD,3.2672499999999998,3.8,0.5327500000000001
Ba2LaTaO6,CMR,JARVIS,6.10674884473,3.711,2.3957488447300004
Ba2LaTaO6,CMR,MP,6.10674884473,3.624799999999999,2.481948844730001
Ba2LaTaO6,CMR,OQMD,6.10674884473,3.8,2.3067488447300004
Ba2LaTaO6,JARVIS,MP,3.711,3.624799999999999,0.08620000000000072
Ba2LaTaO6,JARVIS,OQMD,3.711,3.8,0.08899999999999997
Ba2LaTaO6,MP,OQMD,3.624799999999999,3.8,0.1752000000000007
Ba2LaVO6,MP,OQMD,1.7171,1.9365,0.21940000000000004
Ba2LiReO6,AFLOW,JARVIS,1.91115,1.878,0.03315000000000001
Ba2LiReO6,AFLOW,MP,1.91115,1.8198,0.09134999999999982
Ba2LiReO6,AFLOW,OQMD,1.91115,2.067,0.15585000000000027
Ba2LiReO6,JARVIS,MP,1.878,1.8198,0.05819999999999981
Ba2LiReO6,JARVIS,OQMD,1.878,2.067,0.18900000000000028
Ba2LiReO6,MP,OQMD,1.8198,2.067,0.2472000000000001
Ba2LuNbO6,AFLOW,JARVIS,3.0881,2.909,0.17910000000000004
Ba2LuNbO6,AFLOW,MP,3.0881,2.847899999999999,0.24020000000000064
Ba2LuNbO6,AFLOW,OQMD,3.0881,3.0980000000000003,0.009900000000000464
Ba2LuNbO6,JARVIS,MP,2.909,2.847899999999999,0.0611000000000006
Ba2LuNbO6,JARVIS,OQMD,2.909,3.0980000000000003,0.1890000000000005
Ba2LuNbO6,MP,OQMD,2.847899999999999,3.0980000000000003,0.2501000000000011
Ba2LuRuO6,AFLOW,JARVIS,1.0539,0.059,0.9949000000000001
Ba2LuRuO6,AFLOW,MP,1.0539,0.055600000000000004,0.9983000000000001
Ba2LuRuO6,AFLOW,OQMD,1.0539,0.2515000000000003,0.8023999999999998
Ba2LuRuO6,JARVIS,MP,0.059,0.055600000000000004,0.0033999999999999933
Ba2LuRuO6,JARVIS,OQMD,0.059,0.2515000000000003,0.19250000000000028
Ba2LuRuO6,MP,OQMD,0.055600000000000004,0.2515000000000003,0.19590000000000027
Ba2LuSbO6,MP,OQMD,3.2383,3.721,0.4826999999999999
Ba2LuTaO6,MP,OQMD,3.408899999999999,3.6129999999999995,0.2041000000000004
Ba2MgGe2O7,AFLOW,MP,3.5553,3.6256,0.07030000000000003
Ba2MgMoO6,JARVIS,MP,2.14,2.2647999999999993,0.12479999999999913
Ba2MgMoO6,JARVIS,OQMD,2.14,2.156,0.016000000000000014
Ba2MgMoO6,MP,OQMD,2.2647999999999993,2.156,0.10879999999999912
Ba2MgWO6,AFLOW,JARVIS,2.9125,2.822,0.09050000000000002
Ba2MgWO6,AFLOW,MP,2.9125,3.223099999999999,0.3105999999999991
Ba2MgWO6,AFLOW,OQMD,2.9125,2.981,0.06849999999999978
Ba2MgWO6,JARVIS,MP,2.822,3.223099999999999,0.4010999999999991
Ba2MgWO6,JARVIS,OQMD,2.822,2.981,0.1589999999999998
Ba2MgWO6,MP,OQMD,3.223099999999999,2.981,0.24209999999999932
Ba2Mn(AsO4)2,AFLOW,MP,2.561,2.7135,0.15249999999999986
Ba2Mn(AsO4)2,AFLOW,OQMD,2.561,2.3699999999999997,0.19100000000000028
Ba2Mn(AsO4)2,MP,OQMD,2.7135,2.3699999999999997,0.34350000000000014
Ba2MnGe2O7,AFLOW,MP,2.1454,2.434299999999999,0.28889999999999905
Ba2MnMoO6,MP,OQMD,1.265399999999999,0.9219999999999999,0.34339999999999904
Ba2MnNbO6,MP,OQMD,0.6666499999999995,0.44399999999999995,0.22264999999999957
Ba2MnTeO6,MP,OQMD,0.9485999999999991,1.119,0.17040000000000088
Ba2MnWO6,JARVIS,MP,0.054,2.2267,2.1727000000000003
Ba2MnWO6,JARVIS,OQMD,0.054,1.5720000000000005,1.5180000000000005
Ba2MnWO6,MP,OQMD,2.2267,1.5720000000000005,0.6546999999999996
Ba2NaReO6,AFLOW,JARVIS,1.9674,1.941,0.02639999999999998
Ba2NaReO6,AFLOW,MP,1.9674,1.8688,0.09860000000000002
Ba2NaReO6,AFLOW,OQMD,1.9674,2.024,0.056599999999999984
Ba2NaReO6,JARVIS,MP,1.941,1.8688,0.07220000000000004
Ba2NaReO6,JARVIS,OQMD,1.941,2.024,0.08299999999999996
Ba2NaReO6,MP,OQMD,1.8688,2.024,0.1552
Ba2NbBiO6,JARVIS,MP,2.222,2.058599999999999,0.1634000000000011
Ba2NbBiO6,JARVIS,OQMD,2.222,2.135,0.08700000000000019
Ba2NbBiO6,MP,OQMD,2.058599999999999,2.135,0.07640000000000091
Ba2NbCoO6,MP,OQMD,1.534599999999999,0.8815,0.6530999999999991
Ba2NbCrO6,AFLOW,JARVIS,1.7753,0.173,1.6023
Ba2NbCrO6,AFLOW,MP,1.7753,1.582399999999999,0.19290000000000118
Ba2NbCrO6,AFLOW,OQMD,1.7753,2.455,0.6797
Ba2NbCrO6,JARVIS,MP,0.173,1.582399999999999,1.4093999999999989
Ba2NbCrO6,JARVIS,OQMD,0.173,2.455,2.282
Ba2NbCrO6,MP,OQMD,1.582399999999999,2.455,0.8726000000000012
Ba2NbFeO6,MP,OQMD,1.455,1.624,0.16900000000000004
Ba2NbInO6,AFLOW,JARVIS,3.6482,3.413,0.2352000000000003
Ba2NbInO6,AFLOW,MP,3.6482,3.3486000000000002,0.29959999999999987
Ba2NbInO6,AFLOW,OQMD,3.6482,3.49,0.1581999999999999
Ba2NbInO6,JARVIS,MP,3.413,3.3486000000000002,0.06439999999999957
Ba2NbInO6,JARVIS,OQMD,3.413,3.49,0.0770000000000004
Ba2NbInO6,MP,OQMD,3.3486000000000002,3.49,0.14139999999999997
Ba2NbRhO6,MP,OQMD,0.8889,1.033,0.1440999999999999
Ba2NdNbO6,JARVIS,MP,2.9915000000000003,2.9194999999999993,0.07200000000000095
Ba2NdNbO6,JARVIS,OQMD,2.9915000000000003,3.1774999999999998,0.1859999999999995
Ba2NdNbO6,MP,OQMD,2.9194999999999993,3.1774999999999998,0.25800000000000045
Ba2NdRuO6,JARVIS,MP,0.1125,0.13794999999999952,0.025449999999999515
Ba2NdRuO6,JARVIS,OQMD,0.1125,0.3234999999999999,0.2109999999999999
Ba2NdRuO6,MP,OQMD,0.13794999999999952,0.3234999999999999,0.18555000000000038
Ba2NdSbO6,JARVIS,MP,4.0184999999999995,3.6649000000000003,0.35359999999999925
Ba2NdSbO6,JARVIS,OQMD,4.0184999999999995,4.156,0.13750000000000018
Ba2NdSbO6,MP,OQMD,3.6649000000000003,4.156,0.4910999999999994
Ba2NdTaO6,JARVIS,MP,3.48,3.40725,0.07275000000000009
Ba2NdTaO6,JARVIS,OQMD,3.48,3.746,0.266
Ba2NdTaO6,MP,OQMD,3.40725,3.746,0.3387500000000001
Ba2NdVO6,MP,OQMD,1.6324,1.9749999999999996,0.34259999999999957
Ba2Ni(PO4)2,AFLOW,MP,2.5757,4.0996,1.5238999999999998
Ba2NiMoO6,AFLOW,JARVIS,2.2001,0.659,1.5411
Ba2NiMoO6,AFLOW,MP,2.2001,2.3514,0.1513
Ba2NiMoO6,AFLOW,OQMD,2.2001,2.3085,0.10840000000000005
Ba2NiMoO6,JARVIS,MP,0.659,2.3514,1.6924
Ba2NiMoO6,JARVIS,OQMD,0.659,2.3085,1.6495
Ba2NiMoO6,MP,OQMD,2.3514,2.3085,0.04289999999999994
Ba2NiTeO6,AFLOW,OQMD,2.2711,1.514,0.7571000000000001
Ba2NiWO6,AFLOW,JARVIS,3.0564,0.375,2.6814
Ba2NiWO6,AFLOW,MP,3.0564,3.3409,0.2845
Ba2NiWO6,AFLOW,OQMD,3.0564,3.17,0.11359999999999992
Ba2NiWO6,JARVIS,MP,0.375,3.3409,2.9659
Ba2NiWO6,JARVIS,OQMD,0.375,3.17,2.795
Ba2NiWO6,MP,OQMD,3.3409,3.17,0.17090000000000005
Ba2PrNbO6,JARVIS,MP,3.0220000000000002,2.9378,0.08420000000000005
Ba2PrNbO6,JARVIS,OQMD,3.0220000000000002,3.228,0.20599999999999996
Ba2PrNbO6,MP,OQMD,2.9378,3.228,0.2902
Ba2PrRuO6,JARVIS,MP,0.1195,0.16360000000000002,0.04410000000000003
Ba2PrRuO6,JARVIS,OQMD,0.1195,0.31200000000000006,0.19250000000000006
Ba2PrRuO6,MP,OQMD,0.16360000000000002,0.31200000000000006,0.14840000000000003
Ba2PrSbO6,AFLOW,JARVIS,3.1064,4.025,0.9186000000000005
Ba2PrSbO6,AFLOW,MP,3.1064,3.684,0.5776000000000003
Ba2PrSbO6,AFLOW,OQMD,3.1064,4.2065,1.1001000000000003
Ba2PrSbO6,JARVIS,MP,4.025,3.684,0.3410000000000002
Ba2PrSbO6,JARVIS,OQMD,4.025,4.2065,0.18149999999999977
Ba2PrSbO6,MP,OQMD,3.684,4.2065,0.5225
Ba2PrTaO6,JARVIS,MP,3.471,3.3958500000000003,0.07514999999999983
Ba2PrTaO6,JARVIS,OQMD,3.471,3.7190000000000003,0.24800000000000022
Ba2PrTaO6,MP,OQMD,3.3958500000000003,3.7190000000000003,0.32315000000000005
Ba2PrVO6,MP,OQMD,1.6507499999999995,1.8935,0.24275000000000047
Ba2PuTiO6,MP,OQMD,0.23339999999999902,2.357,2.123600000000001
Ba2PuZnO6,MP,OQMD,0.6585000000000001,0.7870000000000004,0.12850000000000028
Ba2ScNbO6,MP,OQMD,2.5719000000000003,2.842,0.2700999999999998
Ba2ScTaO6,JARVIS,MP,3.065,3.0173,0.047699999999999854
Ba2ScTaO6,JARVIS,OQMD,3.065,3.2545,0.18950000000000022
Ba2ScTaO6,MP,OQMD,3.0173,3.2545,0.23720000000000008
Ba2ScUO6,JARVIS,MP,0.902,0.8326000000000001,0.0693999999999999
Ba2ScUO6,JARVIS,OQMD,0.902,3.9769999999999994,3.0749999999999993
Ba2ScUO6,MP,OQMD,0.8326000000000001,3.9769999999999994,3.144399999999999
Ba2SmMoO6,JARVIS,MP,2.263,0.9085000000000001,1.3544999999999998
Ba2SmNbO6,JARVIS,MP,2.924,2.8788999999999993,0.045100000000000584
Ba2SmNbO6,JARVIS,OQMD,2.924,3.2245,0.3005
Ba2SmNbO6,MP,OQMD,2.8788999999999993,3.2245,0.3456000000000006
Ba2SmSbO6,JARVIS,MP,3.893,3.5825999999999993,0.31040000000000045
Ba2SmSbO6,JARVIS,OQMD,3.893,4.1505,0.2575000000000003
Ba2SmSbO6,MP,OQMD,3.5825999999999993,4.1505,0.5679000000000007
Ba2SmTaO6,JARVIS,MP,3.415,3.3634,0.05160000000000009
Ba2SmTaO6,JARVIS,OQMD,3.415,3.753,0.3380000000000001
Ba2SmTaO6,MP,OQMD,3.3634,3.753,0.38960000000000017
Ba2SmVO6,MP,OQMD,1.63095,1.9189999999999996,0.2880499999999997
Ba2SnWO6,MP,OQMD,1.3768500000000001,1.017,0.3598500000000002
Ba2SrTeO6,AFLOW,JARVIS,3.1247,3.429,0.3043
Ba2SrTeO6,AFLOW,MP,3.1247,3.129199999999999,0.004499999999999282
Ba2SrTeO6,AFLOW,OQMD,3.1247,3.5919999999999996,0.4672999999999998
Ba2SrTeO6,JARVIS,MP,3.429,3.129199999999999,0.29980000000000073
Ba2SrTeO6,JARVIS,OQMD,3.429,3.5919999999999996,0.1629999999999998
Ba2SrTeO6,MP,OQMD,3.129199999999999,3.5919999999999996,0.46280000000000054
Ba2SrTi3O9,JARVIS,MP,1.772,1.8073000000000001,0.03530000000000011
Ba2SrV2O8,MP,OQMD,3.7201,3.851,0.13090000000000002
Ba2SrWO6,AFLOW,JARVIS,3.0555,0.593,2.4625
Ba2SrWO6,AFLOW,MP,3.0555,3.23515,0.1796500000000001
Ba2SrWO6,AFLOW,OQMD,3.0555,2.894,0.16149999999999975
Ba2SrWO6,JARVIS,MP,0.593,3.23515,2.64215
Ba2SrWO6,JARVIS,OQMD,0.593,2.894,2.301
Ba2SrWO6,MP,OQMD,3.23515,2.894,0.34114999999999984
Ba2TaBiO6,AFLOW,JARVIS,2.7367,2.642,0.0947
Ba2TaBiO6,AFLOW,MP,2.7367,2.5855,0.15119999999999978
Ba2TaBiO6,AFLOW,OQMD,2.7367,2.738,0.0013000000000000789
Ba2TaBiO6,JARVIS,MP,2.642,2.5855,0.05649999999999977
Ba2TaBiO6,JARVIS,OQMD,2.642,2.738,0.09600000000000009
Ba2TaBiO6,MP,OQMD,2.5855,2.738,0.15249999999999986
Ba2TaCoO6,JARVIS,MP,0.496,1.532799999999999,1.036799999999999
Ba2TaCoO6,JARVIS,OQMD,0.496,0.8694999999999999,0.37349999999999994
Ba2TaCoO6,MP,OQMD,1.532799999999999,0.8694999999999999,0.6632999999999991
Ba2TaCrO6,AFLOW,MP,2.2288,2.2009,0.027900000000000258
Ba2TaCrO6,AFLOW,OQMD,2.2288,2.7145,0.4857
Ba2TaCrO6,MP,OQMD,2.2009,2.7145,0.5136000000000003
Ba2TaFeO6,MP,OQMD,1.862299999999999,1.75,0.11229999999999896
Ba2TaInO6,AFLOW,MP,4.0981000000000005,3.945899999999999,0.15220000000000145
Ba2TaInO6,AFLOW,OQMD,4.0981000000000005,4.3975,0.29939999999999944
Ba2TaInO6,MP,OQMD,3.945899999999999,4.3975,0.4516000000000009
Ba2TaMnO6,MP,OQMD,1.1694,0.474,0.6954
Ba2TaTlO6,JARVIS,MP,2.415,2.241,0.17399999999999993
Ba2TaTlO6,JARVIS,OQMD,2.415,2.685,0.27
Ba2TaTlO6,MP,OQMD,2.241,2.685,0.44399999999999995
Ba2TbNbO6,AFLOW,JARVIS,3.1636,2.9805,0.18310000000000004
Ba2TbNbO6,AFLOW,MP,3.1636,2.9054,0.2582
Ba2TbNbO6,AFLOW,OQMD,3.1636,3.1765,0.01289999999999969
Ba2TbNbO6,JARVIS,MP,2.9805,2.9054,0.07509999999999994
Ba2TbNbO6,JARVIS,OQMD,2.9805,3.1765,0.19599999999999973
Ba2TbNbO6,MP,OQMD,2.9054,3.1765,0.2710999999999997
Ba2TbSbO6,AFLOW,JARVIS,3.5059,3.772,0.2660999999999998
Ba2TbSbO6,AFLOW,MP,3.5059,3.507199999999999,0.0012999999999991907
Ba2TbSbO6,AFLOW,OQMD,3.5059,3.9545000000000003,0.44860000000000033
Ba2TbSbO6,JARVIS,MP,3.772,3.507199999999999,0.2648000000000006
Ba2TbSbO6,JARVIS,OQMD,3.772,3.9545000000000003,0.18250000000000055
Ba2TbSbO6,MP,OQMD,3.507199999999999,3.9545000000000003,0.44730000000000114
Ba2TbTaO6,JARVIS,MP,3.447,3.4418999999999995,0.0051000000000005485
Ba2TbTaO6,JARVIS,OQMD,3.447,3.7335000000000003,0.2865000000000002
Ba2TbTaO6,MP,OQMD,3.4418999999999995,3.7335000000000003,0.29160000000000075
Ba2Ti(GeO4)2,AFLOW,MP,3.6585,3.7129000000000003,0.054400000000000226
Ba2Ti(SiO4)2,AFLOW,MP,4.33045,3.7274000000000003,0.6030499999999996
Ba2Ti3Tl2O10,JARVIS,MP,0.805,0.753599999999999,0.051400000000001
Ba2TiMnO6,MP,OQMD,1.158799999999999,0.749,0.40979999999999894
Ba2TiSnO6,CMR,OQMD,4.61017339121,2.839,1.77117339121
Ba2TmNbO6,JARVIS,MP,2.914,2.8502,0.06380000000000008
Ba2TmNbO6,JARVIS,OQMD,2.914,3.0940000000000003,0.18000000000000016
Ba2TmNbO6,MP,OQMD,2.8502,3.0940000000000003,0.24380000000000024
Ba2TmRuO6,JARVIS,MP,0.07,0.0645,0.005500000000000005
Ba2TmRuO6,JARVIS,OQMD,0.07,0.258,0.188
Ba2TmRuO6,MP,OQMD,0.0645,0.258,0.1935
Ba2TmTaO6,JARVIS,MP,3.456,3.4065,0.0495000000000001
Ba2TmTaO6,JARVIS,OQMD,3.456,3.6195,0.16349999999999998
Ba2TmTaO6,MP,OQMD,3.4065,3.6195,0.21300000000000008
Ba2UCrO6,JARVIS,MP,0.75,0.9356999999999991,0.1856999999999991
Ba2UCuO6,AFLOW,MP,1.3723,0.073099999999999,1.299200000000001
Ba2UCuO6,AFLOW,OQMD,1.3723,0.545,0.8273
Ba2UCuO6,MP,OQMD,0.073099999999999,0.545,0.47190000000000104
Ba2UFeO6,AFLOW,JARVIS,1.92205,0.182,1.74005
Ba2UFeO6,AFLOW,MP,1.92205,0.5156000000000001,1.40645
Ba2UFeO6,AFLOW,OQMD,1.92205,2.316,0.3939499999999998
Ba2UFeO6,JARVIS,MP,0.182,0.5156000000000001,0.33360000000000006
Ba2UFeO6,JARVIS,OQMD,0.182,2.316,2.134
Ba2UFeO6,MP,OQMD,0.5156000000000001,2.316,1.8003999999999998
Ba2UGeO6,JARVIS,MP,0.598,0.6334000000000001,0.0354000000000001
Ba2UMnO6,JARVIS,MP,0.087,0.06130000000000001,0.025699999999999987
Ba2UMnO6,JARVIS,OQMD,0.087,1.8580000000000003,1.7710000000000004
Ba2UMnO6,MP,OQMD,0.06130000000000001,1.8580000000000003,1.7967000000000004
Ba2UNiO6,AFLOW,JARVIS,2.60915,1.038,1.57115
Ba2UNiO6,AFLOW,MP,2.60915,1.6246,0.98455
Ba2UNiO6,AFLOW,OQMD,2.60915,2.798,0.18884999999999996
Ba2UNiO6,JARVIS,MP,1.038,1.6246,0.5866
Ba2UNiO6,JARVIS,OQMD,1.038,2.798,1.76
Ba2UNiO6,MP,OQMD,1.6246,2.798,1.1734
Ba2UZnO6,AFLOW,JARVIS,2.89005,1.736,1.15405
Ba2UZnO6,AFLOW,MP,2.89005,1.786299999999999,1.103750000000001
Ba2UZnO6,AFLOW,OQMD,2.89005,3.104,0.21395000000000008
Ba2UZnO6,JARVIS,MP,1.736,1.786299999999999,0.05029999999999912
Ba2UZnO6,JARVIS,OQMD,1.736,3.104,1.368
Ba2UZnO6,MP,OQMD,1.786299999999999,3.104,1.317700000000001
Ba2V(SiO4)2,AFLOW,JARVIS,2.3123,0.96,1.3523
Ba2V(SiO4)2,AFLOW,MP,2.3123,2.6343,0.32200000000000006
Ba2V(SiO4)2,JARVIS,MP,0.96,2.6343,1.6743000000000001
Ba2V2ZnO8,AFLOW,MP,3.4926,3.4759,0.016699999999999715
Ba2VBiO6,MP,OQMD,1.1293999999999995,1.212,0.08260000000000045
Ba2VFeO6,MP,OQMD,0.8613,1.1245,0.2632000000000001
Ba2VMoO6,MP,OQMD,0.40029999999999905,0.323,0.07729999999999904
Ba2YBiO6,AFLOW,CMR,1.93525,3.83299480369,1.8977448036900002
Ba2YBiO6,AFLOW,JARVIS,1.93525,1.957,0.021750000000000158
Ba2YBiO6,AFLOW,MP,1.93525,1.7910999999999992,0.14415000000000067
Ba2YBiO6,AFLOW,OQMD,1.93525,2.293,0.35775000000000023
Ba2YBiO6,CMR,JARVIS,3.83299480369,1.957,1.87599480369
Ba2YBiO6,CMR,MP,3.83299480369,1.7910999999999992,2.041894803690001
Ba2YBiO6,CMR,OQMD,3.83299480369,2.293,1.53999480369
Ba2YBiO6,JARVIS,MP,1.957,1.7910999999999992,0.16590000000000082
Ba2YBiO6,JARVIS,OQMD,1.957,2.293,0.3360000000000001
Ba2YBiO6,MP,OQMD,1.7910999999999992,2.293,0.5019000000000009
Ba2YNbO6,AFLOW,CMR,3.0843,5.15011498128,2.06581498128
Ba2YNbO6,AFLOW,JARVIS,3.0843,2.92,0.1642999999999999
Ba2YNbO6,AFLOW,MP,3.0843,2.8792999999999997,0.20500000000000007
Ba2YNbO6,AFLOW,OQMD,3.0843,3.1605,0.07620000000000005
Ba2YNbO6,CMR,JARVIS,5.15011498128,2.92,2.23011498128
Ba2YNbO6,CMR,MP,5.15011498128,2.8792999999999997,2.27081498128
Ba2YNbO6,CMR,OQMD,5.15011498128,3.1605,1.98961498128
Ba2YNbO6,JARVIS,MP,2.92,2.8792999999999997,0.04070000000000018
Ba2YNbO6,JARVIS,OQMD,2.92,3.1605,0.24049999999999994
Ba2YNbO6,MP,OQMD,2.8792999999999997,3.1605,0.2812000000000001
Ba2YOsO6,MP,OQMD,0.055099999999999004,0.799,0.743900000000001
Ba2YRuO6,AFLOW,JARVIS,1.1106500000000001,0.099,1.0116500000000002
Ba2YRuO6,AFLOW,MP,1.1106500000000001,0.0903,1.02035
Ba2YRuO6,AFLOW,OQMD,1.1106500000000001,0.436,0.6746500000000002
Ba2YRuO6,JARVIS,MP,0.099,0.0903,0.0087
Ba2YRuO6,JARVIS,OQMD,0.099,0.436,0.33699999999999997
Ba2YRuO6,MP,OQMD,0.0903,0.436,0.3457
Ba2YSbO6,AFLOW,JARVIS,3.5419,3.864,0.32209999999999983
Ba2YSbO6,AFLOW,MP,3.5419,3.5462,0.0042999999999997485
Ba2YSbO6,AFLOW,OQMD,3.5419,4.04,0.4981
Ba2YSbO6,JARVIS,MP,3.864,3.5462,0.3178000000000001
Ba2YSbO6,JARVIS,OQMD,3.864,4.04,0.17600000000000016
Ba2YSbO6,MP,OQMD,3.5462,4.04,0.49380000000000024
Ba2YTaO6,AFLOW,CMR,3.4795,6.13328654927,2.6537865492700004
Ba2YTaO6,AFLOW,JARVIS,3.4795,3.4885,0.009000000000000341
Ba2YTaO6,AFLOW,MP,3.4795,3.4129499999999995,0.06655000000000033
Ba2YTaO6,AFLOW,OQMD,3.4795,3.6745,0.19500000000000028
Ba2YTaO6,CMR,JARVIS,6.13328654927,3.4885,2.64478654927
Ba2YTaO6,CMR,MP,6.13328654927,3.4129499999999995,2.7203365492700007
Ba2YTaO6,CMR,OQMD,6.13328654927,3.6745,2.45878654927
Ba2YTaO6,JARVIS,MP,3.4885,3.4129499999999995,0.07555000000000067
Ba2YTaO6,JARVIS,OQMD,3.4885,3.6745,0.18599999999999994
Ba2YTaO6,MP,OQMD,3.4129499999999995,3.6745,0.2615500000000006
Ba2YUO6,MP,OQMD,0.8651999999999991,4.001,3.1358000000000015
Ba2YWO6,MP,OQMD,1.7928000000000002,0.345999999999999,1.4468000000000012
Ba2YbMoO6,JARVIS,MP,2.124,2.2435,0.11949999999999994
Ba2YbMoO6,JARVIS,OQMD,2.124,2.253,0.129
Ba2YbMoO6,MP,OQMD,2.2435,2.253,0.009500000000000064
Ba2ZnGe2O7,AFLOW,JARVIS,3.367,3.072,0.29499999999999993
Ba2ZnGe2O7,AFLOW,MP,3.367,3.1063,0.26069999999999993
Ba2ZnGe2O7,JARVIS,MP,3.072,3.1063,0.0343
Ba2ZnMoO6,JARVIS,MP,2.299,2.385199999999999,0.08619999999999894
Ba2ZnMoO6,JARVIS,OQMD,2.299,2.31,0.01100000000000012
Ba2ZnMoO6,MP,OQMD,2.385199999999999,2.31,0.07519999999999882
Ba2ZnSi2O7,AFLOW,JARVIS,4.2748,4.29,0.015200000000000102
Ba2ZnSi2O7,AFLOW,MP,4.2748,4.0027,0.2721
Ba2ZnSi2O7,JARVIS,MP,4.29,4.0027,0.2873000000000001
Ba2ZnTeO6,MP,OQMD,0.444399999999999,0.866000000000001,0.421600000000002
Ba2ZnWO6,AFLOW,JARVIS,2.9877,0.456,2.5317
Ba2ZnWO6,AFLOW,MP,2.9877,3.3679,0.3802000000000003
Ba2ZnWO6,AFLOW,OQMD,2.9877,3.15,0.1623000000000001
Ba2ZnWO6,JARVIS,MP,0.456,3.3679,2.9119
Ba2ZnWO6,JARVIS,OQMD,0.456,3.15,2.694
Ba2ZnWO6,MP,OQMD,3.3679,3.15,0.2179000000000002
Ba2ZrSnO6,CMR,JARVIS,6.14279282408,3.858,2.2847928240799997
Ba2ZrSnO6,CMR,MP,6.14279282408,3.6894,2.45339282408
Ba2ZrSnO6,CMR,OQMD,6.14279282408,4.179,1.9637928240799996
Ba2ZrSnO6,JARVIS,MP,3.858,3.6894,0.16860000000000008
Ba2ZrSnO6,JARVIS,OQMD,3.858,4.179,0.3210000000000002
Ba2ZrSnO6,MP,OQMD,3.6894,4.179,0.48960000000000026
Ba2ZrTiO6,CMR,MP,4.58634991588,2.2161,2.3702499158799997
Ba2ZrTiO6,CMR,OQMD,4.58634991588,2.4320000000000004,2.1543499158799992
Ba2ZrTiO6,MP,OQMD,2.2161,2.4320000000000004,0.21590000000000042
Ba3Al2(SiO4)3,AFLOW,JARVIS,3.2937,3.495,0.20130000000000026
Ba3Al2(SiO4)3,AFLOW,MP,3.2937,3.4204,0.12670000000000003
Ba3Al2(SiO4)3,JARVIS,MP,3.495,3.4204,0.07460000000000022
Ba3Bi2TeO9,AFLOW,JARVIS,2.1264,2.169,0.04260000000000019
Ba3Bi2TeO9,AFLOW,MP,2.1264,2.1188,0.007600000000000051
Ba3Bi2TeO9,JARVIS,MP,2.169,2.1188,0.050200000000000244
Ba3CaNb2O9,JARVIS,MP,2.703,2.646,0.05699999999999994
Ba3CaNb2O9,JARVIS,OQMD,2.703,2.8354999999999997,0.13249999999999984
Ba3CaNb2O9,MP,OQMD,2.646,2.8354999999999997,0.18949999999999978
Ba3CaSb2O9,AFLOW,MP,3.1721,3.1711,0.0009999999999998899
Ba3CaSb2O9,AFLOW,OQMD,3.1721,1.241,1.9310999999999998
Ba3CaSb2O9,MP,OQMD,3.1711,1.241,1.9301
Ba3CaTa2O9,JARVIS,MP,3.268,3.1979,0.07009999999999961
Ba3CaTa2O9,JARVIS,OQMD,3.268,3.5129999999999995,0.24499999999999966
Ba3CaTa2O9,MP,OQMD,3.1979,3.5129999999999995,0.31509999999999927
Ba3CoSb2O9,AFLOW,OQMD,2.33135,0.24800000000000022,2.08335
Ba3Ga2(Ge2O7)2,AFLOW,JARVIS,2.2336,2.353,0.11940000000000017
Ba3Ga2(Ge2O7)2,AFLOW,MP,2.2336,2.258999999999999,0.02539999999999898
Ba3Ga2(Ge2O7)2,JARVIS,MP,2.353,2.258999999999999,0.0940000000000012
Ba3Ge2(B3O8)2,AFLOW,JARVIS,4.0772,4.1955,0.11829999999999963
Ba3Ge2(B3O8)2,AFLOW,MP,4.0772,4.1759,0.09870000000000001
Ba3Ge2(B3O8)2,JARVIS,MP,4.1955,4.1759,0.019599999999999618
Ba3Ho2MoO9,JARVIS,MP,2.021,2.1402,0.1192000000000002
Ba3In2MoO9,JARVIS,MP,1.691,1.8273000000000001,0.1363000000000001
Ba3Lu2MoO9,JARVIS,MP,1.767,1.898299999999999,0.13129999999999908
Ba3MgNb2O9,AFLOW,JARVIS,2.9072,2.712,0.19519999999999982
Ba3MgNb2O9,AFLOW,MP,2.9072,2.647999999999999,0.2592000000000012
Ba3MgNb2O9,AFLOW,OQMD,2.9072,2.774,0.13319999999999999
Ba3MgNb2O9,JARVIS,MP,2.712,2.647999999999999,0.06400000000000139
Ba3MgNb2O9,JARVIS,OQMD,2.712,2.774,0.06199999999999983
Ba3MgNb2O9,MP,OQMD,2.647999999999999,2.774,0.12600000000000122
Ba3MgSb2O9,AFLOW,JARVIS,2.6497,2.688,0.0383
Ba3MgSb2O9,AFLOW,MP,2.6497,2.6494,0.000300000000000189
Ba3MgSb2O9,AFLOW,OQMD,2.6497,0.8714999999999997,1.7782000000000004
Ba3MgSb2O9,JARVIS,MP,2.688,2.6494,0.03860000000000019
Ba3MgSb2O9,JARVIS,OQMD,2.688,0.8714999999999997,1.8165000000000004
Ba3MgSb2O9,MP,OQMD,2.6494,0.8714999999999997,1.7779000000000003
Ba3MgTa2O9,AFLOW,JARVIS,3.3957,3.353,0.04269999999999996
Ba3MgTa2O9,AFLOW,MP,3.3957,3.2733,0.12240000000000029
Ba3MgTa2O9,AFLOW,OQMD,3.3957,3.445,0.04929999999999968
Ba3MgTa2O9,JARVIS,MP,3.353,3.2733,0.07970000000000033
Ba3MgTa2O9,JARVIS,OQMD,3.353,3.445,0.09199999999999964
Ba3MgTa2O9,MP,OQMD,3.2733,3.445,0.17169999999999996
Ba3MnNb2O9,JARVIS,MP,0.279,1.7737999999999992,1.4947999999999992
Ba3MnNb2O9,JARVIS,OQMD,0.279,1.606,1.327
Ba3MnNb2O9,MP,OQMD,1.7737999999999992,1.606,0.16779999999999906
Ba3MnSb2O9,AFLOW,MP,1.7797,1.5103,0.2694000000000001
Ba3Nb2CdO9,MP,OQMD,2.8138,3.005,0.19119999999999981
Ba3Nb2CoO9,AFLOW,MP,2.5805,1.6878000000000002,0.8926999999999996
Ba3Nb2CoO9,AFLOW,OQMD,2.5805,1.3074999999999997,1.2730000000000001
Ba3Nb2CoO9,MP,OQMD,1.6878000000000002,1.3074999999999997,0.3803000000000005
Ba3Nb2NiO9,MP,OQMD,2.680799999999999,2.918,0.23720000000000097
Ba3Nb2O8,CMR,OQMD,7.36858865114,4.821,2.54758865114
Ba3Nb2ZnO9,AFLOW,CMR,2.9503,4.7355192218,1.7852192217999998
Ba3Nb2ZnO9,AFLOW,JARVIS,2.9503,2.81,0.14029999999999987
Ba3Nb2ZnO9,AFLOW,MP,2.9503,2.7287,0.22160000000000002
Ba3Nb2ZnO9,AFLOW,OQMD,2.9503,2.922,0.02829999999999977
Ba3Nb2ZnO9,CMR,JARVIS,4.7355192218,2.81,1.9255192217999997
Ba3Nb2ZnO9,CMR,MP,4.7355192218,2.7287,2.0068192218
Ba3Nb2ZnO9,CMR,OQMD,4.7355192218,2.922,1.8135192217999996
Ba3Nb2ZnO9,JARVIS,MP,2.81,2.7287,0.08130000000000015
Ba3Nb2ZnO9,JARVIS,OQMD,2.81,2.922,0.1120000000000001
Ba3Nb2ZnO9,MP,OQMD,2.7287,2.922,0.19330000000000025
Ba3NiRu2O9,AFLOW,JARVIS,1.0036,0.169,0.8346
Ba3NiSb2O9,AFLOW,OQMD,0.7484500000000001,0.629,0.11945000000000006
Ba3Sr(SnO3)4,JARVIS,MP,0.594,0.5104999999999991,0.0835000000000009
Ba3SrNb2O9,AFLOW,JARVIS,3.4819,3.0220000000000002,0.45989999999999975
Ba3SrNb2O9,AFLOW,MP,3.4819,3.0998,0.3820999999999999
Ba3SrNb2O9,JARVIS,MP,3.0220000000000002,3.0998,0.07779999999999987
Ba3SrSb2O9,AFLOW,MP,3.1322,3.1456,0.013399999999999856
Ba3SrSb2O9,AFLOW,OQMD,3.1322,1.4289999999999998,1.7032000000000003
Ba3SrSb2O9,MP,OQMD,3.1456,1.4289999999999998,1.7166000000000001
Ba3SrTa2O9,AFLOW,JARVIS,3.9238,3.838,0.08579999999999988
Ba3SrTa2O9,AFLOW,MP,3.9238,3.8005,0.12329999999999997
Ba3SrTa2O9,AFLOW,OQMD,3.9238,3.53,0.39380000000000015
Ba3SrTa2O9,JARVIS,MP,3.838,3.8005,0.03750000000000009
Ba3SrTa2O9,JARVIS,OQMD,3.838,3.53,0.3080000000000003
Ba3SrTa2O9,MP,OQMD,3.8005,3.53,0.2705000000000002
Ba3Ta2CdO9,AFLOW,JARVIS,3.6033,3.585,0.018299999999999983
Ba3Ta2CdO9,AFLOW,MP,3.6033,3.4856,0.11770000000000014
Ba3Ta2CdO9,AFLOW,OQMD,3.6033,3.701,0.09770000000000012
Ba3Ta2CdO9,JARVIS,MP,3.585,3.4856,0.09940000000000015
Ba3Ta2CdO9,JARVIS,OQMD,3.585,3.701,0.1160000000000001
Ba3Ta2CdO9,MP,OQMD,3.4856,3.701,0.21540000000000026
Ba3Ta2CoO9,MP,OQMD,2.229399999999999,2.038,0.19139999999999935
Ba3Ta2MnO9,MP,OQMD,2.3396,2.326,0.013599999999999834
Ba3Ta2NiO9,AFLOW,JARVIS,3.4985,1.283,2.2155
Ba3Ta2NiO9,AFLOW,MP,3.4985,3.3673,0.13119999999999976
Ba3Ta2NiO9,AFLOW,OQMD,3.4985,3.52,0.021500000000000075
Ba3Ta2NiO9,JARVIS,MP,1.283,3.3673,2.0843000000000003
Ba3Ta2NiO9,JARVIS,OQMD,1.283,3.52,2.237
Ba3Ta2NiO9,MP,OQMD,3.3673,3.52,0.15269999999999984
Ba3Ta2ZnO9,MP,OQMD,3.348799999999999,3.596,0.2472000000000012
Ba3Ti2O7,CMR,OQMD,3.53777168531,1.802,1.73577168531
Ba3Ti3(BO6)2,AFLOW,JARVIS,2.5512,2.172,0.3792
Ba3Ti3(BO6)2,AFLOW,MP,2.5512,2.1313,0.41990000000000016
Ba3Ti3(BO6)2,JARVIS,MP,2.172,2.1313,0.04070000000000018
Ba3UIn2O9,JARVIS,MP,1.473,1.4756999999999996,0.0026999999999994806
Ba3V2O8,CMR,OQMD,5.27536997769,3.9365,1.3388699776899995
Ba3ZnSb2O9,MP,OQMD,1.968499999999999,0.43299999999999983,1.5354999999999992
Ba3Zr2O7,CMR,OQMD,5.89590811455,3.2545,2.64140811455
Ba4CaTi5O15,JARVIS,MP,1.709,1.714699999999999,0.005699999999998928
Ba4CaZr5O15,JARVIS,MP,3.253,3.0805499999999997,0.17245000000000044
Ba4CeMn3O12,AFLOW,JARVIS,1.8652,1.517,0.34820000000000007
Ba4CeMn3O12,AFLOW,MP,1.8652,1.9704000000000002,0.10520000000000018
Ba4CeMn3O12,JARVIS,MP,1.517,1.9704000000000002,0.45340000000000025
Ba4Li(SbO4)3,CMR,MP,3.70058192701,1.454399999999999,2.246181927010001
Ba4Li(SbO4)3,CMR,OQMD,3.70058192701,1.886,1.81458192701
Ba4Li(SbO4)3,MP,OQMD,1.454399999999999,1.886,0.43160000000000087
Ba4LiNb3O12,AFLOW,MP,2.787,2.56635,0.22065
Ba4LiNb3O12,AFLOW,OQMD,2.787,2.625,0.16199999999999992
Ba4LiNb3O12,MP,OQMD,2.56635,2.625,0.05865000000000009
Ba4LiTa3O12,AFLOW,JARVIS,3.2051,3.153,0.05209999999999981
Ba4LiTa3O12,AFLOW,MP,3.2051,3.113299999999999,0.09180000000000099
Ba4LiTa3O12,AFLOW,OQMD,3.2051,3.0140000000000002,0.1910999999999996
Ba4LiTa3O12,JARVIS,MP,3.153,3.113299999999999,0.03970000000000118
Ba4LiTa3O12,JARVIS,OQMD,3.153,3.0140000000000002,0.1389999999999998
Ba4LiTa3O12,MP,OQMD,3.113299999999999,3.0140000000000002,0.09929999999999861
Ba4Na(RuO4)3,AFLOW,JARVIS,0.6996,0.368,0.3316
Ba4Na(SbO4)3,AFLOW,MP,1.51525,1.5158,0.0005500000000000504
Ba4Na(SbO4)3,AFLOW,OQMD,1.51525,1.852,0.3367500000000001
Ba4Na(SbO4)3,MP,OQMD,1.5158,1.852,0.33620000000000005
Ba4SrHf5O15,JARVIS,MP,3.665,3.592599999999999,0.07240000000000091
Ba4Ti2PtO10,JARVIS,MP,2.012,1.9973,0.014699999999999935
Ba4Zr3TiO12,JARVIS,MP,1.778,1.7076,0.07040000000000002
Ba5Li2(WO5)3,AFLOW,MP,2.0695,2.291499999999999,0.2219999999999991
Ba6Nb3HO14,AFLOW,MP,3.4469,3.4195,0.027399999999999647
Ba6Y2Ti4O17,AFLOW,MP,3.0308,2.6243,0.4065000000000003
Ba9Sc2(SiO4)6,AFLOW,MP,4.5091,4.3422,0.16690000000000005
Ba9Y2(SiO4)6,JARVIS,MP,4.611,4.5982,0.012799999999999478
BaAl2(GeO4)2,AFLOW,MP,3.4689,4.0798,0.6108999999999996
BaAl2(SiO4)2,JARVIS,MP,5.019,4.8004999999999995,0.21850000000000058
BaAl2(SiO4)2,JARVIS,OQMD,5.019,5.126,0.1070000000000002
BaAl2(SiO4)2,MP,OQMD,4.8004999999999995,5.126,0.3255000000000008
BaAl2B2O7,AFLOW,CMR,4.6664,8.77266881851,4.10626881851
BaAl2B2O7,AFLOW,JARVIS,4.6664,4.691,0.02459999999999951
BaAl2B2O7,AFLOW,MP,4.6664,4.6477,0.01869999999999994
BaAl2B2O7,AFLOW,OQMD,4.6664,4.926,0.25959999999999983
BaAl2B2O7,CMR,JARVIS,8.77266881851,4.691,4.081668818510001
BaAl2B2O7,CMR,MP,8.77266881851,4.6477,4.12496881851
BaAl2B2O7,CMR,OQMD,8.77266881851,4.926,3.8466688185100004
BaAl2B2O7,JARVIS,MP,4.691,4.6477,0.04329999999999945
BaAl2B2O7,JARVIS,OQMD,4.691,4.926,0.23500000000000032
BaAl2B2O7,MP,OQMD,4.6477,4.926,0.27829999999999977
BaAl2Sb2O7,AFLOW,CMR,3.41695,5.57978223518,2.16283223518
BaAl2Sb2O7,AFLOW,JARVIS,3.41695,3.526,0.10904999999999987
BaAl2Sb2O7,AFLOW,MP,3.41695,3.4109,0.006050000000000111
BaAl2Sb2O7,AFLOW,OQMD,3.41695,3.292,0.12495000000000012
BaAl2Sb2O7,CMR,JARVIS,5.57978223518,3.526,2.05378223518
BaAl2Sb2O7,CMR,MP,5.57978223518,3.4109,2.16888223518
BaAl2Sb2O7,CMR,OQMD,5.57978223518,3.292,2.28778223518
BaAl2Sb2O7,JARVIS,MP,3.526,3.4109,0.11509999999999998
BaAl2Sb2O7,JARVIS,OQMD,3.526,3.292,0.23399999999999999
BaAl2Sb2O7,MP,OQMD,3.4109,3.292,0.1189
BaCa(SnO3)2,CMR,OQMD,3.23755869471,1.8419999999999996,1.3955586947100005
BaCaTi2O6,CMR,OQMD,3.83482990843,1.746,2.08882990843
BaCaZr2O6,CMR,MP,6.31128222595,3.1767,3.1345822259500005
BaCaZr2O6,CMR,OQMD,6.31128222595,3.2870000000000004,3.02428222595
BaCaZr2O6,MP,OQMD,3.1767,3.2870000000000004,0.11030000000000051
BaCo(SeO3)2,AFLOW,MP,3.4535,2.901,0.5525000000000002
BaCo(SeO3)2,AFLOW,OQMD,3.4535,2.128,1.3255
BaCo(SeO3)2,MP,OQMD,2.901,2.128,0.7729999999999997
BaCo2(AsO4)2,AFLOW,MP,2.6322,0.8180000000000001,1.8142
BaCo2(AsO4)2,AFLOW,OQMD,2.6322,2.339,0.2932000000000001
BaCo2(AsO4)2,MP,OQMD,0.8180000000000001,2.339,1.521
BaCo2(PO4)2,JARVIS,MP,0.551,2.284099999999999,1.733099999999999
BaCo2(PO4)2,JARVIS,OQMD,0.551,2.958,2.407
BaCo2(PO4)2,MP,OQMD,2.284099999999999,2.958,0.673900000000001
BaCu(SeO3)2,AFLOW,JARVIS,1.572,0.498,1.074
BaCu(SeO3)2,AFLOW,MP,1.572,0.5645,1.0075
BaCu(SeO3)2,JARVIS,MP,0.498,0.5645,0.0665
BaCu(SiO3)2,AFLOW,JARVIS,1.5575,0.417,1.1405
BaCu(SiO3)2,AFLOW,MP,1.5575,0.612699999999999,0.9448000000000011
BaCu(SiO3)2,JARVIS,MP,0.417,0.612699999999999,0.19569999999999904
BaCu2(PO4)2,AFLOW,MP,1.4324,0.3255,1.1069
BaCu2Ge2O7,AFLOW,MP,0.98855,0.21399999999999902,0.774550000000001
BaEuZr2O6,MP,OQMD,0.23850000000000002,3.4735,3.235
BaFe2(PO4)2,MP,OQMD,3.5212,0.3884999999999998,3.1327000000000003
BaGa2(GeO4)2,AFLOW,JARVIS,2.9409,3.167,0.22609999999999975
BaGa2(GeO4)2,AFLOW,MP,2.9409,3.332699999999999,0.39179999999999904
BaGa2(GeO4)2,JARVIS,MP,3.167,3.332699999999999,0.1656999999999993
BaGa2(SiO4)2,AFLOW,MP,3.95385,4.1576,0.20375000000000032
BaGa2B2O7,AFLOW,JARVIS,4.0527,4.209,0.15629999999999988
BaGa2B2O7,AFLOW,MP,4.0527,3.984199999999999,0.06850000000000067
BaGa2B2O7,AFLOW,OQMD,4.0527,4.252,0.19930000000000003
BaGa2B2O7,JARVIS,MP,4.209,3.984199999999999,0.22480000000000055
BaGa2B2O7,JARVIS,OQMD,4.209,4.252,0.04300000000000015
BaGa2B2O7,MP,OQMD,3.984199999999999,4.252,0.2678000000000007
BaGd2Sc2O7,AFLOW,MP,3.6147,2.9688,0.6459000000000001
BaGeO3,CMR,OQMD,6.72184139324,3.414,3.30784139324
BaHf(BO3)2,MP,OQMD,4.7103,4.862,0.15169999999999995
BaHfO3,CMR,OQMD,6.643999752665,3.6985,2.9454997526649995
BaLa2In2O7,AFLOW,MP,2.6389,2.7356,0.09669999999999979
BaLa2Sc2O7,AFLOW,MP,3.7966,3.6458,0.15080000000000027
BaLaTiInO6,CMR,OQMD,5.08408953779,3.2189999999999994,1.8650895377900003
BaLi2Ti6O14,JARVIS,MP,2.896,2.9428,0.046800000000000175
BaMg2V2O8,AFLOW,JARVIS,3.5423,3.406,0.13629999999999987
BaMg2V2O8,AFLOW,MP,3.5423,3.5789,0.036599999999999966
BaMg2V2O8,AFLOW,OQMD,3.5423,3.788,0.2456999999999998
BaMg2V2O8,JARVIS,MP,3.406,3.5789,0.17289999999999983
BaMg2V2O8,JARVIS,OQMD,3.406,3.788,0.3819999999999997
BaMg2V2O8,MP,OQMD,3.5789,3.788,0.20909999999999984
BaMn2V2O8,MP,OQMD,2.2123,2.243,0.03069999999999995
BaNd2In2O7,AFLOW,MP,2.571,2.384599999999999,0.18640000000000123
BaNd2In2O7,AFLOW,OQMD,2.571,3.0980000000000003,0.5270000000000001
BaNd2In2O7,MP,OQMD,2.384599999999999,3.0980000000000003,0.7134000000000014
BaNd2Sc2O7,AFLOW,MP,3.6319,3.5251,0.10679999999999978
BaNd2Sc2O7,AFLOW,OQMD,3.6319,3.7550000000000003,0.12310000000000043
BaNd2Sc2O7,MP,OQMD,3.5251,3.7550000000000003,0.22990000000000022
BaNi2(AsO4)2,AFLOW,JARVIS,2.705,1.0,1.705
BaNi2(AsO4)2,AFLOW,MP,2.705,2.8416,0.13660000000000005
BaNi2(AsO4)2,AFLOW,OQMD,2.705,3.282,0.577
BaNi2(AsO4)2,JARVIS,MP,1.0,2.8416,1.8416000000000001
BaNi2(AsO4)2,JARVIS,OQMD,1.0,3.282,2.282
BaNi2(AsO4)2,MP,OQMD,2.8416,3.282,0.4403999999999999
BaNi2(PO4)2,AFLOW,JARVIS,3.287,0.85,2.437
BaNi2(PO4)2,AFLOW,OQMD,3.287,4.031,0.7439999999999998
BaNi2(PO4)2,JARVIS,OQMD,0.85,4.031,3.1809999999999996
BaPd(SeO3)2,JARVIS,MP,1.638,1.6510999999999991,0.013099999999999223
BaPd(SeO3)2,JARVIS,OQMD,1.638,1.6395,0.0015000000000000568
BaPd(SeO3)2,MP,OQMD,1.6510999999999991,1.6395,0.011599999999999167
BaSnO3,CMR,OQMD,2.38257011711,1.588,0.7945701171100001
BaSr(SnO3)2,CMR,JARVIS,2.66476181518,0.765,1.8997618151799998
BaSr(SnO3)2,CMR,MP,2.66476181518,0.6913999999999996,1.9733618151800003
BaSr(SnO3)2,CMR,OQMD,2.66476181518,1.6585,1.0062618151799998
BaSr(SnO3)2,JARVIS,MP,0.765,0.6913999999999996,0.07360000000000044
BaSr(SnO3)2,JARVIS,OQMD,0.765,1.6585,0.8935000000000001
BaSr(SnO3)2,MP,OQMD,0.6913999999999996,1.6585,0.9671000000000005
BaSr2(SnO3)3,JARVIS,MP,1.418,1.359999999999999,0.05800000000000094
BaSr3(SnO3)4,JARVIS,MP,1.578,1.228599999999999,0.34940000000000104
BaSr3Ti4O12,JARVIS,MP,1.79,1.7434,0.046599999999999975
BaSr3Ti4O12,JARVIS,OQMD,1.79,1.7949999999999997,0.004999999999999671
BaSr3Ti4O12,MP,OQMD,1.7434,1.7949999999999997,0.051599999999999646
BaSr3Zr4O12,MP,OQMD,3.4848,3.2710000000000004,0.21379999999999955
BaSrHf2O6,CMR,JARVIS,6.70341750391,3.933,2.77041750391
BaSrHf2O6,CMR,MP,6.70341750391,3.748199999999999,2.955217503910001
BaSrHf2O6,JARVIS,MP,3.933,3.748199999999999,0.18480000000000096
BaSrMn2O6,MP,OQMD,0.789099999999999,0.923,0.13390000000000102
BaSrTi2O6,CMR,JARVIS,3.77308211791,1.776,1.99708211791
BaSrTi2O6,CMR,MP,3.77308211791,1.7175,2.0555821179100002
BaSrTi2O6,JARVIS,MP,1.776,1.7175,0.058499999999999996
BaSrZr2O6,CMR,MP,6.2598673261,3.1464,3.1134673261000003
BaTeO3,CMR,OQMD,2.879415400065,3.534,0.6545845999349997
BaTi(BO3)2,AFLOW,CMR,2.88145,4.57959943141,1.69814943141
BaTi(BO3)2,AFLOW,JARVIS,2.88145,2.375,0.5064500000000001
BaTi(BO3)2,AFLOW,MP,2.88145,2.387699999999999,0.49375000000000124
BaTi(BO3)2,AFLOW,OQMD,2.88145,2.3575,0.5239500000000001
BaTi(BO3)2,CMR,JARVIS,4.57959943141,2.375,2.20459943141
BaTi(BO3)2,CMR,MP,4.57959943141,2.387699999999999,2.1918994314100013
BaTi(BO3)2,CMR,OQMD,4.57959943141,2.3575,2.22209943141
BaTi(BO3)2,JARVIS,MP,2.375,2.387699999999999,0.012699999999998823
BaTi(BO3)2,JARVIS,OQMD,2.375,2.3575,0.01750000000000007
BaTi(BO3)2,MP,OQMD,2.387699999999999,2.3575,0.030199999999998894
BaTi2GeO6,CMR,OQMD,3.19010677697,1.9259999999999997,1.2641067769700003
BaTi2PbO6,CMR,OQMD,3.64716966973,1.7850000000000001,1.8621696697299996
BaTiO3,CMR,OQMD,4.0,1.798,2.202
BaV2(CoO4)2,AFLOW,OQMD,2.8352500000000003,2.1879999999999997,0.6472500000000005
BaV2(CuO4)2,AFLOW,MP,1.3744,0.1615,1.2129
BaV2(NiO4)2,AFLOW,JARVIS,2.361,0.266,2.095
BaV2(NiO4)2,AFLOW,OQMD,2.361,2.748,0.387
BaV2(NiO4)2,JARVIS,OQMD,0.266,2.748,2.482
BaZn2(AsO4)2,MP,OQMD,3.1532,2.764,0.3892000000000002
BaZn2(PO4)2,AFLOW,MP,4.5024,4.0373,0.4650999999999996
BaZn2(PO4)2,AFLOW,OQMD,4.5024,4.206,0.29639999999999933
BaZn2(PO4)2,MP,OQMD,4.0373,4.206,0.1687000000000003
BaZn2Si2O7,JARVIS,MP,3.547,3.2750000000000004,0.2719999999999998
BaZr(BO3)2,AFLOW,JARVIS,4.1376,4.251,0.11340000000000039
BaZr(BO3)2,AFLOW,MP,4.1376,4.1173,0.020299999999999763
BaZr(BO3)2,AFLOW,OQMD,4.1376,4.3565000000000005,0.21890000000000054
BaZr(BO3)2,JARVIS,MP,4.251,4.1173,0.13370000000000015
BaZr(BO3)2,JARVIS,OQMD,4.251,4.3565000000000005,0.10550000000000015
BaZr(BO3)2,MP,OQMD,4.1173,4.3565000000000005,0.2392000000000003
BaZr2PbO6,CMR,OQMD,5.73920958123,3.514,2.22520958123
BaZr2SnO6,CMR,MP,5.11291869589,2.82285,2.2900686958900005
BaZr5Pb4O15,JARVIS,MP,2.852,2.9226,0.07060000000000022
BaZrO3,CMR,OQMD,6.14697487726,3.315,2.83197487726
Ca2AgSbO6,JARVIS,MP,0.691,0.535399999999999,0.15560000000000096
Ca2AgSbO6,JARVIS,OQMD,0.691,0.624,0.06699999999999995
Ca2AgSbO6,MP,OQMD,0.535399999999999,0.624,0.08860000000000101
Ca2AgWO6,MP,OQMD,0.0644,0.6859999999999997,0.6215999999999997
Ca2Al2SiO7,AFLOW,JARVIS,4.2888,4.519,0.23019999999999996
Ca2Al2SiO7,AFLOW,MP,4.2888,3.9802,0.3086000000000002
Ca2Al2SiO7,JARVIS,MP,4.519,3.9802,0.5388000000000002
Ca2Al2Sn2O9,AFLOW,MP,2.4409,2.8373,0.39639999999999986
Ca2BiSbO6,JARVIS,MP,0.93,1.7213,0.7913
Ca2BiSbO6,JARVIS,OQMD,0.93,2.41,1.48
Ca2BiSbO6,MP,OQMD,1.7213,2.41,0.6887000000000001
Ca2CoSbO6,MP,OQMD,0.6627000000000001,1.1139999999999999,0.4512999999999998
Ca2CoSi2O7,AFLOW,JARVIS,3.69575,0.94,2.75575
Ca2CoSi2O7,AFLOW,MP,3.69575,3.08415,0.6115999999999997
Ca2CoSi2O7,JARVIS,MP,0.94,3.08415,2.1441500000000002
Ca2CoTeO6,MP,OQMD,1.6102999999999992,2.0785,0.46820000000000084
Ca2CoWO6,MP,OQMD,1.3479499999999995,1.2934999999999999,0.054449999999999665
Ca2CrOsO6,MP,OQMD,0.17249999999999902,0.6004999999999996,0.4280000000000006
Ca2CrSbO6,JARVIS,MP,0.218,1.9929999999999994,1.7749999999999995
Ca2CrSbO6,JARVIS,OQMD,0.218,1.7535000000000003,1.5355000000000003
Ca2CrSbO6,MP,OQMD,1.9929999999999994,1.7535000000000003,0.23949999999999916
Ca2CrWO6,MP,OQMD,1.7273499999999995,0.857,0.8703499999999995
Ca2CuSbO6,JARVIS,MP,0.448,0.343199999999999,0.104800000000001
Ca2CuSbO6,JARVIS,OQMD,0.448,0.628,0.18
Ca2CuSbO6,MP,OQMD,0.343199999999999,0.628,0.284800000000001
Ca2DySbO6,MP,OQMD,3.1986,3.809,0.6104000000000003
Ca2FeBiO6,MP,OQMD,0.4893,0.569999999999999,0.08069999999999894
Ca2FeMoO6,MP,OQMD,1.1193,0.821,0.2983
Ca2FeSbO6,MP,OQMD,1.4904999999999995,1.7574999999999998,0.26700000000000035
Ca2FeWO6,AFLOW,JARVIS,2.0078,0.365,1.6428
Ca2FeWO6,AFLOW,MP,2.0078,2.7594000000000003,0.7516000000000003
Ca2FeWO6,AFLOW,OQMD,2.0078,1.4385,0.5693000000000001
Ca2FeWO6,JARVIS,MP,0.365,2.7594000000000003,2.3944
Ca2FeWO6,JARVIS,OQMD,0.365,1.4385,1.0735
Ca2FeWO6,MP,OQMD,2.7594000000000003,1.4385,1.3209000000000004
Ca2Ga2GeO7,JARVIS,MP,3.296,3.0602,0.2357999999999998
Ca2GaSi2O7,JARVIS,MP,0.223,0.19459999999999902,0.02840000000000098
Ca2GdSbO6,MP,OQMD,3.8144,3.686,0.12840000000000007
Ca2GdTaO6,JARVIS,MP,3.503,3.5954,0.09240000000000004
Ca2GdTaO6,JARVIS,OQMD,3.503,3.8419999999999996,0.3389999999999995
Ca2GdTaO6,MP,OQMD,3.5954,3.8419999999999996,0.2465999999999995
Ca2HfGeO6,CMR,OQMD,6.97533637248,4.622,2.3533363724800003
Ca2HfSiO6,CMR,OQMD,7.33948488361,4.776,2.56348488361
Ca2HfSnO6,CMR,MP,6.5458994174,3.5477,2.9981994174000004
Ca2HfSnO6,CMR,OQMD,6.5458994174,4.292,2.2538994174000004
Ca2HfSnO6,MP,OQMD,3.5477,4.292,0.7443
Ca2HfTiO6,CMR,MP,5.23913279983,2.4866,2.75253279983
Ca2HfTiO6,CMR,OQMD,5.23913279983,2.827,2.41213279983
Ca2HfTiO6,MP,OQMD,2.4866,2.827,0.3403999999999998
Ca2HfZrO6,CMR,MP,7.01965591617,3.4088,3.61085591617
Ca2HfZrO6,CMR,OQMD,7.01965591617,4.003,3.0166559161699995
Ca2HfZrO6,MP,OQMD,3.4088,4.003,0.5942000000000003
Ca2HoTaO6,MP,OQMD,4.054699999999999,3.918,0.1366999999999985
Ca2InOsO6,MP,OQMD,0.169499999999999,0.4020000000000001,0.23250000000000107
Ca2InSbO6,MP,OQMD,1.4198,2.266,0.8462000000000001
Ca2LaRuO6,MP,OQMD,0.48349999999999904,0.3334999999999999,0.14999999999999913
Ca2LaSbO6,JARVIS,MP,3.404,3.485999999999999,0.08199999999999896
Ca2LaSbO6,JARVIS,OQMD,3.404,3.863,0.4590000000000001
Ca2LaSbO6,MP,OQMD,3.485999999999999,3.863,0.3770000000000011
Ca2LaTaO6,MP,OQMD,4.0074,4.061,0.053600000000000314
Ca2MgWO6,AFLOW,MP,3.4327,3.6923,0.25959999999999983
Ca2MgWO6,AFLOW,OQMD,3.4327,3.335,0.09770000000000012
Ca2MgWO6,MP,OQMD,3.6923,3.335,0.35729999999999995
Ca2MnSbO6,AFLOW,MP,0.74,1.1464499999999995,0.40644999999999953
Ca2MnSbO6,AFLOW,OQMD,0.74,0.9524999999999995,0.21249999999999947
Ca2MnSbO6,MP,OQMD,1.1464499999999995,0.9524999999999995,0.19395000000000007
Ca2MnWO6,MP,OQMD,2.5151,1.1069999999999998,1.4081000000000001
Ca2NbCrO6,MP,OQMD,2.7637,2.2325,0.5312000000000001
Ca2NbFeO6,MP,OQMD,2.087099999999999,1.721,0.366099999999999
Ca2NbInO6,MP,OQMD,3.463199999999999,3.602,0.1388000000000007
Ca2NdNbO6,MP,OQMD,3.5065,3.0549999999999997,0.45150000000000023
Ca2NdTaO6,MP,OQMD,4.256600000000001,3.8029999999999995,0.4536000000000011
Ca2NiWO6,MP,OQMD,1.5012999999999992,2.9295,1.4282000000000008
Ca2PdWO6,AFLOW,OQMD,1.2808,0.7685,0.5123
Ca2SbWO6,MP,OQMD,1.4767000000000001,0.489,0.9877000000000001
Ca2ScNbO6,JARVIS,MP,3.149,3.1457,0.0032999999999998586
Ca2ScNbO6,JARVIS,OQMD,3.149,3.203,0.053999999999999826
Ca2ScNbO6,MP,OQMD,3.1457,3.203,0.057299999999999685
Ca2ScSbO6,MP,OQMD,3.6317999999999993,4.0225,0.3907000000000007
Ca2ScTaO6,JARVIS,MP,3.777,3.733799999999999,0.043200000000001015
Ca2ScTaO6,JARVIS,OQMD,3.777,3.7075,0.06950000000000012
Ca2ScTaO6,MP,OQMD,3.733799999999999,3.7075,0.026299999999999102
Ca2SiGeO6,CMR,OQMD,4.17127835894,2.6885,1.4827783589400005
Ca2SiSnO6,CMR,OQMD,4.52379473427,3.0970000000000004,1.4267947342699996
Ca2SnGeO6,CMR,OQMD,3.50385322095,2.3765,1.12735322095
Ca2SnWO6,MP,OQMD,1.7615,0.4980000000000002,1.2634999999999998
Ca2TaAgO6,JARVIS,MP,0.662,0.44970000000000004,0.2123
Ca2TaAgO6,JARVIS,OQMD,0.662,0.6125,0.04949999999999999
Ca2TaAgO6,MP,OQMD,0.44970000000000004,0.6125,0.1628
Ca2TaBiO6,JARVIS,MP,1.854,1.7981999999999991,0.05580000000000096
Ca2TaBiO6,JARVIS,OQMD,1.854,2.5005,0.6465000000000001
Ca2TaBiO6,MP,OQMD,1.7981999999999991,2.5005,0.702300000000001
Ca2TaCoO6,MP,OQMD,0.361199999999999,1.2365,0.8753000000000009
Ca2TaCrO6,MP,OQMD,2.7137,2.6429999999999993,0.07070000000000043
Ca2TaFeO6,MP,OQMD,1.2064,1.8885,0.6821000000000002
Ca2TaInO6,JARVIS,OQMD,3.864,4.034,0.16999999999999993
Ca2TaMnO6,AFLOW,OQMD,0.4336,0.747,0.3134
Ca2TaMoO6,MP,OQMD,1.4283000000000001,0.314,1.1143
Ca2TaSbO6,JARVIS,MP,0.889,0.8163,0.07269999999999999
Ca2TaSbO6,JARVIS,OQMD,0.889,1.665,0.776
Ca2TaSbO6,MP,OQMD,0.8163,1.665,0.8487
Ca2TaVO6,MP,OQMD,0.43149999999999905,1.068,0.636500000000001
Ca2TbSbO6,MP,OQMD,3.175799999999999,3.9170000000000003,0.7412000000000014
Ca2TeWO6,MP,OQMD,0.8788499999999996,1.1709999999999998,0.29215000000000024
Ca2TiCrO6,MP,OQMD,1.1492,0.626,0.5232
Ca2TiGeO6,CMR,OQMD,4.80242891941,2.885,1.9174289194099998
Ca2TiMnO6,MP,OQMD,1.411,1.3584999999999998,0.05250000000000021
Ca2TiSiO6,AFLOW,CMR,2.764,4.56385527899,1.7998552789900004
Ca2TiSiO6,AFLOW,JARVIS,2.764,2.412,0.35199999999999987
Ca2TiSiO6,AFLOW,MP,2.764,2.3708,0.39319999999999977
Ca2TiSiO6,AFLOW,OQMD,2.764,2.651,0.11299999999999999
Ca2TiSiO6,CMR,JARVIS,4.56385527899,2.412,2.1518552789900003
Ca2TiSiO6,CMR,MP,4.56385527899,2.3708,2.19305527899
Ca2TiSiO6,CMR,OQMD,4.56385527899,2.651,1.9128552789900004
Ca2TiSiO6,JARVIS,MP,2.412,2.3708,0.0411999999999999
Ca2TiSiO6,JARVIS,OQMD,2.412,2.651,0.23899999999999988
Ca2TiSiO6,MP,OQMD,2.3708,2.651,0.2801999999999998
Ca2TiSnO6,CMR,OQMD,5.02139504276,3.101,1.92039504276
Ca2V2PbO8,MP,OQMD,3.2257,3.019,0.20669999999999966
Ca2VBiO6,AFLOW,JARVIS,3.0163,2.73,0.2863000000000002
Ca2VBiO6,AFLOW,MP,3.0163,1.8692499999999992,1.147050000000001
Ca2VBiO6,AFLOW,OQMD,3.0163,1.8835000000000002,1.1328
Ca2VBiO6,JARVIS,MP,2.73,1.8692499999999992,0.8607500000000008
Ca2VBiO6,JARVIS,OQMD,2.73,1.8835000000000002,0.8464999999999998
Ca2VBiO6,MP,OQMD,1.8692499999999992,1.8835000000000002,0.014250000000000984
Ca2VIrO6,MP,OQMD,0.4312,0.41999999999999993,0.011200000000000099
Ca2VMoO6,MP,OQMD,0.6962,0.318,0.37820000000000004
Ca2VWO6,MP,OQMD,0.9519499999999994,0.5115,0.44044999999999945
Ca2YBiO6,MP,OQMD,1.9322499999999991,2.38,0.44775000000000076
Ca2YNbO6,MP,OQMD,3.3203,3.304,0.016300000000000203
Ca2ZnGe2O7,AFLOW,JARVIS,3.2699,3.129,0.1408999999999998
Ca2ZnGe2O7,AFLOW,MP,3.2699,3.0488,0.22109999999999985
Ca2ZnGe2O7,JARVIS,MP,3.129,3.0488,0.08020000000000005
Ca2ZnSi2O7,AFLOW,MP,4.335,4.0553,0.27970000000000006
Ca2ZrGeO6,CMR,OQMD,6.33628086702,4.2445,2.0917808670199998
Ca2ZrSiO6,CMR,OQMD,6.89156476126,4.1185,2.7730647612599997
Ca2ZrSnO6,CMR,MP,6.68808316064,3.5577,3.1303831606399997
Ca2ZrSnO6,CMR,OQMD,6.68808316064,4.070500000000001,2.617583160639999
Ca2ZrSnO6,MP,OQMD,3.5577,4.070500000000001,0.5128000000000008
Ca2ZrTiO6,CMR,MP,5.26054136013,2.393299999999999,2.8672413601300013
Ca2ZrTiO6,CMR,OQMD,5.26054136013,2.7960000000000003,2.46454136013
Ca2ZrTiO6,MP,OQMD,2.393299999999999,2.7960000000000003,0.40270000000000117
Ca3Al2(SiO4)3,AFLOW,JARVIS,4.9993,5.319,0.3197000000000001
Ca3Al2(SiO4)3,AFLOW,MP,4.9993,5.1373,0.1379999999999999
Ca3Al2(SiO4)3,JARVIS,MP,5.319,5.1373,0.1817000000000002
Ca3Co2(GeO4)3,JARVIS,MP,0.986,2.112999999999999,1.1269999999999991
Ca3Cr2(SiO4)3,AFLOW,MP,3.1646,3.247699999999999,0.08309999999999906
Ca3Cr3(PO4)4,AFLOW,MP,3.0996,3.252199999999999,0.15259999999999874
Ca3Fe2(GeO4)3,AFLOW,MP,2.1653000000000002,2.4715,0.3061999999999996
Ca3Fe2(SiO4)3,AFLOW,MP,2.3955,2.6416999999999993,0.2461999999999991
Ca3Ga2(GeO4)3,JARVIS,MP,3.145,3.172099999999999,0.027099999999999014
Ca3Ga2(SiO4)3,AFLOW,MP,4.3289,4.4117999999999995,0.08289999999999953
Ca3Ge2O7,CMR,OQMD,2.4202300082150003,2.279,0.14123000821500042
Ca3HfSi2O9,AFLOW,MP,4.6827,4.7635000000000005,0.08080000000000087
Ca3In2(SiO4)3,AFLOW,MP,3.7776,3.8105,0.03290000000000015
Ca3Mn2(GaO5)2,JARVIS,MP,0.34,0.1754499999999995,0.16455000000000053
Ca3Mn2(Si2O7)2,AFLOW,MP,1.5328,1.9055,0.37270000000000003
Ca3Sc2(GeO4)3,AFLOW,CMR,3.4351,6.49260135508,3.05750135508
Ca3Sc2(GeO4)3,AFLOW,MP,3.4351,3.6138,0.17870000000000008
Ca3Sc2(GeO4)3,CMR,MP,6.49260135508,3.6138,2.87880135508
Ca3Sc2(SiO4)3,AFLOW,MP,4.2268,4.2109,0.015900000000000247
Ca3Si2SnO9,AFLOW,JARVIS,3.0992,3.659,0.5597999999999996
Ca3Si2SnO9,AFLOW,MP,3.0992,3.5852,0.48599999999999977
Ca3Si2SnO9,JARVIS,MP,3.659,3.5852,0.07379999999999987
Ca3Sn2O7,CMR,OQMD,3.04374467924,2.642,0.4017446792400001
Ca3Ti2O7,CMR,OQMD,3.89142880331,1.814,2.07742880331
Ca3V2O8,CMR,OQMD,4.8102110274,3.5635,1.2467110274000004
Ca3Y2(GeO4)3,AFLOW,MP,3.2159,3.426599999999999,0.21069999999999922
Ca3Zn3(TeO6)2,AFLOW,MP,2.30315,2.1553500000000003,0.1477999999999997
Ca3ZnGe5O14,JARVIS,MP,2.588,2.4999000000000002,0.08809999999999985
Ca3Zr2O7,CMR,OQMD,6.51065396786,3.374,3.1366539678599996
Ca3ZrSi2O9,AFLOW,MP,4.4592,4.4939,0.03469999999999995
Ca4Al6MoO16,JARVIS,MP,3.742,3.8095499999999998,0.06754999999999978
Ca4Al6SO16,AFLOW,JARVIS,4.5707,4.7185,0.14779999999999927
Ca4Al6SO16,AFLOW,MP,4.5707,4.4998000000000005,0.07089999999999996
Ca4Al6SO16,JARVIS,MP,4.7185,4.4998000000000005,0.21869999999999923
Ca4Al6WO16,AFLOW,JARVIS,3.9742,1.153,2.8212
Ca4Al6WO16,AFLOW,MP,3.9742,3.891499999999999,0.08270000000000133
Ca4Al6WO16,JARVIS,MP,1.153,3.891499999999999,2.738499999999999
CaAl12Si4O27,AFLOW,MP,5.2441,5.236199999999999,0.007900000000001128
CaAl2(SiO4)2,AFLOW,JARVIS,4.7075,4.803,0.09550000000000036
CaAl2(SiO4)2,AFLOW,MP,4.7075,4.814299999999999,0.10679999999999978
CaAl2(SiO4)2,JARVIS,MP,4.803,4.814299999999999,0.011299999999999422
CaAl2B2O7,AFLOW,JARVIS,4.8274,4.901,0.07359999999999989
CaAl2B2O7,AFLOW,MP,4.8274,4.8228,0.0045999999999999375
CaAl2B2O7,AFLOW,OQMD,4.8274,5.031,0.20359999999999978
CaAl2B2O7,JARVIS,MP,4.901,4.8228,0.07819999999999983
CaAl2B2O7,JARVIS,OQMD,4.901,5.031,0.1299999999999999
CaAl2B2O7,MP,OQMD,4.8228,5.031,0.20819999999999972
CaAl2SiO6,JARVIS,MP,4.974,4.549800000000001,0.424199999999999
CaAl2SiO6,JARVIS,OQMD,4.974,4.968999999999999,0.005000000000000782
CaAl2SiO6,MP,OQMD,4.549800000000001,4.968999999999999,0.41919999999999824
CaAlB3O7,AFLOW,JARVIS,5.3863,5.38,0.006300000000000416
CaAlB3O7,AFLOW,MP,5.3863,5.376600000000001,0.009699999999999598
CaAlB3O7,JARVIS,MP,5.38,5.376600000000001,0.0033999999999991815
CaCo(SiO3)2,AFLOW,MP,4.0407,2.0741999999999994,1.9665000000000008
CaCo(SiO3)2,AFLOW,OQMD,4.0407,1.215,2.8257000000000003
CaCo(SiO3)2,MP,OQMD,2.0741999999999994,1.215,0.8591999999999993
CaCo2(PO4)2,MP,OQMD,2.5259,0.234,2.2919
CaCr(SiO3)2,MP,OQMD,2.6023,1.8869999999999996,0.7153000000000005
CaCr2(PO4)2,AFLOW,MP,2.0451,2.160599999999999,0.11549999999999905
CaCu(SiO3)2,MP,OQMD,0.48280000000000006,0.22599999999999998,0.2568000000000001
CaCu3(GeO3)4,AFLOW,JARVIS,1.7196500000000001,0.823,0.8966500000000002
CaCu3(GeO3)4,AFLOW,MP,1.7196500000000001,0.7027999999999991,1.0168500000000011
CaCu3(GeO3)4,AFLOW,OQMD,1.7196500000000001,1.2960000000000003,0.42364999999999986
CaCu3(GeO3)4,JARVIS,MP,0.823,0.7027999999999991,0.12020000000000086
CaCu3(GeO3)4,JARVIS,OQMD,0.823,1.2960000000000003,0.4730000000000003
CaCu3(GeO3)4,MP,OQMD,0.7027999999999991,1.2960000000000003,0.5932000000000012
CaCu3(PtO3)4,AFLOW,OQMD,0.6152,0.595,0.020199999999999996
CaCu3(SnO3)4,AFLOW,JARVIS,0.71275,0.727,0.014249999999999985
CaCu3(SnO3)4,AFLOW,MP,0.71275,0.39970000000000006,0.31304999999999994
CaCu3(SnO3)4,JARVIS,MP,0.727,0.39970000000000006,0.3272999999999999
CaEu2WO6,MP,OQMD,0.6178,3.1775,2.5597000000000003
CaFe(GeO3)2,AFLOW,MP,1.2116,1.8711000000000002,0.6595000000000002
CaFe(GeO3)2,AFLOW,OQMD,1.2116,1.4999999999999996,0.28839999999999955
CaFe(GeO3)2,MP,OQMD,1.8711000000000002,1.4999999999999996,0.37110000000000065
CaFe(SiO3)2,AFLOW,JARVIS,2.8214,0.17,2.6514
CaFe(SiO3)2,AFLOW,MP,2.8214,3.642499999999999,0.821099999999999
CaFe(SiO3)2,AFLOW,OQMD,2.8214,3.05,0.2285999999999997
CaFe(SiO3)2,JARVIS,MP,0.17,3.642499999999999,3.4724999999999993
CaFe(SiO3)2,JARVIS,OQMD,0.17,3.05,2.88
CaFe(SiO3)2,MP,OQMD,3.642499999999999,3.05,0.5924999999999994
CaFe3(SiO3)4,MP,OQMD,2.9331,3.7989999999999995,0.8658999999999994
CaGeO3,CMR,OQMD,2.610558202085,2.1875,0.423058202085
CaHfO3,CMR,OQMD,7.154633088564999,4.285,2.869633088564999
CaLa2CoO6,MP,OQMD,0.7228000000000001,1.4329999999999998,0.7101999999999997
CaLa2MnO6,MP,OQMD,2.347200000000001,2.4909999999999997,0.14379999999999882
CaLa2SnO6,JARVIS,MP,4.326,3.892799999999999,0.4332000000000007
CaLa2SnO6,JARVIS,OQMD,4.326,4.275,0.05099999999999927
CaLa2SnO6,MP,OQMD,3.892799999999999,4.275,0.3822000000000014
CaLa2TiO6,MP,OQMD,3.1705,3.1925,0.021999999999999797
CaLa2VO6,MP,OQMD,1.785899999999999,1.7330000000000005,0.05289999999999839
CaLa2ZrO6,MP,OQMD,2.2496,4.458,2.2084
CaLaAl3O7,JARVIS,MP,4.438,4.3934999999999995,0.044500000000000206
CaLaGa3O7,JARVIS,MP,3.411,3.2684,0.14259999999999984
CaMgTi2O6,CMR,OQMD,4.78693075211,3.678,1.10893075211
CaMn(GeO3)2,JARVIS,MP,0.379,1.5998999999999999,1.2208999999999999
CaMn(GeO3)2,JARVIS,OQMD,0.379,1.5880000000000005,1.2090000000000005
CaMn(GeO3)2,MP,OQMD,1.5998999999999999,1.5880000000000005,0.011899999999999356
CaMn(SiO3)2,AFLOW,JARVIS,3.3074,1.814,1.4933999999999998
CaMn(SiO3)2,AFLOW,MP,3.3074,3.02555,0.28184999999999993
CaMn(SiO3)2,AFLOW,OQMD,3.3074,3.357,0.04960000000000031
CaMn(SiO3)2,JARVIS,MP,1.814,3.02555,1.21155
CaMn(SiO3)2,JARVIS,OQMD,1.814,3.357,1.5430000000000001
CaMn(SiO3)2,MP,OQMD,3.02555,3.357,0.33145000000000024
CaMn4(SiO3)5,AFLOW,MP,2.9405,3.2266,0.2860999999999998
CaNdAl3O7,JARVIS,MP,4.35,4.2799,0.07010000000000005
CaNi(GeO3)2,MP,OQMD,2.6744000000000003,3.0140000000000002,0.3395999999999999
CaNi2(PO4)2,MP,OQMD,3.1073,3.968,0.8607
CaPrAl3O7,JARVIS,MP,4.34,4.2872,0.052799999999999514
CaSi2NiO6,AFLOW,JARVIS,3.9843,1.291,2.6933000000000002
CaSi2NiO6,AFLOW,MP,3.9843,4.13985,0.15554999999999986
CaSi2NiO6,AFLOW,OQMD,3.9843,4.666,0.6817000000000002
CaSi2NiO6,JARVIS,MP,1.291,4.13985,2.84885
CaSi2NiO6,JARVIS,OQMD,1.291,4.666,3.3750000000000004
CaSi2NiO6,MP,OQMD,4.13985,4.666,0.5261500000000003
CaSmAl3O7,JARVIS,MP,4.447,4.2347,0.21229999999999993
CaSn(BO3)2,AFLOW,JARVIS,3.1763,3.979,0.8027000000000002
CaSn(BO3)2,AFLOW,MP,3.1763,3.7069,0.5306000000000002
CaSn(BO3)2,JARVIS,MP,3.979,3.7069,0.2721
CaSn(GeO3)2,JARVIS,MP,1.702,1.8254999999999995,0.1234999999999995
CaSnO3,CMR,OQMD,3.0,2.5780000000000003,0.4219999999999997
CaTeO3,CMR,OQMD,1.0,0.7195000000000001,0.28049999999999986
CaTi(GeO3)2,CMR,MP,3.24883608199,1.8575499999999994,1.3912860819900006
CaTi2FeO6,AFLOW,MP,1.6566,1.3812,0.2754000000000001
CaTi2PbO6,CMR,MP,3.75963644226,2.1159499999999998,1.6436864422600004
CaTi4(CuO4)3,AFLOW,OQMD,1.2233,0.891,0.33230000000000004
CaTi4(FeO4)3,AFLOW,MP,2.0071,1.6248,0.38229999999999986
CaTi4(FeO4)3,AFLOW,OQMD,2.0071,1.347,0.6600999999999999
CaTi4(FeO4)3,MP,OQMD,1.6248,1.347,0.27780000000000005
CaTi4(PdO4)3,JARVIS,MP,0.519,0.5335000000000001,0.014500000000000068
CaTi4(PdO4)3,JARVIS,OQMD,0.519,0.52,0.0010000000000000009
CaTi4(PdO4)3,MP,OQMD,0.5335000000000001,0.52,0.013500000000000068
CaTiO3,CMR,OQMD,4.14823084524,2.3195,1.8287308452399995
CaV(SiO3)2,MP,OQMD,1.8088499999999996,2.226,0.41715000000000035
CaYAl3O7,JARVIS,MP,4.304,4.239249999999999,0.06475000000000097
CaYGa3O7,JARVIS,MP,3.169,3.1464,0.022600000000000176
CaZn(CO3)2,MP,OQMD,3.9421,4.165,0.2229000000000001
CaZn(GeO3)2,AFLOW,MP,2.7041,2.4804,0.2237
CaZn(GeO3)2,AFLOW,OQMD,2.7041,2.676,0.028099999999999792
CaZn(GeO3)2,MP,OQMD,2.4804,2.676,0.19560000000000022
CaZn(SiO3)2,AFLOW,JARVIS,4.48945,4.402,0.08744999999999958
CaZn(SiO3)2,AFLOW,MP,4.48945,4.056599999999999,0.43285000000000107
CaZn(SiO3)2,AFLOW,OQMD,4.48945,4.389,0.10044999999999948
CaZn(SiO3)2,JARVIS,MP,4.402,4.056599999999999,0.3454000000000015
CaZn(SiO3)2,JARVIS,OQMD,4.402,4.389,0.0129999999999999
CaZn(SiO3)2,MP,OQMD,4.056599999999999,4.389,0.3324000000000016
CaZn2(PO4)2,AFLOW,CMR,4.3175,6.83860113147,2.52110113147
CaZn2(PO4)2,AFLOW,MP,4.3175,3.787199999999999,0.5303000000000009
CaZn2(PO4)2,CMR,MP,6.83860113147,3.787199999999999,3.051401131470001
CaZnSi3O8,AFLOW,MP,4.388,4.3077,0.08030000000000026
CaZr2PbO6,CMR,MP,5.92173131312,3.131399999999999,2.7903313131200007
CaZrO3,CMR,OQMD,6.669300615765,3.7150000000000003,2.9543006157649994
CdGe(BiO3)2,AFLOW,JARVIS,1.9139,1.928,0.014100000000000001
CdGe(BiO3)2,AFLOW,MP,1.9139,2.0307499999999994,0.11684999999999945
CdGe(BiO3)2,JARVIS,MP,1.928,2.0307499999999994,0.10274999999999945
Co8Te(AsO8)2,AFLOW,MP,1.2226,0.8668,0.3557999999999999
CoTe(PbO3)2,AFLOW,MP,1.6076,1.6060999999999992,0.001500000000000723
CoTe(PbO3)2,AFLOW,OQMD,1.6076,1.733,0.12540000000000018
CoTe(PbO3)2,MP,OQMD,1.6060999999999992,1.733,0.1269000000000009
CrFe(BiO3)2,AFLOW,OQMD,1.812,1.923,0.11099999999999999
CsLaVInO6,CMR,OQMD,2.38527974228,1.96,0.4252797422799999
CsYAlVO6,CMR,OQMD,1.37314947248,2.295,0.92185052752
Eu2NbBiO6,MP,OQMD,0.46264999999999956,1.952,1.4893500000000004
Eu2YNbO6,MP,OQMD,0.2671,3.3280000000000003,3.0609
Eu2YTaO6,MP,OQMD,0.5364,3.942,3.4056
Fe3Co(BiO3)4,MP,OQMD,0.7248000000000001,1.4219999999999997,0.6971999999999996
FeTe3BrO7,AFLOW,MP,1.7729,1.0909,0.6819999999999999
FeTe3ClO7,AFLOW,MP,2.0779,2.2711,0.19320000000000004
Ga2Fe2Bi2O9,AFLOW,MP,1.7606,1.741,0.01959999999999984
GaBiO3,CMR,OQMD,4.1,2.612,1.4879999999999995
K2MnV2O7,AFLOW,MP,2.4432,2.41,0.033199999999999896
K2SrTa2O7,AFLOW,CMR,2.3325,4.17768095745,1.8451809574499998
K2SrTa2O7,AFLOW,JARVIS,2.3325,2.117,0.21550000000000002
K2SrTa2O7,AFLOW,MP,2.3325,2.0748,0.2576999999999998
K2SrTa2O7,AFLOW,OQMD,2.3325,2.229,0.10349999999999993
K2SrTa2O7,CMR,JARVIS,4.17768095745,2.117,2.06068095745
K2SrTa2O7,CMR,MP,4.17768095745,2.0748,2.1028809574499996
K2SrTa2O7,CMR,OQMD,4.17768095745,2.229,1.9486809574499997
K2SrTa2O7,JARVIS,MP,2.117,2.0748,0.04219999999999979
K2SrTa2O7,JARVIS,OQMD,2.117,2.229,0.1120000000000001
K2SrTa2O7,MP,OQMD,2.0748,2.229,0.1541999999999999
K2ZrGe2O7,AFLOW,CMR,3.8387,7.13775139288,3.2990513928800005
K2ZrGe2O7,AFLOW,MP,3.8387,3.9148,0.07610000000000028
K2ZrGe2O7,CMR,MP,7.13775139288,3.9148,3.22295139288
K4Ca(WO4)3,JARVIS,MP,0.445,2.4664,2.0214000000000003
KIn(GeO3)2,JARVIS,MP,2.471,2.3143000000000002,0.15669999999999984
KIn(GeO3)2,JARVIS,OQMD,2.471,2.753,0.28200000000000003
KIn(GeO3)2,MP,OQMD,2.3143000000000002,2.753,0.43869999999999987
KTi2BiO6,JARVIS,MP,1.639,1.377,0.262
La2AlInO6,CMR,OQMD,6.52367276533,3.5845000000000002,2.9391727653299995
La2MnCrO6,MP,OQMD,0.8678499999999996,0.7289999999999996,0.13884999999999992
Li2CaTa2O7,JARVIS,MP,2.4050000000000002,2.4847,0.07969999999999988
Li2CaTa2O7,JARVIS,OQMD,2.4050000000000002,2.422,0.016999999999999904
Li2CaTa2O7,MP,OQMD,2.4847,2.422,0.06269999999999998
Li4Ti(TeO4)3,JARVIS,MP,1.699,1.641099999999999,0.05790000000000117
LiCa2ReO6,MP,OQMD,1.5831,2.209,0.6259000000000001
LiTi2BiO6,JARVIS,MP,2.65,2.709699999999999,0.059699999999998976
LiY3WO8,JARVIS,MP,2.616,3.08085,0.46484999999999976
LiYMo3O8,AFLOW,JARVIS,1.6165,1.327,0.2895000000000001
LiYMo3O8,AFLOW,OQMD,1.6165,1.391,0.22550000000000003
LiYMo3O8,JARVIS,OQMD,1.327,1.391,0.06400000000000006
Mg2BiSbO6,MP,OQMD,1.3876,2.6580000000000004,1.2704000000000004
Mg2TaBiO6,JARVIS,MP,2.146,2.0892,0.05679999999999996
Mg2TaBiO6,JARVIS,OQMD,2.146,3.1409999999999996,0.9949999999999997
Mg2TaBiO6,MP,OQMD,2.0892,3.1409999999999996,1.0517999999999996
Mg2VBiO6,AFLOW,JARVIS,3.1773,3.116,0.06129999999999969
Mg2VBiO6,AFLOW,MP,3.1773,3.23975,0.062450000000000117
Mg2VBiO6,AFLOW,OQMD,3.1773,3.3495,0.17220000000000013
Mg2VBiO6,JARVIS,MP,3.116,3.23975,0.1237499999999998
Mg2VBiO6,JARVIS,OQMD,3.116,3.3495,0.23349999999999982
Mg2VBiO6,MP,OQMD,3.23975,3.3495,0.10975000000000001
MgMn(GeO3)2,JARVIS,MP,0.208,1.4848499999999996,1.2768499999999996
MgTi(BiO3)2,JARVIS,MP,2.752,2.7861000000000002,0.03410000000000046
Mn3Al2(SiO4)3,AFLOW,MP,3.57475,3.7426999999999992,0.16794999999999938
Mn3Co3(TeO6)2,JARVIS,MP,0.11,1.444999999999999,1.3349999999999989
MnCo(BiO3)2,AFLOW,OQMD,0.7568,0.7685000000000004,0.011700000000000377
Na2ZrGe2O7,AFLOW,MP,3.6355,3.6953,0.059800000000000075
Na5Y(MoO4)4,AFLOW,MP,3.8128,3.9433,0.13049999999999962
Na5Y(WO4)4,AFLOW,MP,4.5431,4.756799999999999,0.21369999999999933
NaFe(TeO3)2,MP,OQMD,2.1497,1.0419999999999998,1.1077000000000004
NaIn(GeO3)2,MP,OQMD,2.3627000000000002,1.6755,0.6872000000000003
NaLaVInO6,CMR,OQMD,2.54432299669,2.2190000000000003,0.32532299668999975
NaSr2ReO6,MP,OQMD,1.7730000000000001,2.128,0.355
NaSr4(SbO4)3,MP,OQMD,2.3127,2.254,0.058699999999999974
NaTi2BiO6,JARVIS,MP,2.349,2.7382,0.38919999999999977
NaYAlVO6,CMR,OQMD,2.22543448828,2.3719999999999994,0.14656551171999954
Nd2MnCrO6,MP,OQMD,0.7902,0.7270000000000003,0.0631999999999997
Rb2MnV2O7,AFLOW,MP,2.602,2.6012999999999993,0.000700000000000589
RbYNbAlO6,CMR,OQMD,4.58156031306,3.1770000000000005,1.4045603130599993
ScBiO3,CMR,OQMD,3.2,2.7975000000000003,0.40249999999999986
Sr2Al2SiO7,JARVIS,MP,4.274,4.2023,0.07169999999999987
Sr2AlSbO6,JARVIS,MP,1.988,1.8987,0.08929999999999993
Sr2AlSbO6,JARVIS,OQMD,1.988,2.4815,0.49350000000000005
Sr2AlSbO6,MP,OQMD,1.8987,2.4815,0.5828
Sr2BiSbO6,MP,OQMD,1.81725,2.2315,0.41425
Sr2CaMoO6,AFLOW,JARVIS,2.0444,2.098,0.05359999999999987
Sr2CaMoO6,AFLOW,MP,2.0444,2.302249999999999,0.257849999999999
Sr2CaMoO6,AFLOW,OQMD,2.0444,2.25,0.2056
Sr2CaMoO6,JARVIS,MP,2.098,2.302249999999999,0.20424999999999915
Sr2CaMoO6,JARVIS,OQMD,2.098,2.25,0.15200000000000014
Sr2CaMoO6,MP,OQMD,2.302249999999999,2.25,0.05224999999999902
Sr2CaTeO6,MP,OQMD,3.2142,3.6455,0.43130000000000024
Sr2CaTi3O9,JARVIS,MP,1.9665,1.94265,0.023849999999999927
Sr2CaWO6,AFLOW,CMR,2.8948,4.66713362731,1.77233362731
Sr2CaWO6,AFLOW,JARVIS,2.8948,2.786,0.10880000000000001
Sr2CaWO6,AFLOW,MP,2.8948,3.3661,0.47129999999999983
Sr2CaWO6,AFLOW,OQMD,2.8948,3.1605,0.2656999999999998
Sr2CaWO6,CMR,JARVIS,4.66713362731,2.786,1.8811336273100001
Sr2CaWO6,CMR,MP,4.66713362731,3.3661,1.3010336273100003
Sr2CaWO6,CMR,OQMD,4.66713362731,3.1605,1.5066336273100003
Sr2CaWO6,JARVIS,MP,2.786,3.3661,0.5800999999999998
Sr2CaWO6,JARVIS,OQMD,2.786,3.1605,0.37449999999999983
Sr2CaWO6,MP,OQMD,3.3661,3.1605,0.2056
Sr2CdWO6,AFLOW,CMR,3.221,4.78344160966,1.5624416096599996
Sr2CdWO6,AFLOW,JARVIS,3.221,2.989,0.2320000000000002
Sr2CdWO6,AFLOW,MP,3.221,3.4169,0.19589999999999996
Sr2CdWO6,AFLOW,OQMD,3.221,3.136,0.08499999999999996
Sr2CdWO6,CMR,JARVIS,4.78344160966,2.989,1.7944416096599998
Sr2CdWO6,CMR,MP,4.78344160966,3.4169,1.3665416096599996
Sr2CdWO6,CMR,OQMD,4.78344160966,3.136,1.6474416096599995
Sr2CdWO6,JARVIS,MP,2.989,3.4169,0.42790000000000017
Sr2CdWO6,JARVIS,OQMD,2.989,3.136,0.14700000000000024
Sr2CdWO6,MP,OQMD,3.4169,3.136,0.2808999999999999
Sr2Co(SeO3)3,AFLOW,JARVIS,3.4153,0.131,3.2843
Sr2Co(SeO3)3,AFLOW,MP,3.4153,2.9627,0.4525999999999999
Sr2Co(SeO3)3,JARVIS,MP,0.131,2.9627,2.8316999999999997
Sr2CoGe2O7,AFLOW,MP,2.558,2.2496,0.3083999999999998
Sr2CoMoO6,AFLOW,MP,1.5857,0.46019999999999955,1.1255000000000006
Sr2CoMoO6,AFLOW,OQMD,1.5857,0.9974999999999998,0.5882000000000003
Sr2CoMoO6,MP,OQMD,0.46019999999999955,0.9974999999999998,0.5373000000000003
Sr2CoSbO6,MP,OQMD,0.29350000000000004,0.914,0.6205
Sr2CoTeO6,MP,OQMD,1.509999999999999,1.6705,0.1605000000000012
Sr2CoWO6,AFLOW,MP,2.2588,1.599399999999999,0.6594000000000009
Sr2CoWO6,AFLOW,OQMD,2.2588,1.409,0.8497999999999999
Sr2CoWO6,MP,OQMD,1.599399999999999,1.409,0.19039999999999901
Sr2CrBiO6,MP,OQMD,0.272699999999999,0.9804999999999999,0.7078000000000009
Sr2CrSbO6,MP,OQMD,1.6894,1.686,0.0034000000000000696
Sr2CrWO6,MP,OQMD,1.1375,1.206,0.0685
Sr2Cu(PO4)2,AFLOW,JARVIS,1.4783,0.327,1.1513
Sr2Cu(PO4)2,AFLOW,MP,1.4783,0.22160000000000002,1.2567
Sr2Cu(PO4)2,JARVIS,MP,0.327,0.22160000000000002,0.1054
Sr2Cu(SeO3)3,AFLOW,MP,1.5708,0.08410000000000001,1.4867
Sr2CuTeO6,AFLOW,JARVIS,1.2742,0.247,1.0272000000000001
Sr2CuTeO6,AFLOW,MP,1.2742,0.21980000000000002,1.0544
Sr2CuTeO6,JARVIS,MP,0.247,0.21980000000000002,0.027199999999999974
Sr2CuWO6,AFLOW,OQMD,1.0096,0.877,0.13260000000000005
Sr2DyNbO6,MP,OQMD,2.8969,3.3440000000000003,0.4471000000000003
Sr2DyRuO6,AFLOW,MP,1.1867,0.2518,0.9349000000000001
Sr2DyRuO6,AFLOW,OQMD,1.1867,0.30900000000000016,0.8776999999999999
Sr2DyRuO6,MP,OQMD,0.2518,0.30900000000000016,0.05720000000000014
Sr2DySbO6,JARVIS,MP,3.915,3.56335,0.35165000000000024
Sr2DySbO6,JARVIS,OQMD,3.915,4.138999999999999,0.2239999999999993
Sr2DySbO6,MP,OQMD,3.56335,4.138999999999999,0.5756499999999996
Sr2DyTaO6,MP,OQMD,3.849599999999999,4.1,0.25040000000000084
Sr2ErRuO6,JARVIS,OQMD,0.134,0.32200000000000006,0.18800000000000006
Sr2ErTaO6,MP,OQMD,3.874399999999999,3.96,0.08560000000000079
Sr2FeBiO6,MP,OQMD,0.349599999999999,0.4660000000000002,0.11640000000000117
Sr2FeMoO6,AFLOW,JARVIS,1.50025,0.405,1.09525
Sr2FeMoO6,AFLOW,MP,1.50025,0.4961,1.00415
Sr2FeMoO6,AFLOW,OQMD,1.50025,1.066,0.43425
Sr2FeMoO6,JARVIS,MP,0.405,0.4961,0.09109999999999996
Sr2FeMoO6,JARVIS,OQMD,0.405,1.066,0.661
Sr2FeMoO6,MP,OQMD,0.4961,1.066,0.5699000000000001
Sr2FeSbO6,MP,OQMD,1.66925,1.6799999999999997,0.010749999999999815
Sr2FeWO6,AFLOW,CMR,2.2772,1.97871971451,0.29848028549000016
Sr2FeWO6,AFLOW,JARVIS,2.2772,0.569,1.7082000000000002
Sr2FeWO6,AFLOW,MP,2.2772,1.9321499999999996,0.3450500000000005
Sr2FeWO6,AFLOW,OQMD,2.2772,1.317,0.9602000000000002
Sr2FeWO6,CMR,JARVIS,1.97871971451,0.569,1.40971971451
Sr2FeWO6,CMR,MP,1.97871971451,1.9321499999999996,0.04656971451000036
Sr2FeWO6,CMR,OQMD,1.97871971451,1.317,0.66171971451
Sr2FeWO6,JARVIS,MP,0.569,1.9321499999999996,1.3631499999999996
Sr2FeWO6,JARVIS,OQMD,0.569,1.317,0.748
Sr2FeWO6,MP,OQMD,1.9321499999999996,1.317,0.6151499999999996
Sr2GaOsO6,MP,OQMD,0.2073,0.4105,0.20319999999999996
Sr2GaSbO6,AFLOW,JARVIS,1.30375,1.2145000000000001,0.08924999999999983
Sr2GaSbO6,AFLOW,MP,1.30375,1.0102499999999996,0.2935000000000003
Sr2GaSbO6,AFLOW,OQMD,1.30375,1.666,0.36224999999999996
Sr2GaSbO6,JARVIS,MP,1.2145000000000001,1.0102499999999996,0.2042500000000005
Sr2GaSbO6,JARVIS,OQMD,1.2145000000000001,1.666,0.4514999999999998
Sr2GaSbO6,MP,OQMD,1.0102499999999996,1.666,0.6557500000000003
Sr2GdNbO6,MP,OQMD,2.6924,3.3310000000000004,0.6386000000000003
Sr2GdRuO6,AFLOW,MP,1.1797,0.25369999999999904,0.9260000000000009
Sr2GdRuO6,AFLOW,OQMD,1.1797,0.3035,0.8762
Sr2GdRuO6,MP,OQMD,0.25369999999999904,0.3035,0.049800000000000955
Sr2GdSbO6,MP,OQMD,3.3454499999999996,4.021,0.6755500000000003
Sr2GdTaO6,MP,OQMD,3.557,3.896,0.33899999999999997
Sr2GdVO6,MP,OQMD,1.4759,1.9284999999999999,0.4525999999999999
Sr2HfGeO6,CMR,OQMD,6.49242305091,4.614,1.8784230509100004
Sr2HfSiO6,CMR,OQMD,7.27472967492,4.462,2.81272967492
Sr2HfSnO6,CMR,MP,6.39815168338,3.7826999999999993,2.615451683380001
Sr2HfSnO6,CMR,OQMD,6.39815168338,4.279999999999999,2.1181516833800007
Sr2HfSnO6,MP,OQMD,3.7826999999999993,4.279999999999999,0.4973000000000001
Sr2HfTiO6,CMR,JARVIS,4.80853519605,2.651,2.1575351960500004
Sr2HfTiO6,CMR,MP,4.80853519605,2.4529999999999994,2.355535196050001
Sr2HfTiO6,CMR,OQMD,4.80853519605,2.699,2.1095351960500004
Sr2HfTiO6,JARVIS,MP,2.651,2.4529999999999994,0.1980000000000004
Sr2HfTiO6,JARVIS,OQMD,2.651,2.699,0.04800000000000004
Sr2HfTiO6,MP,OQMD,2.4529999999999994,2.699,0.24600000000000044
Sr2HfZrO6,CMR,MP,6.58749954925,3.4242,3.1632995492500005
Sr2HfZrO6,CMR,OQMD,6.58749954925,3.976,2.6114995492500004
Sr2HfZrO6,MP,OQMD,3.4242,3.976,0.5518000000000001
Sr2HoSbO6,MP,OQMD,3.6445,4.007,0.3624999999999998
Sr2HoTaO6,JARVIS,MP,3.903,3.855199999999999,0.04780000000000095
Sr2HoTaO6,JARVIS,OQMD,3.903,4.017,0.11400000000000032
Sr2HoTaO6,MP,OQMD,3.855199999999999,4.017,0.16180000000000128
Sr2InBiO6,MP,OQMD,0.6187,1.194,0.5752999999999999
Sr2InOsO6,JARVIS,MP,0.272,0.42654999999999954,0.15454999999999952
Sr2InOsO6,JARVIS,OQMD,0.272,0.603000000000001,0.33100000000000096
Sr2InOsO6,MP,OQMD,0.42654999999999954,0.603000000000001,0.17645000000000144
Sr2InSbO6,JARVIS,MP,1.961,1.4238,0.5372000000000001
Sr2InSbO6,JARVIS,OQMD,1.961,1.943,0.018000000000000016
Sr2InSbO6,MP,OQMD,1.4238,1.943,0.5192000000000001
Sr2LaNbO6,JARVIS,MP,3.044,3.03805,0.0059499999999999
Sr2LaNbO6,JARVIS,OQMD,3.044,3.341,0.29700000000000015
Sr2LaNbO6,MP,OQMD,3.03805,3.341,0.30295000000000005
Sr2LaSbO6,JARVIS,MP,3.498,3.4224,0.07560000000000011
Sr2LaSbO6,JARVIS,OQMD,3.498,4.025,0.5270000000000001
Sr2LaSbO6,MP,OQMD,3.4224,4.025,0.6026000000000002
Sr2LaTaO6,JARVIS,MP,3.58,3.5116,0.06840000000000002
Sr2LaTaO6,JARVIS,OQMD,3.58,3.813,0.2330000000000001
Sr2LaTaO6,MP,OQMD,3.5116,3.813,0.3014000000000001
Sr2LiReO6,AFLOW,CMR,1.88055,3.25994548139,1.37939548139
Sr2LiReO6,AFLOW,MP,1.88055,1.748899999999999,0.13165000000000093
Sr2LiReO6,AFLOW,OQMD,1.88055,1.889,0.008450000000000069
Sr2LiReO6,CMR,MP,3.25994548139,1.748899999999999,1.511045481390001
Sr2LiReO6,CMR,OQMD,3.25994548139,1.889,1.37094548139
Sr2LiReO6,MP,OQMD,1.748899999999999,1.889,0.140100000000001
Sr2LuNbO6,MP,OQMD,3.053,3.1929999999999996,0.13999999999999968
Sr2LuRuO6,MP,OQMD,0.11470000000000001,0.30699999999999994,0.19229999999999992
Sr2LuTaO6,JARVIS,MP,3.543,3.4785500000000003,0.0644499999999999
Sr2LuTaO6,JARVIS,OQMD,3.543,3.598,0.054999999999999716
Sr2LuTaO6,MP,OQMD,3.4785500000000003,3.598,0.11944999999999961
Sr2MgGe2O7,AFLOW,MP,3.5524,3.6039,0.05149999999999988
Sr2MgMoO6,AFLOW,JARVIS,2.212,2.036,0.17600000000000016
Sr2MgMoO6,AFLOW,MP,2.212,2.2639500000000004,0.05195000000000016
Sr2MgMoO6,AFLOW,OQMD,2.212,2.1445,0.06750000000000034
Sr2MgMoO6,JARVIS,MP,2.036,2.2639500000000004,0.22795000000000032
Sr2MgMoO6,JARVIS,OQMD,2.036,2.1445,0.10849999999999982
Sr2MgMoO6,MP,OQMD,2.2639500000000004,2.1445,0.1194500000000005
Sr2MgWO6,AFLOW,CMR,3.0661,4.67735925813,1.61125925813
Sr2MgWO6,AFLOW,MP,3.0661,3.3476,0.28149999999999986
Sr2MgWO6,AFLOW,OQMD,3.0661,2.983,0.08309999999999995
Sr2MgWO6,CMR,MP,4.67735925813,3.3476,1.3297592581300002
Sr2MgWO6,CMR,OQMD,4.67735925813,2.983,1.69435925813
Sr2MgWO6,MP,OQMD,3.3476,2.983,0.3645999999999998
Sr2MnMoO6,MP,OQMD,0.930099999999999,0.666,0.264099999999999
Sr2MnNbO6,MP,OQMD,1.2788,0.4599999999999995,0.8188000000000004
Sr2MnSbO6,AFLOW,MP,0.1308,0.5133500000000001,0.38255000000000006
Sr2MnSbO6,AFLOW,OQMD,0.1308,0.602,0.47119999999999995
Sr2MnSbO6,MP,OQMD,0.5133500000000001,0.602,0.0886499999999999
Sr2MnSi2O7,AFLOW,MP,2.9304,2.8825000000000003,0.04789999999999983
Sr2MnTeO6,MP,OQMD,1.4722,1.157,0.3151999999999999
Sr2MnWO6,MP,OQMD,1.7890499999999996,1.4075,0.3815499999999996
Sr2NbAlO6,MP,OQMD,2.8384,3.037,0.1985999999999999
Sr2NbBiO6,MP,OQMD,1.9273999999999996,1.953,0.02560000000000051
Sr2NbCoO6,JARVIS,MP,0.575,1.34145,0.7664500000000001
Sr2NbCoO6,JARVIS,OQMD,0.575,1.8050000000000006,1.2300000000000006
Sr2NbCoO6,MP,OQMD,1.34145,1.8050000000000006,0.4635500000000006
Sr2NbCrO6,MP,OQMD,2.2687,2.288,0.019299999999999873
Sr2NbFeO6,MP,OQMD,1.47455,1.5405,0.06594999999999995
Sr2NbGaO6,JARVIS,MP,3.2545,3.1912,0.06330000000000036
Sr2NbGaO6,JARVIS,OQMD,3.2545,3.38,0.12549999999999972
Sr2NbGaO6,MP,OQMD,3.1912,3.38,0.18880000000000008
Sr2NbInO6,JARVIS,MP,3.521,3.4136499999999996,0.10735000000000028
Sr2NbInO6,JARVIS,OQMD,3.521,3.663,0.1419999999999999
Sr2NbInO6,MP,OQMD,3.4136499999999996,3.663,0.24935000000000018
Sr2NbSbO6,MP,OQMD,0.9747999999999994,1.0465,0.07170000000000054
Sr2NdNbO6,JARVIS,MP,2.954,2.94545,0.008550000000000058
Sr2NdNbO6,JARVIS,OQMD,2.954,3.2169999999999996,0.26299999999999946
Sr2NdNbO6,MP,OQMD,2.94545,3.2169999999999996,0.2715499999999995
Sr2NdSbO6,MP,OQMD,3.4243,3.8665,0.4421999999999997
Sr2NdTaO6,MP,OQMD,3.700799999999999,3.851,0.15020000000000078
Sr2NdVO6,MP,OQMD,1.6477,1.8270000000000004,0.17930000000000046
Sr2NiMoO6,AFLOW,JARVIS,2.0373,0.505,1.5323000000000002
Sr2NiMoO6,AFLOW,MP,2.0373,2.27165,0.23435000000000006
Sr2NiMoO6,AFLOW,OQMD,2.0373,2.1719999999999997,0.1346999999999996
Sr2NiMoO6,JARVIS,MP,0.505,2.27165,1.7666500000000003
Sr2NiMoO6,JARVIS,OQMD,0.505,2.1719999999999997,1.6669999999999998
Sr2NiMoO6,MP,OQMD,2.27165,2.1719999999999997,0.09965000000000046
Sr2NiTeO6,AFLOW,JARVIS,2.0452,0.986,1.0592
Sr2NiTeO6,AFLOW,MP,2.0452,1.9153,0.1298999999999999
Sr2NiTeO6,AFLOW,OQMD,2.0452,2.2925,0.24730000000000008
Sr2NiTeO6,JARVIS,MP,0.986,1.9153,0.9293
Sr2NiTeO6,JARVIS,OQMD,0.986,2.2925,1.3065
Sr2NiTeO6,MP,OQMD,1.9153,2.2925,0.3772
Sr2NiWO6,AFLOW,JARVIS,2.8874,0.204,2.6834
Sr2NiWO6,AFLOW,MP,2.8874,2.9406,0.053199999999999914
Sr2NiWO6,AFLOW,OQMD,2.8874,2.995,0.10760000000000014
Sr2NiWO6,JARVIS,MP,0.204,2.9406,2.7365999999999997
Sr2NiWO6,JARVIS,OQMD,0.204,2.995,2.791
Sr2NiWO6,MP,OQMD,2.9406,2.995,0.054400000000000226
Sr2PrNbO6,JARVIS,MP,2.94,2.888,0.052000000000000046
Sr2PrNbO6,JARVIS,OQMD,2.94,3.1695,0.22950000000000026
Sr2PrNbO6,MP,OQMD,2.888,3.1695,0.2815000000000003
Sr2PrSbO6,MP,OQMD,3.3980499999999996,3.86,0.4619500000000003
Sr2PrTaO6,JARVIS,MP,3.446,3.37,0.07600000000000007
Sr2PrTaO6,JARVIS,OQMD,3.446,3.7609999999999997,0.3149999999999995
Sr2PrTaO6,MP,OQMD,3.37,3.7609999999999997,0.39099999999999957
Sr2PrVO6,MP,OQMD,1.658399999999999,1.8935,0.23510000000000097
Sr2ScBiO6,JARVIS,MP,1.907,1.7949000000000002,0.11209999999999987
Sr2ScBiO6,JARVIS,OQMD,1.907,2.4130000000000003,0.5060000000000002
Sr2ScBiO6,MP,OQMD,1.7949000000000002,2.4130000000000003,0.6181000000000001
Sr2ScNbO6,MP,OQMD,2.9419999999999993,3.058,0.11600000000000055
Sr2ScSbO6,MP,OQMD,3.5074,3.8890000000000002,0.38160000000000016
Sr2ScTaO6,JARVIS,MP,3.511,3.4213,0.08970000000000011
Sr2ScTaO6,JARVIS,OQMD,3.511,3.643,0.13199999999999967
Sr2ScTaO6,MP,OQMD,3.4213,3.643,0.2216999999999998
Sr2SiGeO6,CMR,OQMD,3.06110137953,1.4540000000000002,1.60710137953
Sr2SiSnO6,CMR,OQMD,3.52964456342,2.126,1.4036445634200003
Sr2SmNbO6,JARVIS,MP,3.197,3.0633,0.13370000000000015
Sr2SmNbO6,JARVIS,OQMD,3.197,3.2640000000000002,0.06700000000000017
Sr2SmNbO6,MP,OQMD,3.0633,3.2640000000000002,0.20070000000000032
Sr2SmSbO6,MP,OQMD,3.5285,4.025,0.49650000000000016
Sr2SmTaO6,JARVIS,OQMD,3.811,3.8379999999999996,0.02699999999999969
Sr2SmVO6,MP,OQMD,1.6372,2.0410000000000004,0.4038000000000004
Sr2SnGeO6,CMR,OQMD,2.29971807526,1.659,0.6407180752599999
Sr2TaAlO6,JARVIS,MP,1.027,2.3356500000000002,1.3086500000000003
Sr2TaAlO6,JARVIS,OQMD,1.027,3.8135000000000003,2.7865
Sr2TaAlO6,MP,OQMD,2.3356500000000002,3.8135000000000003,1.47785
Sr2TaCoO6,MP,OQMD,1.5840999999999996,0.798,0.7860999999999996
Sr2TaCrO6,AFLOW,JARVIS,2.7846,0.806,1.9786000000000001
Sr2TaCrO6,AFLOW,MP,2.7846,2.86175,0.07714999999999961
Sr2TaCrO6,AFLOW,OQMD,2.7846,2.7915,0.006899999999999906
Sr2TaCrO6,JARVIS,MP,0.806,2.86175,2.0557499999999997
Sr2TaCrO6,JARVIS,OQMD,0.806,2.7915,1.9855
Sr2TaCrO6,MP,OQMD,2.86175,2.7915,0.0702499999999997
Sr2TaFeO6,MP,OQMD,1.77385,1.897,0.12315000000000009
Sr2TaGaO6,JARVIS,MP,4.122,4.0418,0.0801999999999996
Sr2TaGaO6,JARVIS,OQMD,4.122,4.137,0.01499999999999968
Sr2TaGaO6,MP,OQMD,4.0418,4.137,0.09519999999999929
Sr2TaInO6,AFLOW,JARVIS,4.0924,4.22,0.12760000000000016
Sr2TaInO6,AFLOW,MP,4.0924,3.9560499999999994,0.1363500000000002
Sr2TaInO6,AFLOW,OQMD,4.0924,4.247,0.1546000000000003
Sr2TaInO6,JARVIS,MP,4.22,3.9560499999999994,0.26395000000000035
Sr2TaInO6,JARVIS,OQMD,4.22,4.247,0.027000000000000135
Sr2TaInO6,MP,OQMD,3.9560499999999994,4.247,0.2909500000000005
Sr2TaMnO6,JARVIS,MP,0.401,0.7905999999999991,0.38959999999999906
Sr2TaMnO6,JARVIS,OQMD,0.401,0.471,0.06999999999999995
Sr2TaMnO6,MP,OQMD,0.7905999999999991,0.471,0.3195999999999991
Sr2TbNbO6,MP,OQMD,2.9947999999999997,3.305,0.3102000000000005
Sr2TbRuO6,MP,OQMD,0.187899999999999,0.46,0.272100000000001
Sr2TbSbO6,MP,OQMD,3.5034,3.984,0.4805999999999999
Sr2TbTaO6,MP,OQMD,3.8367,3.9339999999999993,0.09729999999999928
Sr2TbVO6,MP,OQMD,1.6184,1.9324999999999999,0.3140999999999998
Sr2Ti(SiO4)2,AFLOW,MP,4.344,3.8662,0.4778000000000002
Sr2TiGeO6,CMR,OQMD,4.67687354949,2.7119999999999997,1.96487354949
Sr2TiMnO6,JARVIS,MP,0.856,0.9917999999999996,0.1357999999999996
Sr2TiMnO6,JARVIS,OQMD,0.856,1.1485000000000003,0.2925000000000003
Sr2TiMnO6,MP,OQMD,0.9917999999999996,1.1485000000000003,0.15670000000000073
Sr2TiSiO6,CMR,OQMD,4.38703800817,2.4085,1.9785380081700001
Sr2TiSnO6,CMR,MP,5.1218626542,2.985399999999999,2.136462654200001
Sr2TiSnO6,CMR,OQMD,5.1218626542,3.125,1.9968626542
Sr2TiSnO6,MP,OQMD,2.985399999999999,3.125,0.13960000000000106
Sr2TmNbO6,MP,OQMD,2.8569999999999993,3.3685,0.5115000000000007
Sr2TmTaO6,MP,OQMD,3.8819,3.9595,0.07759999999999989
Sr2UCrO6,JARVIS,MP,0.943,0.9756999999999991,0.032699999999999174
Sr2UCrO6,JARVIS,OQMD,0.943,3.117,2.174
Sr2UCrO6,MP,OQMD,0.9756999999999991,3.117,2.141300000000001
Sr2UFeO6,JARVIS,MP,0.172,1.121399999999999,0.9493999999999991
Sr2UFeO6,JARVIS,OQMD,0.172,2.404,2.2319999999999998
Sr2UFeO6,MP,OQMD,1.121399999999999,2.404,1.2826000000000009
Sr2UInO6,JARVIS,MP,1.128,1.0488,0.07919999999999994
Sr2UMnO6,MP,OQMD,0.669999999999999,1.6659999999999995,0.9960000000000004
Sr2UNiO6,JARVIS,MP,0.955,1.545799999999999,0.590799999999999
Sr2UNiO6,JARVIS,OQMD,0.955,2.9930000000000003,2.0380000000000003
Sr2UNiO6,MP,OQMD,1.545799999999999,2.9930000000000003,1.4472000000000014
Sr2UZnO6,JARVIS,MP,1.968,1.8031000000000001,0.16489999999999982
Sr2UZnO6,JARVIS,OQMD,1.968,2.935,0.9670000000000001
Sr2UZnO6,MP,OQMD,1.8031000000000001,2.935,1.1319
Sr2VInO6,MP,OQMD,1.797499999999999,2.082,0.28450000000000086
Sr2VMoO6,MP,OQMD,1.045199999999999,0.481,0.564199999999999
Sr2VWO6,MP,OQMD,0.8022,0.513,0.2892
Sr2YBiO6,MP,OQMD,1.9994499999999995,2.3979999999999997,0.3985500000000002
Sr2YNbO6,CMR,MP,5.50314228273,3.0999,2.40324228273
Sr2YNbO6,CMR,OQMD,5.50314228273,3.336,2.16714228273
Sr2YNbO6,MP,OQMD,3.0999,3.336,0.23609999999999998
Sr2YOsO6,MP,OQMD,0.17300000000000001,0.4059999999999999,0.2329999999999999
Sr2YRuO6,AFLOW,JARVIS,1.1872,0.161,1.0262
Sr2YRuO6,AFLOW,OQMD,1.1872,0.35400000000000004,0.8331999999999999
Sr2YRuO6,JARVIS,OQMD,0.161,0.35400000000000004,0.19300000000000003
Sr2YSbO6,AFLOW,CMR,3.5141999999999998,6.59613802653,3.0819380265300005
Sr2YSbO6,AFLOW,JARVIS,3.5141999999999998,3.96,0.4458000000000002
Sr2YSbO6,AFLOW,MP,3.5141999999999998,3.609749999999999,0.09554999999999936
Sr2YSbO6,AFLOW,OQMD,3.5141999999999998,4.026,0.5118
Sr2YSbO6,CMR,JARVIS,6.59613802653,3.96,2.6361380265300003
Sr2YSbO6,CMR,MP,6.59613802653,3.609749999999999,2.986388026530001
Sr2YSbO6,CMR,OQMD,6.59613802653,4.026,2.5701380265300005
Sr2YSbO6,JARVIS,MP,3.96,3.609749999999999,0.35025000000000084
Sr2YSbO6,JARVIS,OQMD,3.96,4.026,0.06599999999999984
Sr2YSbO6,MP,OQMD,3.609749999999999,4.026,0.4162500000000007
Sr2YTaO6,AFLOW,JARVIS,3.9588,3.889,0.0698000000000003
Sr2YTaO6,AFLOW,MP,3.9588,3.8374499999999996,0.12135000000000051
Sr2YTaO6,AFLOW,OQMD,3.9588,4.049,0.09020000000000028
Sr2YTaO6,JARVIS,MP,3.889,3.8374499999999996,0.05155000000000021
Sr2YTaO6,JARVIS,OQMD,3.889,4.049,0.1600000000000006
Sr2YTaO6,MP,OQMD,3.8374499999999996,4.049,0.2115500000000008
Sr2YVO6,MP,OQMD,1.6134,1.9220000000000002,0.3086000000000002
Sr2ZnGe2O7,AFLOW,CMR,3.34025,5.99540535106,2.6551553510599994
Sr2ZnGe2O7,AFLOW,MP,3.34025,3.1157999999999992,0.22445000000000093
Sr2ZnGe2O7,CMR,MP,5.99540535106,3.1157999999999992,2.8796053510600004
Sr2ZnMoO6,AFLOW,JARVIS,2.2975,2.28,0.01750000000000007
Sr2ZnMoO6,AFLOW,MP,2.2975,2.37345,0.07595000000000018
Sr2ZnMoO6,AFLOW,OQMD,2.2975,2.1510000000000002,0.14649999999999963
Sr2ZnMoO6,JARVIS,MP,2.28,2.37345,0.09345000000000026
Sr2ZnMoO6,JARVIS,OQMD,2.28,2.1510000000000002,0.12899999999999956
Sr2ZnMoO6,MP,OQMD,2.37345,2.1510000000000002,0.22244999999999981
Sr2ZnSi2O7,AFLOW,MP,4.2792,3.8987,0.3805000000000005
Sr2ZnWO6,AFLOW,CMR,3.0195499999999997,4.599056308,1.579506308
Sr2ZnWO6,AFLOW,JARVIS,3.0195499999999997,0.39,2.6295499999999996
Sr2ZnWO6,AFLOW,MP,3.0195499999999997,3.5236999999999994,0.5041499999999997
Sr2ZnWO6,AFLOW,OQMD,3.0195499999999997,3.1719999999999997,0.15244999999999997
Sr2ZnWO6,CMR,JARVIS,4.599056308,0.39,4.209056308
Sr2ZnWO6,CMR,MP,4.599056308,3.5236999999999994,1.0753563080000004
Sr2ZnWO6,CMR,OQMD,4.599056308,3.1719999999999997,1.427056308
Sr2ZnWO6,JARVIS,MP,0.39,3.5236999999999994,3.1336999999999993
Sr2ZnWO6,JARVIS,OQMD,0.39,3.1719999999999997,2.7819999999999996
Sr2ZnWO6,MP,OQMD,3.5236999999999994,3.1719999999999997,0.3516999999999997
Sr2ZrGeO6,CMR,MP,6.41533843403,4.057499999999999,2.3578384340300005
Sr2ZrGeO6,CMR,OQMD,6.41533843403,4.334,2.08133843403
Sr2ZrGeO6,MP,OQMD,4.057499999999999,4.334,0.2765000000000004
Sr2ZrMnO6,AFLOW,JARVIS,1.3849,1.289,0.0959000000000001
Sr2ZrMnO6,AFLOW,MP,1.3849,1.506,0.12109999999999999
Sr2ZrMnO6,AFLOW,OQMD,1.3849,1.666,0.2810999999999999
Sr2ZrMnO6,JARVIS,MP,1.289,1.506,0.21700000000000008
Sr2ZrMnO6,JARVIS,OQMD,1.289,1.666,0.377
Sr2ZrMnO6,MP,OQMD,1.506,1.666,0.15999999999999992
Sr2ZrSiO6,CMR,OQMD,6.76772649053,3.949,2.8187264905300005
Sr2ZrSnO6,CMR,MP,6.66738649129,3.902,2.76538649129
Sr2ZrSnO6,CMR,OQMD,6.66738649129,4.1265,2.54088649129
Sr2ZrSnO6,MP,OQMD,3.902,4.1265,0.22449999999999992
Sr2ZrTiO6,CMR,MP,4.76577004761,2.3507,2.4150700476100004
Sr2ZrTiO6,CMR,OQMD,4.76577004761,2.639,2.1267700476100004
Sr2ZrTiO6,MP,OQMD,2.3507,2.639,0.2883
Sr2ZrVO6,MP,OQMD,1.161899999999999,1.218,0.05610000000000093
Sr3Al2(SiO4)3,AFLOW,JARVIS,4.4379,4.749,0.3110999999999997
Sr3Al2(SiO4)3,AFLOW,MP,4.4379,4.572,0.1341000000000001
Sr3Al2(SiO4)3,JARVIS,MP,4.749,4.572,0.1769999999999996
Sr3Ca(SnO3)4,JARVIS,MP,1.967,1.8808999999999991,0.08610000000000095
Sr3CaHf4O12,JARVIS,MP,4.313,4.1782,0.13479999999999936
Sr3CaTi4O12,JARVIS,MP,2.063,1.9214,0.14160000000000017
Sr3CaTi4O12,JARVIS,OQMD,2.063,1.9359999999999995,0.12700000000000067
Sr3CaTi4O12,MP,OQMD,1.9214,1.9359999999999995,0.014599999999999502
Sr3CoSb2O9,MP,OQMD,0.6048,0.30100000000000016,0.30379999999999985
Sr3Cu3(PO4)4,AFLOW,MP,1.40015,0.44769999999999954,0.9524500000000005
Sr3Ge2(B3O8)2,JARVIS,MP,4.559,4.4323999999999995,0.1266000000000007
Sr3Ge2O7,CMR,OQMD,1.915454585765,1.673,0.242454585765
Sr3Hf2O7,CMR,OQMD,6.93796624798,3.873,3.06496624798
Sr3MgTa2O9,MP,OQMD,3.2619,3.3935000000000004,0.1316000000000006
Sr3Nb2ZnO9,JARVIS,MP,2.688,2.6769,0.011100000000000332
Sr3Nb2ZnO9,JARVIS,OQMD,2.688,2.8830000000000005,0.19500000000000028
Sr3Nb2ZnO9,MP,OQMD,2.6769,2.8830000000000005,0.20610000000000062
Sr3Sn2O7,CMR,OQMD,2.788334258,2.442,0.34633425799999973
Sr3Ta2ZnO9,JARVIS,MP,3.396,3.4116,0.015600000000000058
Sr3Ta2ZnO9,JARVIS,OQMD,3.396,3.4050000000000002,0.009000000000000341
Sr3Ta2ZnO9,MP,OQMD,3.4116,3.4050000000000002,0.006599999999999717
Sr3Ti2O7,CMR,OQMD,3.7608527296,1.8895,1.8713527295999999
Sr3V2O8,CMR,OQMD,5.0733368016,3.818,1.2553368016
Sr3Y2(GeO4)3,AFLOW,MP,3.1104,3.2862,0.17580000000000018
Sr3Zr2O7,CMR,OQMD,6.09152291267,3.453,2.6385229126700005
Sr3ZrTi2O9,JARVIS,MP,2.028,1.9425999999999992,0.08540000000000081
Sr4Al6CrO16,JARVIS,MP,2.255,2.4437499999999996,0.18874999999999975
Sr4Al6MoO16,JARVIS,MP,3.378,3.5740499999999997,0.1960499999999996
Sr4Al6SO16,AFLOW,JARVIS,4.385,4.579,0.19399999999999995
Sr4Al6SO16,AFLOW,MP,4.385,4.397,0.012000000000000455
Sr4Al6SO16,JARVIS,MP,4.579,4.397,0.1819999999999995
Sr4Al6WO16,AFLOW,JARVIS,3.6101,0.823,2.7871
Sr4Al6WO16,AFLOW,MP,3.6101,3.4630499999999995,0.14705000000000057
Sr4Al6WO16,JARVIS,MP,0.823,3.4630499999999995,2.6400499999999996
Sr4Ti3O10,CMR,OQMD,4.07754936665,1.999,2.0785493666499995
Sr4Zr3TiO12,JARVIS,MP,2.656,2.604,0.052000000000000046
Sr4ZrTi3O12,JARVIS,MP,2.031,1.8673999999999995,0.16360000000000063
Sr5ZrTi4O15,JARVIS,MP,1.973,1.903299999999999,0.06970000000000098
SrAl2(SiO4)2,AFLOW,MP,2.7074,0.8073,1.9000999999999997
SrAl2B2O7,AFLOW,CMR,4.668749999999999,9.07786505769,4.40911505769
SrAl2B2O7,AFLOW,JARVIS,4.668749999999999,4.727,0.05825000000000102
SrAl2B2O7,AFLOW,MP,4.668749999999999,4.6699,0.0011500000000008725
SrAl2B2O7,AFLOW,OQMD,4.668749999999999,4.815,0.1462500000000011
SrAl2B2O7,CMR,JARVIS,9.07786505769,4.727,4.350865057689999
SrAl2B2O7,CMR,MP,9.07786505769,4.6699,4.407965057689999
SrAl2B2O7,CMR,OQMD,9.07786505769,4.815,4.262865057689999
SrAl2B2O7,JARVIS,MP,4.727,4.6699,0.05710000000000015
SrAl2B2O7,JARVIS,OQMD,4.727,4.815,0.08800000000000008
SrAl2B2O7,MP,OQMD,4.6699,4.815,0.14510000000000023
SrBi2(B2O5)2,AFLOW,JARVIS,3.744,3.632,0.1120000000000001
SrBi2(B2O5)2,AFLOW,MP,3.744,3.6402,0.10380000000000011
SrBi2(B2O5)2,JARVIS,MP,3.632,3.6402,0.008199999999999985
SrCa(SnO3)2,CMR,OQMD,3.69792780208,2.3724999999999996,1.3254278020800005
SrCa3Hf4O12,JARVIS,MP,4.476,4.44,0.03599999999999959
SrCa3Ti4O12,JARVIS,MP,2.305,2.17,0.13500000000000023
SrCa3Ti4O12,JARVIS,OQMD,2.305,1.9089999999999998,0.39600000000000035
SrCa3Ti4O12,MP,OQMD,2.17,1.9089999999999998,0.2610000000000001
SrCaHf2O6,CMR,MP,7.24510698838,4.367,2.87810698838
SrCaMn2O6,JARVIS,MP,0.2165,0.3850499999999995,0.1685499999999995
SrCaTi2O6,CMR,JARVIS,3.93183282521,2.1705,1.7613328252099998
SrCaTi2O6,CMR,MP,3.93183282521,2.0421,1.8897328252099999
SrCaTi2O6,JARVIS,MP,2.1705,2.0421,0.12840000000000007
SrCaZr2O6,CMR,MP,6.80227182214,3.1592000000000002,3.6430718221399996
SrCo2(AsO4)2,AFLOW,MP,2.6379,2.3184500000000003,0.3194499999999998
SrCo2(AsO4)2,AFLOW,OQMD,2.6379,2.297,0.3409
SrCo2(AsO4)2,MP,OQMD,2.3184500000000003,2.297,0.02145000000000019
SrCo2(PO4)2,AFLOW,MP,3.8135,3.0601,0.7534000000000001
SrCu(SeO3)2,AFLOW,MP,1.5989,0.7134,0.8855
SrCu3(SnO3)4,AFLOW,JARVIS,0.6554,0.72,0.06459999999999999
SrCu3(SnO3)4,AFLOW,MP,0.6554,0.45310000000000006,0.20229999999999992
SrCu3(SnO3)4,JARVIS,MP,0.72,0.45310000000000006,0.2668999999999999
SrEuZr2O6,MP,OQMD,0.354299999999999,3.667,3.312700000000001
SrFe2(PO4)2,AFLOW,MP,3.3768,3.8426,0.4658000000000002
SrGa2(SiO4)2,AFLOW,CMR,3.869,7.26310783917,3.3941078391699997
SrGa2(SiO4)2,AFLOW,MP,3.869,3.9930000000000003,0.12400000000000011
SrGa2(SiO4)2,CMR,MP,7.26310783917,3.9930000000000003,3.2701078391699996
SrGa2B2O7,AFLOW,JARVIS,4.0216,4.185,0.16339999999999932
SrGa2B2O7,AFLOW,MP,4.0216,3.9722,0.04940000000000033
SrGa2B2O7,AFLOW,OQMD,4.0216,4.222,0.20040000000000013
SrGa2B2O7,JARVIS,MP,4.185,3.9722,0.21279999999999966
SrGa2B2O7,JARVIS,OQMD,4.185,4.222,0.03700000000000081
SrGa2B2O7,MP,OQMD,3.9722,4.222,0.24980000000000047
SrGd2Al2O7,AFLOW,OQMD,3.5877,4.027,0.43930000000000025
SrGd2Sc2O7,AFLOW,MP,3.4424,2.6316,0.8108
SrGd2Sc2O7,AFLOW,OQMD,3.4424,3.846,0.40359999999999996
SrGd2Sc2O7,MP,OQMD,2.6316,3.846,1.2144
SrGeO3,CMR,OQMD,1.5997192305949999,1.017,0.582719230595
SrHfO3,CMR,OQMD,6.9,4.284000000000001,2.6159999999999997
SrHo2Al2O7,JARVIS,MP,4.143,4.0235,0.1194999999999995
SrHo2Al2O7,JARVIS,OQMD,4.143,4.154,0.01100000000000012
SrHo2Al2O7,MP,OQMD,4.0235,4.154,0.13049999999999962
SrLa2Sc2O7,MP,OQMD,3.4542,3.714,0.2597999999999998
SrLaAl3O7,JARVIS,MP,4.482,4.415,0.06700000000000017
SrLi2Nb2O7,AFLOW,JARVIS,1.9486,1.511,0.4376000000000002
SrLi2Nb2O7,AFLOW,MP,1.9486,1.5643,0.3843000000000001
SrLi2Nb2O7,AFLOW,OQMD,1.9486,1.5709999999999997,0.3776000000000004
SrLi2Nb2O7,JARVIS,MP,1.511,1.5643,0.053300000000000125
SrLi2Nb2O7,JARVIS,OQMD,1.511,1.5709999999999997,0.05999999999999983
SrLi2Nb2O7,MP,OQMD,1.5643,1.5709999999999997,0.006699999999999706
SrLi2Ta2O7,AFLOW,JARVIS,2.4196999999999997,2.21,0.20969999999999978
SrLi2Ta2O7,AFLOW,MP,2.4196999999999997,2.2184999999999997,0.20120000000000005
SrLi2Ta2O7,AFLOW,OQMD,2.4196999999999997,2.364,0.05569999999999986
SrLi2Ta2O7,JARVIS,MP,2.21,2.2184999999999997,0.00849999999999973
SrLi2Ta2O7,JARVIS,OQMD,2.21,2.364,0.15399999999999991
SrLi2Ta2O7,MP,OQMD,2.2184999999999997,2.364,0.14550000000000018
SrLi2Ti6O14,AFLOW,MP,3.2233,2.951999999999999,0.271300000000001
SrMn(GeO3)2,MP,OQMD,1.5991,1.8440000000000003,0.24490000000000034
SrMn2(PO4)2,AFLOW,MP,3.3354,3.4677000000000002,0.1323000000000003
SrMn2(PO4)2,AFLOW,OQMD,3.3354,3.857,0.5216000000000003
SrMn2(PO4)2,MP,OQMD,3.4677000000000002,3.857,0.3893
SrNb3NO7,JARVIS,MP,1.514,1.5964,0.08240000000000003
SrNdAl3O7,JARVIS,MP,4.346,4.277299999999999,0.06870000000000065
SrNi2(PO4)2,MP,OQMD,3.7853,4.022,0.23670000000000035
SrPrAl3O7,JARVIS,MP,4.531,4.2972,0.23379999999999956
SrPrGa3O7,JARVIS,MP,3.378,3.2388,0.1392000000000002
SrSn(BO3)2,AFLOW,CMR,3.1057,6.41396989554,3.30826989554
SrSn(BO3)2,AFLOW,JARVIS,3.1057,3.91,0.8043
SrSn(BO3)2,AFLOW,MP,3.1057,3.617799999999999,0.5120999999999989
SrSn(BO3)2,CMR,JARVIS,6.41396989554,3.91,2.50396989554
SrSn(BO3)2,CMR,MP,6.41396989554,3.617799999999999,2.796169895540001
SrSn(BO3)2,JARVIS,MP,3.91,3.617799999999999,0.2922000000000011
SrSnO3,CMR,OQMD,2.941571038515,2.116,0.8255710385149997
SrTa2H2O7,JARVIS,MP,2.228,2.2398,0.011799999999999589
SrTb2Fe2O7,AFLOW,MP,0.8506,1.1701,0.3194999999999999
SrTb2Sc2O7,MP,OQMD,3.4884,3.751,0.26259999999999994
SrTeO3,CMR,OQMD,1.0,2.138,1.138
SrTiO3,CMR,OQMD,3.87186133188,2.0105000000000004,1.8613613318799995
SrV2(NiO4)2,AFLOW,MP,1.6815,2.8083,1.1268
SrV2(NiO4)2,AFLOW,OQMD,1.6815,2.797,1.1155000000000002
SrV2(NiO4)2,MP,OQMD,2.8083,2.797,0.011299999999999866
SrYAl3O7,JARVIS,MP,4.315,4.1991,0.11590000000000078
SrYGa3O7,JARVIS,MP,3.177,3.1775,0.000500000000000167
SrZn(SeO3)2,AFLOW,JARVIS,4.3308,4.324,0.006800000000000139
SrZn(SeO3)2,AFLOW,MP,4.3308,4.3597,0.028900000000000148
SrZn(SeO3)2,JARVIS,MP,4.324,4.3597,0.03570000000000029
SrZn2(AsO4)2,AFLOW,MP,3.1638,3.0527,0.11109999999999998
SrZn2(PO4)2,AFLOW,CMR,4.4318,7.26772998119,2.8359299811899996
SrZn2(PO4)2,AFLOW,MP,4.4318,4.1385,0.29330000000000034
SrZn2(PO4)2,CMR,MP,7.26772998119,4.1385,3.12922998119
SrZr2SnO6,CMR,MP,5.12608965926,2.5928999999999993,2.5331896592600005
SrZrO3,CMR,OQMD,6.5,3.7220000000000004,2.7779999999999996
TaZn2BiO6,MP,OQMD,1.8737,3.048,1.1743000000000001
TiFe(BiO3)2,MP,OQMD,1.260599999999999,1.5525000000000002,0.29190000000000116
TiZn(BiO3)2,AFLOW,JARVIS,1.3523,1.689,0.3367
TiZn(BiO3)2,AFLOW,MP,1.3523,1.617999999999999,0.26569999999999894
TiZn(BiO3)2,AFLOW,OQMD,1.3523,1.827,0.4746999999999999
TiZn(BiO3)2,JARVIS,MP,1.689,1.617999999999999,0.07100000000000106
TiZn(BiO3)2,JARVIS,OQMD,1.689,1.827,0.1379999999999999
TiZn(BiO3)2,MP,OQMD,1.617999999999999,1.827,0.20900000000000096
VBi(PbO3)2,MP,OQMD,2.6675,0.7880000000000003,1.8794999999999997
VCd2BiO6,JARVIS,MP,2.279,2.248999999999999,0.030000000000000693
VCd2BiO6,JARVIS,OQMD,2.279,1.5,0.7789999999999999
VCd2BiO6,MP,OQMD,2.248999999999999,1.5,0.7489999999999992
VZn2BiO6,MP,OQMD,2.7248,1.913,0.8118000000000001
Y2Be2GeO7,AFLOW,CMR,4.4935,7.89540198632,3.4019019863199995
Y2Be2GeO7,AFLOW,JARVIS,4.4935,4.755,0.26149999999999984
Y2Be2GeO7,AFLOW,MP,4.4935,4.5479,0.054400000000000226
Y2Be2GeO7,CMR,JARVIS,7.89540198632,4.755,3.1404019863199997
Y2Be2GeO7,CMR,MP,7.89540198632,4.5479,3.3475019863199993
Y2Be2GeO7,JARVIS,MP,4.755,4.5479,0.20709999999999962
Y2MgTiO6,JARVIS,MP,3.213,3.2132,0.00019999999999997797
Y2MgTiO6,JARVIS,OQMD,3.213,3.2209999999999996,0.007999999999999563
Y2MgTiO6,MP,OQMD,3.2132,3.2209999999999996,0.007799999999999585
Y2MnFeO6,JARVIS,MP,0.124,0.8599000000000001,0.7359000000000001
Y2MnFeO6,JARVIS,OQMD,0.124,0.9699999999999998,0.8459999999999998
Y2MnFeO6,MP,OQMD,0.8599000000000001,0.9699999999999998,0.11009999999999964
Y3Sc2Al3O12,AFLOW,JARVIS,4.2689,4.461,0.19209999999999994
Y3Sc2Al3O12,AFLOW,MP,4.2689,4.3759999999999994,0.10709999999999908
Y3Sc2Al3O12,JARVIS,MP,4.461,4.3759999999999994,0.08500000000000085
YAl3(BO3)4,AFLOW,CMR,5.3541,9.44153031814,4.08743031814
YAl3(BO3)4,AFLOW,JARVIS,5.3541,5.482,0.12790000000000035
YAl3(BO3)4,AFLOW,MP,5.3541,5.359,0.0049000000000001265
YAl3(BO3)4,AFLOW,OQMD,5.3541,5.586,0.23190000000000044
YAl3(BO3)4,CMR,JARVIS,9.44153031814,5.482,3.9595303181399997
YAl3(BO3)4,CMR,MP,9.44153031814,5.359,4.08253031814
YAl3(BO3)4,CMR,OQMD,9.44153031814,5.586,3.8555303181399996
YAl3(BO3)4,JARVIS,MP,5.482,5.359,0.12300000000000022
YAl3(BO3)4,JARVIS,OQMD,5.482,5.586,0.10400000000000009
YAl3(BO3)4,MP,OQMD,5.359,5.586,0.2270000000000003
YAlO3,CMR,OQMD,6.715415519305,4.657,2.058415519305
YFe3(BO3)4,MP,OQMD,2.3644,2.3369999999999997,0.02740000000000009
YGa3(BO3)4,JARVIS,MP,4.645,4.720099999999999,0.07509999999999906
YGa3(BO3)4,JARVIS,OQMD,4.645,5.01,0.3650000000000002
YGa3(BO3)4,MP,OQMD,4.720099999999999,5.01,0.28990000000000116
YGaO3,CMR,OQMD,6.0,3.9195,2.0805
YIrO3,CMR,OQMD,0.9,1.1639999999999997,0.2639999999999997
YSb(PbO3)2,JARVIS,MP,2.751,2.5317,0.21930000000000005
YSb(PbO3)2,JARVIS,OQMD,2.751,2.9175000000000004,0.16650000000000054
YSb(PbO3)2,MP,OQMD,2.5317,2.9175000000000004,0.3858000000000006
Zn2BiPO6,AFLOW,MP,3.2517,2.8081,0.4436
Zn2BiPO6,AFLOW,OQMD,3.2517,2.7939999999999996,0.45770000000000044
Zn2BiPO6,MP,OQMD,2.8081,2.7939999999999996,0.014100000000000446
Zn2BiSbO6,JARVIS,MP,1.116,1.0598,0.05620000000000003
Zn2BiSbO6,JARVIS,OQMD,1.116,2.5330000000000004,1.4170000000000003
Zn2BiSbO6,MP,OQMD,1.0598,2.5330000000000004,1.4732000000000003
Zn3Si3(BiO6)2,JARVIS,MP,1.956,2.0979,0.14190000000000014
ZnBi2B2O7,AFLOW,JARVIS,2.5933,2.689,0.0956999999999999
ZnBi2B2O7,AFLOW,MP,2.5933,2.6853,0.09199999999999964
ZnBi2B2O7,JARVIS,MP,2.689,2.6853,0.0037000000000002586
ZnNiTe3O8,JARVIS,MP,0.949,3.239999999999999,2.290999999999999
