formula,pred,abs_lo,abs_hi,cqr_lo,cqr_hi,contain_abs,contain_cqr
Sr2MoGaO6,1.487884338134369,0.6055122895336493,2.3702563867350888,0.47016834940443286,2.79834708641357,0.5950668036998972,0.0
Sr2ZnReO6,1.551346588462428,0.6689745398617084,2.433718637063148,0.3766439256055556,3.1431700945921635,0.5467625899280576,0.0
Sr2WSbO6,1.4641521085589118,0.5817800599581922,2.3465241571596316,0.5148721111955872,2.712848496268634,0.566289825282631,0.0
Sr2InTeO6,1.7929592128096388,0.9105871642089192,2.675331261410358,0.24072338006377825,2.694113874169409,0.024665981500513873,0.0
Sr2MoInO6,1.3020962314940259,0.41972418289330626,2.1844682800947455,0.49512872242279016,2.6425927660100306,0.3011305241521069,0.0
Sr2FeReO6,1.2498797489741207,0.3675077003734011,2.13225179757484,0.20919942532829872,2.045782676385521,0.1551901336073998,0.0
Sr2ReInO6,1.091914650046916,0.2095426014461963,1.9742866986476355,0.480136047392719,3.166456013366381,0.0,0.0
Sr2HfIrO6,1.31318917663994,0.43081712803922034,2.1955612252406596,0.6907468130007944,2.49789243079181,0.33093525179856115,0.0
Sr2MoSnO6,1.2693860609298893,0.38701401232916965,2.1517581095306086,0.501344891294147,2.6126741392770727,0.2147995889003083,0.0
Sr2MoBiO6,1.3773033450062322,0.4949312964055126,2.259675393606952,0.4600985720381644,2.228996899345223,0.4573484069886948,0.0
Sr2WAlO6,1.6638577681150422,0.7814857195143226,2.546229816715762,0.6967286334175937,3.4565474867280193,0.37821171634121276,0.0
Sr2BiTeO6,1.4822934602151552,0.5999214116144356,2.364665508815875,0.39870604717804925,2.84486200915619,0.591983556012333,0.0
Sr2GaTeO6,1.919124022755092,1.0367519741543725,2.8014960713558117,0.2146070399443828,2.7252107115276014,0.0,0.0
Sr2ZrIrO6,1.0924480026047427,0.21007595400402312,1.9748200512054623,0.6331956751323523,2.2693488899777,0.0,0.0
Sr2GeSbO6,1.791350508483022,0.9089784598823023,2.6737225570837415,0.3392382816129542,2.9024209547296413,0.030832476875642344,0.0
Sr2NbGeO6,1.974533954155028,1.0921619055543084,2.8569060027557476,0.7485799598928057,3.1009610067658335,0.0,0.0
Sr2IrAlO6,0.9593642998079254,0.07699225120720576,1.841736348408645,0.18242132116890275,2.911024864507138,0.0,0.0
Sr2ReAlO6,1.0907440980300467,0.20837204942932708,1.9731161466307663,0.18790122342264576,3.6533029045372243,0.0,0.0
Sr2RhHfO6,0.8989771203234224,0.016605071722702758,1.7813491689241419,0.51449450500631,2.039829807592863,0.0,0.0
Sr2MnIrO6,1.2280791959487891,0.3457071473480695,2.110451244549509,0.13059780981855534,1.7720794951437435,0.09249743062692703,0.0
Sr2MoSbO6,0.8789168675990302,-0.0034551810016894002,1.7612889161997498,0.1989188217376331,2.2706109971661252,0.0,0.0
Sr2WBiO6,1.9610774367843105,1.0787053881835909,2.84344948538503,0.9864133642890697,2.8025433274758056,0.0,0.0
Sr2CrTeO6,1.0006424116530976,0.11827036305237804,1.8830144602538172,0.27909286647987075,2.3293079810189585,0.0,0.0
Sr2NiGeO6,1.1228093830030013,0.24043733440228165,2.005181431603721,0.14310827952728328,2.1936668106707833,0.0,0.0
Sr2MoTeO6,1.13096577991013,0.24859373130941043,2.0133378285108496,0.17561053451175096,2.125538696265533,0.0,0.0
Sr2FeIrO6,0.821934016888823,-0.060438031711896656,1.7043060654895426,0.15627996230017938,1.8288270281263248,0.0,0.0
Sr2NbTaO6,1.039256053528845,0.1568840049281255,1.9216281021295647,0.1625999039946362,1.962446713032477,0.0,0.0
Sr2NbTeO6,2.6533956979047537,1.771023649304034,3.5357677465054733,1.009427743886313,3.149635442970311,0.0,0.0
Sr2TiIrO6,0.8527824029797175,-0.02958964562100208,1.7351544515804371,0.5993190991844457,1.7714707454213805,0.0,0.0
Sr2ScTeO6,2.2949466142373964,1.4125745656366768,3.177318662838116,1.4914015686961744,3.756246467180993,0.0,0.0
Sr2RuTaO6,0.9164138169453243,0.034041768344604706,1.7987858655460438,0.5105152807483812,1.8814818288002622,0.0,0.0
Sr2MoAlO6,0.8125005565623222,-0.06987149203839738,1.6948726051630418,0.23326009671007097,2.7043434174979666,0.0,0.0
Sr2YIrO6,0.9184129107933225,0.03604086219260294,1.8007849593940422,0.41253124914730854,2.55730747739679,0.0,0.0
Sr2RuHfO6,0.799527374398179,-0.0828446742025406,1.6818994229988986,0.45286528213215826,2.1045707883097218,0.0,0.0
Sr2YReO6,0.7510547402109802,-0.13131730838973943,1.6334267888116998,0.3122158002503801,2.8880165912864504,0.0,0.0
Sr2CrReO6,0.6754086566366089,-0.20696339196411073,1.5577807052373285,0.3872098953771739,2.0277855444113175,0.0,0.0
Sr2ZrRhO6,0.740516417393953,-0.14185563120676659,1.6228884659946727,0.2456378429618129,1.9884306145949249,0.0,0.0
Sr2ScIrO6,0.716432683050204,-0.16593936555051558,1.5988047316509237,0.38400268232248413,2.3895632767853887,0.0,0.0
Sr2IrTeO6,0.8255615905864466,-0.05681045801427298,1.7079336391871662,0.09213769398083738,2.2715801176756125,0.0,0.0
Sr2WReO6,0.7273805513827232,-0.15499149721799643,1.6097525999834428,0.21132514453123635,2.0089331904980936,0.0,0.0
Sr2RuReO6,0.9013182722534377,0.01894622365271814,1.7836903208541575,0.19843490251557866,1.7628691447679241,0.0,0.0
Sr2NbSnO6,2.2102610297095477,1.3278889811088281,3.0926330783102673,1.4322603574649637,3.173690728873197,0.0,0.0
Sr2HfWO6,0.78064201944868,-0.10173002915203966,1.6630140680493994,0.18248583893164178,2.145114627146215,0.0,0.0
Sr2RhReO6,0.7249028368668466,-0.15746921173387296,1.6072748854675662,0.10861506517675307,1.6579065788742295,0.0,0.0
Sr2MoHfO6,0.6729264160396996,-0.20944563256102,1.555298464640419,0.12507477991257404,2.075246584689109,0.0,0.0
Sr2WInO6,2.1776324962284574,1.2952604476277378,3.060004544829177,0.9642228406965575,3.0990018177478307,0.0,0.0
Sr2WGaO6,2.2179080851863553,1.3355360365856357,3.100280133787075,0.955297256802465,3.2589352929991313,0.0,0.0
Sr2RuIrO6,0.8978713799620114,0.01549933136129178,1.780243428562731,0.1553759267544247,1.5778440422703222,0.0,0.0
Sr2WIrO6,0.7277364307032179,-0.1546356178975017,1.6101084793039375,0.11046021252613797,1.6152037082861224,0.0,0.0
Sr2IrSnO6,0.5590700594128376,-0.323301989187882,1.441442108013557,0.12896230472473652,2.129867155661456,0.0,0.0
Sr2ScWO6,0.5441438988534881,-0.3382281497472315,1.4265159474542077,0.26947315420048235,3.066089995961596,0.0,0.0
Sr2ReBiO6,0.6093323905461104,-0.27303965805460917,1.49170443914683,0.4394616423458305,2.398274944503574,0.0,0.0
Sr2NbReO6,0.5647960934175384,-0.31757595518318116,1.447168142018258,0.1967377463776983,1.9653579751973398,0.0,0.0
Sr2MoReO6,0.47596518113379355,-0.40640686746692606,1.358337229734513,0.21451128176506573,1.7097256196431485,0.0,0.0
Sr2TiRhO6,0.623271063417389,-0.2591009851833306,1.5056431120181086,0.2304335738346585,1.7066948473489698,0.0,0.0
Sr2VRuO6,0.5945603634096649,-0.2878116851910547,1.4769324120103846,0.200971785913577,1.8136027851382424,0.0,0.0
Sr2IrGaO6,0.4139726312920919,-0.4683994173086277,1.2963446798928115,0.13978202976520843,2.4758864219887107,0.0,0.0
Sr2NiIrO6,0.7681566697682861,-0.11421537883243349,1.6505287183690056,0.1039804021108181,1.7824958510829414,0.0,0.0
Sr2RhSnO6,0.639741935215363,-0.24263011338535656,1.5221139838160826,0.10872253029620232,1.931392121924628,0.0,0.0
Sr2ReIrO6,0.8596079243657708,-0.02276412423494878,1.7419799729664904,0.03954276942372914,2.1374774709619184,0.0,0.0
Sr2ZrMoO6,0.525101196126076,-0.35727085247464363,1.4074732447267957,0.11817499075106036,1.946530319363724,0.0,0.0
Sr2MoGeO6,0.5686670115589413,-0.3137050370417783,1.451039060159661,0.18393586508430204,2.3494108997579337,0.0,0.0
Sr2CoRuO6,0.6941127421703942,-0.1882593064303254,1.5764847907711137,0.0821410431509852,1.2381831957394356,0.0,0.0
Sr2ZrRuO6,0.7709080990049203,-0.1114639495957993,1.6532801476056398,0.2817558714045961,2.0488271312881996,0.0,0.0
Sr2IrGeO6,0.49164714691091244,-0.39072490168980717,1.374019195511632,0.0326385127912619,2.1427052611143247,0.0,0.0
Sr2NbRuO6,0.590735390485153,-0.2916366581155666,1.4731074390858727,0.18536313234873297,1.692015613164053,0.0,0.0
Sr2TaReO6,0.6515835191515162,-0.23078852944920336,1.5339555677522358,0.2085468753913578,2.4280194907537997,0.0,0.0
Sr2ZrWO6,0.4150205188788318,-0.4673515297218878,1.2973925674795515,0.16898070333185738,2.0849002136935626,0.0,0.0
Sr2MoWO6,0.5887749706209903,-0.29359707797972934,1.4711470192217098,0.10156042196665888,1.336180637383726,0.0,0.0
Sr2ScReO6,0.5464216982938613,-0.33595035030685827,1.428793746894581,0.2608895249266664,2.7050462354813662,0.0,0.0
Sr2CrIrO6,0.4516310170978457,-0.4307410315028739,1.3340030656985653,0.14507331946779267,1.4156109899744274,0.0,0.0
Sr2CrFeO6,0.8492903900717884,-0.03308165852893119,1.7316624386725081,0.29286785774497814,1.6374927260792154,0.0,0.0
Sr2IrBiO6,0.41160324594404507,-0.47076880265667453,1.2939752945447647,0.20823912679609713,2.1576997161600184,0.0,0.0
Sr2RhGeO6,0.3632355283106247,-0.5191365202900948,1.2456075769113444,-0.00819662586182357,1.8633179830258877,0.0,0.0
Sr2IrInO6,0.3048463101293647,-0.5775257384713549,1.1872183587300844,0.1676410227221674,2.3423271077442567,0.0,0.0
Sr2MoIrO6,0.6187171378547569,-0.2636549107459627,1.5010891864554765,0.110596999236029,1.422314043891538,0.0,0.0
Sr2ScMoO6,0.6392893270424035,-0.24308272155831612,1.5216613756431232,0.25419747520004443,2.512307153083862,0.0,0.0
Sr2VReO6,0.5608973813083751,-0.32147466729234453,1.4432694299090947,0.19617666242577542,2.0933396213057605,0.0,0.0
Sr2MnRuO6,0.5357315877352561,-0.3466404608654635,1.4181036363359758,0.05949018642107201,1.460710907191424,0.0,0.0
Sr2MnCoO6,0.7276779471227786,-0.15469410147794105,1.6100499957234982,0.08694299855586907,1.519436792609267,0.0,0.0
Sr2MnCuO6,0.7908232351355955,-0.09154881346512411,1.673195283736315,0.1690355934784855,2.0416654574764985,0.0,0.0
Sr2ReSbO6,0.4302810598138766,-0.452090988786843,1.3126531084145963,0.17831625522033268,2.2581195784635963,0.0,0.0
Sr2TaGeO6,2.6077518444032988,1.7253797958025792,3.4901238930040184,1.0650250103203813,3.5659043024165773,0.0,0.0
Sr2RhTeO6,0.7887451652988876,-0.093626883301832,1.671117213899607,0.07231443302464452,2.0377275857469215,0.0,0.0
Sr2RuTeO6,0.5721364220868422,-0.31023562651387737,1.454508470687562,0.015488062004258119,1.9841269727770654,0.0,0.0
Sr2TiMoO6,0.5600003169441362,-0.3223717316565834,1.442372365544856,0.1084918358503611,1.6481643822413292,0.0,0.0
Sr2NiRuO6,0.40305816090266516,-0.47931388769805444,1.2854302095033847,0.0411194274299988,1.4754488122903595,0.0,0.0
Sr2TaTeO6,2.747406376786655,1.8650343281859354,3.6297784253873746,1.3358978729691042,3.5424428371310235,0.0,0.0
Sr2ZnRuO6,0.4872972534621971,-0.3950747951385225,1.3696693020629167,0.13493244532435844,2.0258713826414776,0.0,0.0
Sr2TiWO6,0.49745424636522334,-0.38491780223549626,1.379826294965943,0.09558982383755593,1.9770796099527441,0.0,0.0
Sr2RuSnO6,0.40722357103364737,-0.47514847756707224,1.289595619634367,0.04995505481394874,2.0027754305539722,0.0,0.0
Sr2RuSbO6,0.35423394326478597,-0.5281381053359336,1.2366059918655057,0.0008365123538978669,1.8981860352389632,0.0,0.0
Sr2CoRhO6,0.33043814505262736,-0.5519339035480922,1.2128101936533469,0.03252279882521891,1.270120651668532,0.0,0.0
Sr2RuRhO6,0.6340313341987445,-0.24834071440197514,1.516403382799464,0.05029201935316019,1.1303255465606565,0.0,0.0
Sr2MnNiO6,0.7910397139624274,-0.09133233463829216,1.673411762563147,0.051638642740460705,1.3544922376444863,0.0,0.0
Sr2MnRhO6,0.49978824021665796,-0.38258380838406164,1.3821602888173776,0.022156801597660924,1.0873772477302386,0.0,0.0
Sr2RuGeO6,0.24152012528148648,-0.6408519233192331,1.123892173882206,-0.02076297175378497,2.087269411414991,0.0,0.0
Sr2CrRhO6,0.17870247659012994,-0.7036695720105897,1.0610745251908495,0.08859605479746518,1.057127137625126,0.0,0.0
Sr2RhIrO6,0.227354822036274,-0.6550172265644456,1.1097268706369936,0.09323664887606076,1.3876595196786674,0.0,0.0
Sr2CuRuO6,0.21194736149875612,-0.6704246871019635,1.0943194100994758,0.029802572550997664,1.610763095522144,0.0,0.0
Sr2NiRhO6,0.33260556569586797,-0.5497664829048516,1.2149776142965876,0.014239462042600182,1.2934383939566185,0.0,0.0
Sr2MoRhO6,0.09663280132617193,-0.7857392472745477,0.9790048499268915,0.04704247251891319,1.0344535301258206,0.0,0.0
Sr2RhPdO6,0.06685138297904314,-0.8155206656216765,0.9492234315797627,0.08793582505467584,1.4121412279009555,0.0,0.0
Sr2CuIrO6,0.2045803778996573,-0.6777916707010623,1.086952426500377,0.025687240745902895,1.4936481240355675,0.0,0.0
Sr2VTeO6,1.8421974879217617,0.9598254393210421,2.7245695365224814,0.9301811308432922,3.076557181704825,0.0,0.0
Sr2ReGaO6,1.374419953559225,0.49204790495850537,2.2567920021599446,0.47903928671512375,3.198539965808554,0.4563206577595067,0.0
Sr2NiReO6,1.407498335029616,0.5251262864288964,2.2898703836303356,0.2613896666784207,2.161498182004601,0.49640287769784175,0.0
Sr2TiZrO6,1.1295627945589222,0.24719074595820256,2.0119348431596418,0.45117023466059936,2.9092654465984795,0.0,0.0
Sr2SbBiO6,1.4700590668335292,0.5876870182328096,2.352431115434249,0.38566329521615716,2.488816445724395,0.5775950668036999,0.0
Sr2WGeO6,1.198007435590942,0.3156353869902224,2.0803794841916616,0.4715122727102178,2.7910988992106835,0.0,0.0
Sr2GeBiO6,1.445581211801094,0.5632091632003744,2.327953260401814,0.3734477749268219,2.6781243211628483,0.5447070914696814,0.0
Sr2MnZrO6,1.3980853694369866,0.515713320836267,2.280457418037706,0.5755459319959988,2.0714683769563864,0.4840698869475848,0.0
Sr2SnTeO6,1.7728515531557105,0.8904795045549909,2.65522360175643,0.3966820512831941,2.7202234402245122,0.09044193216855087,0.0
Sr2CoIrO6,1.4350890399184113,0.5527169913176917,2.317461088519131,0.17788554171194676,2.235584163053555,0.5313463514902363,0.0
Sr2VGeO6,1.567791942281672,0.6854198936809524,2.4501639908823916,0.7978667598481585,3.2577337446427403,0.5241521068859198,0.0
Sr2MnHfO6,1.1704530160344002,0.2880809674336806,2.05282506463512,0.6573384053530943,2.1305687143314245,0.0,0.0
Sr2SnSbO6,1.449848276002807,0.5674762274020875,2.3322203246035267,0.3629884988079518,2.5437577436192322,0.5508735868448099,0.0
Sr2VSbO6,1.4655084096365172,0.5831363610357976,2.3478804582372366,0.7939404059344045,3.0643408286219866,0.5683453237410072,0.0
Sr2CrZnO6,1.6021646086517236,0.719792560051004,2.484536657252443,0.42596837603509397,2.8173262528914353,0.4840698869475848,0.0
Sr2GaBiO6,1.1996986398762943,0.3173265912755747,2.082070688477014,0.11092465609634022,2.5332126287228904,0.0,0.0
Sr2VAlO6,1.6244659671364958,0.7420939185357762,2.506838015737215,1.3156887979049867,3.0493375362039923,0.4573484069886948,0.0
Sr2PdHfO6,1.2170049883040206,0.334632939703301,2.09937703690474,0.46810903066082565,2.1323467361416197,0.06063720452209661,0.0
Sr2VSnO6,1.7926936620520484,0.9103216134513288,2.6750657106527678,1.4276161104092617,3.0864408911320367,0.024665981500513873,0.0
Sr2CrBiO6,1.264841867431416,0.3824698188306963,2.1472139160321353,0.564839222518473,2.3825929309124976,0.20041109969167523,0.0
Sr2CoReO6,1.1894705983940528,0.3070985497933332,2.0718426469947726,0.2560648693252888,2.1407173902359493,0.0,0.0
Sr2NiSnO6,1.4236867086228469,0.5413146600221272,2.3060587572235667,0.2816048104555481,2.0231880802516855,0.5159301130524152,0.0
Sr2TaIrO6,1.1308516386392846,0.248479590038565,2.0132236872400044,0.36181137720575407,1.8453027782973073,0.0,0.0
Sr2MnSnO6,1.299941318765785,0.4175692701650653,2.1823133673665045,0.28014997221189053,2.465780253093483,0.2949640287769784,0.0
Sr2ZrPdO6,1.2381130311936634,0.35574098259294384,2.120485079794383,0.3595118796110187,2.1387640113446693,0.12127440904419322,0.0
Sr2CoWO6,1.1074269425865728,0.2250548939858532,1.9897989911872924,0.16777300479835372,2.0531154582417335,0.0,0.0
Sr2VHfO6,1.0926190367501387,0.2102469881494191,1.9749910853508583,0.513157181163173,3.2766765887531686,0.0,0.0
Sr2CoSnO6,1.2688666305937735,0.38649458199305387,2.151238679194493,0.23112227669980256,1.9010578239840692,0.21377183967112023,0.0
Sr2CrTaO6,0.9417428150598586,0.05937076645913897,1.8241148636605782,0.17438687679178588,1.9136207381838917,0.0,0.0
Sr2WTeO6,1.4191275418140101,0.5367554932132905,2.3014995904147297,0.4198786017254422,2.6613962375217928,0.5149023638232272,0.0
Sr2CrHfO6,1.0974674636749011,0.2150954150741815,1.9798395122756207,0.47314452120705186,2.3711723054431038,0.0,0.0
Sr2GeTeO6,2.085652912855465,1.2032808642547455,2.9680249614561847,0.47204100926964654,3.2175901075631157,0.0,0.0
Sr2CrGaO6,1.1152285397806296,0.23285649117991003,1.9976005883813492,0.5960901267092635,3.1012760089033136,0.0,0.0
Sr2InBiO6,0.9693406390551069,0.08696859045438732,1.8517126876558265,0.10659190455816558,2.4365943568892066,0.0,0.0
Sr2MnGeO6,1.3820314422359454,0.4996593936352258,2.2644034908366653,0.21389028808250865,2.5951186448614223,0.4624871531346352,0.0
Sr2ZnMoO6,1.9593856438127961,1.0770135952120765,2.8417576924135157,0.35208702271557446,2.6457191272633307,0.0,0.0
Sr2NbIrO6,0.9481995628935014,0.06582751429278177,1.830571611494221,0.32104666731075415,1.6091992902142942,0.0,0.0
Sr2TiMnO6,1.1999508161987549,0.31757876759803527,2.0823228647994743,0.49213292288822796,1.8400213539913612,0.0,0.0
Sr2CoSbO6,1.114458746483229,0.23208669788250935,1.9968307950839486,0.19630463409880178,1.8782571587448644,0.0,0.0
Sr2NiWO6,1.5057292612464757,0.623357212645756,2.3881013098471953,0.09180881245317785,2.3668183560142153,0.6022610483042138,0.0
Sr2RhTaO6,0.9612610982278627,0.07888904962714305,1.8436331468285823,0.28004534572384077,1.614628607945538,0.0,0.0
Sr2ZnTeO6,2.1418543537705395,1.2594823051698198,3.024226402371259,0.2885884492735611,2.7596771980036787,0.0,0.0
Sr2AlBiO6,1.9825474879579135,1.1001754393571939,2.864919536558633,0.35223344528948164,3.223107874991592,0.0,0.0
Sr2VCrO6,1.0894244843048995,0.20705243570417986,1.971796532905619,0.11147136911388422,1.6522157759632639,0.0,0.0
Sr2VFeO6,1.1273068800070067,0.24493483140628713,2.0096789286077263,0.662795160047783,1.6739751528771367,0.0,0.0
Sr2CrSnO6,0.9827508091755432,0.10037876057482364,1.8651228577762629,0.6116340781768117,2.6855172849645337,0.0,0.0
Sr2NiHfO6,1.0426196104451817,0.1602475618444621,1.9249916590459013,0.5313559084882302,1.7994824409536836,0.0,0.0
Sr2NiTaO6,0.8950313889941027,0.012659340393383123,1.7774034375948222,0.175582101534988,1.70966242836433,0.0,0.0
Sr2CoGeO6,1.421245785005446,0.5388737364047265,2.3036178336061655,0.20230419858526277,2.159935274134982,0.5149023638232272,0.0
Sr2NiSbO6,1.231175402538132,0.34880335393741246,2.1135474511388517,0.16143691718831293,2.177607540604497,0.10277492291880781,0.0
Sr2TiBiO6,1.8330350295257638,0.9506629809250442,2.7154070781264834,1.6101306238625521,3.2366660246455763,0.0,0.0
Sr2TiSbO6,2.031890527038611,1.1495184784378916,2.9142625756393308,1.352209230750617,3.1168260443520754,0.0,0.0
Sr2MnBiO6,0.6883829757544534,-0.1939890728462662,1.5707550243551731,0.31348107638370015,2.363660074205506,0.0,0.0
Sr2CoHfO6,0.8309466957141106,-0.05142535288660899,1.7133187443148303,0.7618455584502054,1.8673830760059218,0.0,0.0
Sr2VIrO6,0.9988914350876689,0.11651938648694926,1.8812634836883886,0.3293602743006767,1.8436162568891508,0.0,0.0
Sr2CrZrO6,1.0721105659281325,0.18973851732741287,1.954482614528852,0.2566566484224042,2.2004460311839154,0.0,0.0
Sr2TiPdO6,0.9224697059071242,0.04009765730640458,1.804841754507844,0.34745421011110744,1.6946699929498084,0.0,0.0
Sr2NiMoO6,0.7531826411818684,-0.1291894074188512,1.635554689782588,0.06558364766169383,1.3584958474467048,0.0,0.0
Sr2NbSbO6,2.0709191243702425,1.188547075769523,2.953291172970962,0.8508768214606702,3.1706845423521517,0.0,0.0
Sr2SnBiO6,0.8146370807460732,-0.06773496785464639,1.6970091293467928,0.22621331415569967,2.469435600540036,0.0,0.0
Sr2ZrTaO6,0.8064125620797704,-0.0759594865209492,1.68878461068049,0.343287033811416,3.470050723767041,0.0,0.0
Sr2CrNbO6,0.8298709011423038,-0.05250114745841583,1.7122429497430234,0.11224925867722729,1.5376951606746339,0.0,0.0
Sr2MoTaO6,0.8986076601995093,0.016235611598789723,1.780979708800229,0.10805310617825947,1.488709633223432,0.0,0.0
Sr2VZrO6,1.0326755022157084,0.15030345361498876,1.915047550816428,0.2377282963030135,3.005720951747226,0.0,0.0
Sr2HfTaO6,1.2993388812894402,0.4169668326887206,2.18171092989016,0.6535905715270418,3.764289143859287,0.2918807810894142,0.0
Sr2GeSnO6,2.069931657894494,1.1875596092937744,2.9523037064952136,0.2586652627952353,2.7928447978505777,0.0,0.0
Sr2CrInO6,0.9074483656697354,0.025076317069015808,1.789820414270455,0.5659669029057867,2.8081788106574734,0.0,0.0
Sr2NbHfO6,0.7654077615750818,-0.11696428702563777,1.6477798101758014,0.23399010722724461,2.580009516162282,0.0,0.0
Sr2ScVO6,2.2043257582868625,1.321953709686143,3.086697806887582,1.6622075089723687,3.1646003967161183,0.0,0.0
Sr2VNbO6,0.8476266145709146,-0.03474543402980501,1.7299986631716342,0.14658427740683783,1.646192923453743,0.0,0.0
Sr2VInO6,2.2141236820002494,1.3317516333995298,3.096495730600969,1.5745731678823796,3.1774620737258443,0.0,0.0
Sr2PdSnO6,0.9315316915402128,0.04915964293949315,1.8139037401409324,0.2587742234302878,2.1097091684517677,0.0,0.0
Sr2WSnO6,1.9177143119941666,1.035342263393447,2.8000863605948862,0.8881592652164926,3.018050625841754,0.0,0.0
Sr2NiZrO6,1.0026816429398548,0.12030959433913524,1.8850536915405744,0.3173099987067096,1.696657680299643,0.0,0.0
Sr2VTaO6,0.9533738513734995,0.0710018027727799,1.835745899974219,0.14688796287634814,2.333585676226286,0.0,0.0
Sr2ZrNbO6,0.7490175247714164,-0.13335452382930324,1.631389573372136,0.23885074919382066,2.240807664892594,0.0,0.0
Sr2VCoO6,1.0924758435576893,0.21010379495696974,1.974847892158409,0.400810328149085,1.7277585996715996,0.0,0.0
Sr2TaWO6,0.7164532649520313,-0.16591878364868828,1.598825313552751,0.0869574862622074,1.540261127217597,0.0,0.0
Sr2CoNbO6,0.8780099104686993,-0.0043621381320203545,1.7603819590694187,0.26624210124784053,1.7340412134468286,0.0,0.0
Sr2RuWO6,0.9734533599665972,0.0910813113658776,1.8558254085673167,0.20229180806226688,1.7851667346945819,0.0,0.0
Sr2CuReO6,0.8909264928007631,0.008554444200043476,1.7732985414014828,0.22119661445840977,1.8538799148987715,0.0,0.0
Sr2MnReO6,0.827888715672923,-0.05448333292779661,1.7102607642736425,0.25755036662226605,1.8015822169555222,0.0,0.0
Sr2CrGeO6,0.8792542765541761,-0.00311777204654351,1.7616263251548956,0.3011217883456906,2.7156155776777187,0.0,0.0
Sr2CoMoO6,0.6484192141070017,-0.23395283449371795,1.5307912627077211,0.17764359614063968,1.5165303839081266,0.0,0.0
Sr2VMoO6,0.7642033770224277,-0.11816867157829192,1.6465754256231473,0.07850112823883676,1.4628290086714157,0.0,0.0
Sr2CoZrO6,0.691620660316831,-0.1907513882838886,1.5739927089175505,0.5693099339520216,1.7886320278424024,0.0,0.0
Sr2CrYO6,0.8405301961905328,-0.041841852410186786,1.7229022447912525,0.43549126194836907,2.589544202958904,0.0,0.0
Sr2VNiO6,1.0023812010454076,0.12000915244468802,1.8847532496461272,0.16569490907157586,1.5546454160830527,0.0,0.0
Sr2TiTeO6,2.343595092682717,1.4612230440819975,3.2259671412834368,1.6649584160226314,3.1119140511395127,0.0,0.0
Sr2YWO6,0.5704461599607971,-0.31192588863992254,1.4528182085615167,0.24825497190606816,3.153031971936669,0.0,0.0
Sr2CrAlO6,0.6375476603629421,-0.24482438823777752,1.5199197089636618,0.36305273533955773,2.719117648782847,0.0,0.0
Sr2TiCoO6,0.8010254117898586,-0.08134663681086096,1.6833974603905784,0.3975274314856412,1.8046940472191335,0.0,0.0
Sr2NbWO6,0.6748221760015947,-0.20754987259912494,1.5571942246023143,0.08071731595327897,1.3360536817413715,0.0,0.0
Sr2HfReO6,0.9122228755431041,0.0298508269423845,1.7945949241438237,0.4970695631988079,2.572169515782799,0.0,0.0
Sr2VYO6,2.3528233573221993,1.4704513087214797,3.235195405922919,1.5703542106602328,3.477227744986676,0.0,0.0
Sr2CoNiO6,0.8773271402524233,-0.005044908348296295,1.7596991888531428,0.14661194205818928,1.4874485226569103,0.0,0.0
Sr2FeBiO6,0.8914887148866621,0.009116666285942543,1.7738607634873818,0.10938859116000138,1.689461815943886,0.0,0.0
Sr2VMnO6,0.782231543146917,-0.1001405054538026,1.6646035917476367,0.18734592119096194,1.551856939027282,0.0,0.0
Sr2VRhO6,0.6130922947507614,-0.26927975384995817,1.4954643433514812,0.14759147856231913,1.5958277203743814,0.0,0.0
Sr2MnMoO6,0.8705747906510354,-0.011797257949684226,1.7529468392517549,0.1567269125426618,1.5143362841242634,0.0,0.0
Sr2IrSbO6,0.6195924518137894,-0.2627795967869302,1.501964500414509,0.09941081897370846,2.1497230237472738,0.0,0.0
Sr2CoBiO6,0.9184182221102142,0.03604617350949457,1.8007902707109338,0.11424152773769014,1.824223469002896,0.0,0.0
Sr2PdGeO6,0.6266733897944792,-0.25569865880624043,1.5090454383951988,0.07444495120011968,2.050644749998368,0.0,0.0
Sr2NiBiO6,0.9903690529332029,0.10799700433248327,1.8727411015339226,0.11099215010309788,1.9462373003742188,0.0,0.0
Sr2TiNiO6,1.029171305069626,0.14679925646890646,1.9115433536703457,0.2528598877880941,1.7099499564927072,0.0,0.0
Sr2ScCrO6,0.8489515834630611,-0.033420465137658506,1.7313236320637806,0.4941385869773508,2.5068139440769976,0.0,0.0
Sr2VWO6,0.6389788991299358,-0.24339314947078383,1.5213509477306553,0.11043272176504415,1.648125645751152,0.0,0.0
Sr2CuTeO6,0.734343228330601,-0.14802882027011866,1.6167152769313207,0.19111607546175874,2.2268955662174914,0.0,0.0
Sr2CrRuO6,0.7189346803125272,-0.16343736828819244,1.6013067289132468,0.22826482063162334,1.7325649315302445,0.0,0.0
Sr2CuTaO6,0.5186291276832328,-0.36374292091748683,1.4010011762839523,0.14796489906761207,1.8282469367490966,0.0,0.0
Sr2NiNbO6,0.7240331291890478,-0.15833891941167177,1.6064051777897674,0.12355047626121207,1.366188458155312,0.0,0.0
Sr2CuSbO6,0.5421741196589874,-0.3401979289417322,1.424546168259707,0.2222031828835203,1.9843087564512873,0.0,0.0
Sr2ZrBiO6,2.1485514986797867,1.266179450079067,3.0309235472805063,1.6926466642916362,3.585350427162173,0.0,0.0
Sr2TiVO6,0.7118791901144353,-0.17049285848628426,1.594251238715155,0.2773224471945568,2.4431974943246413,0.0,0.0
Sr2RuAlO6,0.6332773110238583,-0.2490947375768613,1.515649359624578,0.09743823239502658,2.5226622701977384,0.0,0.0
Sr2ZrReO6,0.5289836357136475,-0.3533884128870721,1.411355684314367,0.3062739003753222,2.3652633944019374,0.0,0.0
Sr2ReTeO6,0.4558783769640841,-0.4264936716366355,1.3382504255648038,0.2490316042081666,2.3564067904548467,0.0,0.0
Sr2ReGeO6,0.6822199459995485,-0.2001521026011711,1.564591994600268,0.1881768715538199,2.702665784239239,0.0,0.0
Sr2TiTaO6,0.7036252671578666,-0.17874678144285305,1.5859973157585863,0.24724533628712975,2.6788054896366953,0.0,0.0
Sr2CrWO6,0.637801369422328,-0.2445706791783916,1.5201734180230475,0.14804400372021964,1.4206785081816906,0.0,0.0
Sr2CuBiO6,0.8093420400601566,-0.07303000854056296,1.6917140886608761,0.17100022170597629,1.9432536222130699,0.0,0.0
Sr2VBiO6,2.3891940205470847,1.5068219719463651,3.2715660691478043,1.4363701196222025,3.204644976631336,0.0,0.0
Sr2TiCrO6,0.561573578233117,-0.32079847036760256,1.4439456268338366,0.22662339156741967,1.6877587278670325,0.0,0.0
Sr2NbRhO6,0.39897967558195446,-0.48339237301876514,1.2813517241826742,0.14889848534677907,1.3776054976673024,0.0,0.0
Sr2TiNbO6,0.6092889308969486,-0.27308311770377103,1.4916609794976683,0.14964133767918725,1.8230665478937333,0.0,0.0
Sr2CrMnO6,0.7942065274094793,-0.08816552119124033,1.6765785760101988,0.18785273179574985,1.4601869028033585,0.0,0.0
Sr2YMoO6,0.577292269353521,-0.30507977924719865,1.4596643179542406,0.2549018603020714,2.3892594272150656,0.0,0.0
Sr2CuWO6,0.5799491656933898,-0.30242288290732977,1.4623212142941093,0.14474897554998412,1.3540952284877648,0.0,0.0
Sr2FeMoO6,0.6399754121131583,-0.24239663648756127,1.522347460713878,0.235283371925336,1.4194318985185634,0.0,0.0
Sr2NbMoO6,0.6136718886088501,-0.26870015999186947,1.4960439372095697,0.07334223047129212,1.3006745234722232,0.0,0.0
Sr2CrCoO6,0.8053877272550365,-0.07698432134568312,1.687759775855756,0.17532330642268956,1.5922879739154534,0.0,0.0
Sr2RhWO6,0.6381788215055152,-0.2441932270952044,1.5205508701062347,0.08336746934482814,1.4439766548033668,0.0,0.0
Sr2RhSbO6,0.4469809973952615,-0.4353910512054581,1.329353045995981,0.06498817320145178,1.9479209352705378,0.0,0.0
Sr2ReSnO6,0.46592121501897704,-0.41645083358174256,1.3482932636196967,0.1093766958973656,2.484711759556867,0.0,0.0
Sr2NbPdO6,0.2752777328347138,-0.6070943157660058,1.1576497814354334,0.03264418463993868,1.2582727954011985,0.0,0.0
Sr2ZrTeO6,2.7513924981433027,1.869020449542583,3.6337645467440223,1.6361472759255493,3.7029856200003004,0.0,0.0
Sr2VGaO6,2.4835687983593973,1.6011967497586777,3.365940846960117,1.6347967914387342,3.511673776967303,0.0,0.0
Sr2MnPdO6,0.9393099654691451,0.05693791686842553,1.8216820140698649,0.07691191071587228,1.1348123482288988,0.0,0.0
Sr2YRuO6,0.6900583315916283,-0.19231371700909128,1.572430380192348,0.12032819973850978,2.1957631485046534,0.0,0.0
Sr2TiRuO6,0.5429361927624262,-0.3394358558382934,1.4253082413631457,0.28311034042215777,1.651184040839229,0.0,0.0
Sr2VPdO6,0.32315622655833864,-0.559215822042381,1.2055282751590584,0.0973232372588802,1.4101224426972272,0.0,0.0
Sr2CrNiO6,0.7063994818037093,-0.17597256679701034,1.5887715304044288,0.052408815436733036,1.3427857368699239,0.0,0.0
Sr2RhBiO6,0.4612979707546089,-0.42107407784611073,1.3436700193553284,0.06509206268937939,1.8480107305662394,0.0,0.0
Sr2CrMoO6,0.3599377530960656,-0.5224342955046539,1.2423098016967853,0.09478098604388419,1.3005376437036258,0.0,0.0
Sr2RuGaO6,0.4562057667795814,-0.4261662818211382,1.338577815380301,0.14828282395240672,2.304486020693627,0.0,0.0
Sr2MoRuO6,0.47962300758776305,-0.40274904101295655,1.3619950561884826,0.16937919398289614,1.707300042215301,0.0,0.0
Sr2FeRuO6,0.36402236213197287,-0.5183496864687467,1.2463944107326925,0.11670412692587512,1.3467785844737645,0.0,0.0
Sr2CuNbO6,0.270155799421092,-0.6122162491796276,1.1525278480218115,0.0684646843471623,1.4890115241903983,0.0,0.0
Sr2TiReO6,0.5327122959272517,-0.34965975267346794,1.4150843445279713,0.20531066141210363,1.9110363672410764,0.0,0.0
Sr2CrPdO6,0.3955451052747706,-0.486826943325949,1.27791715387549,0.07981740147673488,1.1917057612218995,0.0,0.0
Sr2CrCuO6,0.4975986847734608,-0.3847733638272588,1.3799707333741804,0.0764706556325464,1.4031137198539954,0.0,0.0
Sr2RuInO6,0.3582577849236045,-0.5241142636771151,1.240629833524324,0.12321675405478416,2.212666006257723,0.0,0.0
Sr2CoPdO6,0.49635961470610346,-0.38601243389461615,1.378731663306823,0.1435834105666432,1.4791067990844695,0.0,0.0
Sr2PdReO6,0.5629881432368379,-0.3193839053638817,1.4453601918375574,0.15156848521281874,1.4693750997665873,0.0,0.0
Sr2AlSbO6,2.7348610186228295,1.8524889700221099,3.617233067223549,0.6667667274666584,3.088539322894733,0.0,0.0
Sr2NbAlO6,2.179761499170136,1.2973894505694163,3.0621335477708556,1.2228780604311877,3.364779947454639,0.0,0.0
Sr2VCuO6,0.321696603737618,-0.5606754448631016,1.2040686523383375,0.08555299349775208,1.7049640168291091,0.0,0.0
Sr2ScRuO6,0.4573226627401108,-0.4250493858606088,1.3396947113408304,0.13908289848769667,2.1934573286636394,0.0,0.0
Sr2ZrSbO6,2.644876015380482,1.7625039667797622,3.5272480639812014,1.4966913017357366,3.6538578074107573,0.0,0.0
Sr2ScBiO6,2.466309828807656,1.5839377802069365,3.3486818774083758,1.5538621852141992,3.826250503782231,0.0,0.0
Sr2CuMoO6,0.4368569935372133,-0.4455150550635063,1.319229042137933,0.06440948606266528,0.9252719303649888,0.0,0.0
Sr2PdWO6,0.2591993078288204,-0.6231727407718992,1.14157135642954,0.09353579489976488,1.3974912986830264,0.0,0.0
Sr2PdTaO6,0.10460155168688944,-0.7777704969138302,0.986973600287609,0.10626041451139207,1.4734427935162895,0.0,0.0
Sr2RuPdO6,0.22287522676588267,-0.6594968218348369,1.1052472753666023,0.09005422746086122,1.5647234361549693,0.0,0.0
Sr2RuBiO6,0.18072352680328102,-0.7016485217974386,1.0630955754040006,0.048556727175774306,1.9566511301713185,0.0,0.0
Sr2MoPdO6,0.011671796230697135,-0.8707002523700225,0.8940438448314167,0.057564221192992315,1.129447387326108,0.0,0.0
Sr2TiGeO6,2.695247668267464,1.8128756196667446,3.577619716868184,1.3083097587889556,3.4676242257593075,0.0,0.0
Sr2TaSbO6,2.400150886663485,1.5177788380627653,3.2825229352642045,1.3187950477567418,3.4975073523170086,0.0,0.0
Sr2TaSnO6,2.6978528083222417,1.8154807597215221,3.5802248569229613,1.8013663583529755,3.7028227529349436,0.0,0.0
Sr2PdIrO6,0.2400346914098895,-0.6423373571908301,1.122406740010609,0.08424885760117018,1.4186682911316142,0.0,0.0
Sr2NbBiO6,2.8917295395630576,2.009357490962338,3.774101588163777,1.6402112785630196,3.334090933584224,0.0,0.0
Sr2NbInO6,2.725903468897585,1.8435314202968653,3.6082755174983046,1.606024690480715,3.268856895126487,0.0,0.0
Sr2HfTeO6,2.9146078016463806,2.032235753045661,3.7969798502471,1.8543549625502318,3.8446507009863193,0.0,0.0
Sr2ZnWO6,2.8718591098104866,1.989487061209767,3.7542311584112062,0.661150622538339,3.535919592330054,0.0,0.0
Sr2TiSnO6,2.9862623765204774,2.103890327919758,3.868634425121197,1.7578167728414282,3.3800948577433227,0.0,0.0
Sr2ScNbO6,2.9440017869118242,2.0616297383111046,3.826373835512544,1.7191008239297845,3.3116140792605635,0.0,0.0
Sr2TaBiO6,3.026216368531021,2.1438443199303014,3.9085884171317407,2.0603955387017985,3.5553193805103898,0.0,0.0
Sr2YNbO6,3.1909572721231045,2.308585223522385,4.073329320723824,1.8672626030673074,3.4309246067198855,0.0,0.0
Sr2TiHfO6,2.7096829065520716,1.827310857951352,3.592054955152791,1.7960992485760712,3.280253317095777,0.0,0.0
Sr2TaInO6,3.201947069068245,2.3195750204675254,4.084319117668965,1.9501926628568742,3.933823522306398,0.0,0.0
Sr2NbGaO6,3.150152355172271,2.2677803065715514,4.032524403772991,1.587189265721384,3.5773213895343337,0.0,0.0
Sr2TaAlO6,3.0857521262841696,2.20338007768345,3.968124174884889,1.4555234919986715,3.8371635129386203,0.0,0.0
Sr2ZrGeO6,3.4695292237203437,2.587157175119624,4.351901272321063,1.2976927735953105,4.201323297209138,0.0,0.0
Sr2ZrSnO6,3.562662225350538,2.680290176749818,4.445034273951258,1.7892992796470368,3.9914283655943144,0.0,0.0
Sr2ScSbO6,3.3586730324682312,2.4763009838675116,4.24104508106895,1.5712086208657414,4.0189925521763055,0.0,0.0
Sr2TaGaO6,3.488972160861038,2.606600112260318,4.371344209461757,1.8813411423788753,4.222179911890183,0.0,0.0
Sr2YTaO6,3.6169571775969254,2.7345851289962058,4.499329226197645,2.526131136783145,4.115175897938279,0.0,0.0
Sr2ScTaO6,3.3940834131447217,2.511711364544002,4.276455461745441,2.582441909944206,3.966109785683961,0.0,0.0
Sr2HfGeO6,3.6368237166848383,2.7544516680841187,4.519195765285557,1.6380226040461237,4.410471503205509,0.0,0.0
Sr2HfSnO6,3.672107404183183,2.7897353555824633,4.5544794527839025,2.0657925602638354,4.149783248558079,0.0,0.0
Sr2YSbO6,3.7649439082913747,2.882571859690655,4.647315956892094,1.6195237854160869,4.056611048349414,0.0,0.0
Sr2ZrHfO6,3.8409967030898975,2.958624654489178,4.723368751690617,2.268109504333248,4.038819583232117,0.0,0.0
