formula,in_296,pred,abs_lo,abs_hi,cqr_lo,cqr_hi,contain_abs,contain_cqr
Sr2AlBiO6,True,1.9825474879579135,1.1001754393571939,2.864919536558633,0.35223344528948164,3.223107874991592,0.0,0.0
Sr2AlCoO6,False,1.2965031809816754,0.4141311323809558,2.178875229582395,0.37469909057921547,2.3678222787429504,0.2846865364850976,0.0
Sr2AlCrO6,False,0.6375476603629421,-0.24482438823777752,1.5199197089636618,0.35391604454141457,2.719117648782847,0.0,0.0
Sr2AlCuO6,False,2.315478931993943,1.4331068833932235,3.1978509805946627,0.4481171736680175,2.7809574673444604,0.0,0.0
Sr2AlFeO6,False,0.90523350369296,0.022861455092240357,1.7876055522936796,0.5158061905539543,2.3146559178571664,0.0,0.0
Sr2AlGaO6,False,3.227291353406643,2.3449193048059236,4.109663402007363,1.4789278365516632,3.7604319135904793,0.0,0.0
Sr2AlGeO6,False,3.1089909397211284,2.226618891120409,3.991362988321848,0.5444437957719088,3.7434776595719095,0.0,0.0
Sr2AlHfO6,False,2.902252204992215,2.0198801563914954,3.7846242535929346,1.339014345331759,4.280370939334311,0.0,0.0
Sr2AlInO6,False,3.001170650354101,2.1187986017533813,3.8835426989548205,1.4214622140724495,3.552887885469656,0.0,0.0
Sr2AlIrO6,False,0.9566468912344062,0.07427484263368656,1.8390189398351258,0.18294728528108334,2.9083897775746994,0.0,0.0
Sr2AlMnO6,False,1.114562361332436,0.23219031273171642,1.9969344099331556,0.2684966117031544,2.6589427445421774,0.0,0.0
Sr2AlMoO6,False,0.8125005565623222,-0.06987149203839738,1.6948726051630418,0.22412340591192775,2.7043434174979666,0.0,0.0
Sr2AlNbO6,False,2.179548607351513,1.2971765587507935,3.0619206559522327,1.2146239479781809,3.364720903972954,0.0,0.0
Sr2AlNiO6,False,2.00133055934888,1.1189585107481603,2.8837026079495995,0.32906510422705626,2.49495808984423,0.0,0.0
Sr2AlPdO6,False,1.736303141368523,0.8539310927678034,2.6186751899692426,0.3493293205822219,2.644466317218483,0.19835560123329907,0.0
Sr2AlReO6,False,1.0907440980300467,0.20837204942932708,1.9731161466307663,0.1878144638320305,3.6533029045372243,0.0,0.0
Sr2AlRhO6,False,0.948629891265839,0.06625784266511936,1.8310019398665585,0.2522356900068944,2.4067274563001515,0.0,0.0
Sr2AlRuO6,False,0.6336452460955655,-0.2487268025051541,1.516017294696285,0.09769299152414451,2.504922280182645,0.0,0.0
Sr2AlSbO6,True,2.7348610186228295,1.8524889700221099,3.617233067223549,0.6667667274666584,3.088539322894733,0.0,0.0
Sr2AlScO6,False,2.513120860201722,1.6307488116010025,3.3954929088024417,1.2891139446718518,3.9341664217720065,0.0,0.0
Sr2AlSnO6,False,2.704948698582452,1.8225766499817322,3.5873207471831714,0.6741158515649238,3.3179513956601254,0.0,0.0
Sr2AlTaO6,False,3.0857521262841696,2.20338007768345,3.968124174884889,1.4554367324080562,3.8371635129386203,0.0,0.0
Sr2AlTeO6,False,2.5492023273363396,1.66683027873562,3.431574375937059,0.6512588445689609,3.0949778744529457,0.0,0.0
Sr2AlTiO6,False,1.5093695983427229,0.6269975497420033,2.3917416469434425,0.9537357215583934,3.210420813450478,0.6012332990750257,0.0
Sr2AlVO6,False,1.6244659671364958,0.7420939185357762,2.506838015737215,1.3277375788422603,3.0484461730352086,0.4573484069886948,0.0
Sr2AlWO6,False,1.6638577681150422,0.7814857195143226,2.546229816715762,0.6941189604427589,3.4565474867280193,0.37821171634121276,0.0
Sr2AlYO6,False,2.6694245339447535,1.787052485344034,3.551796582545473,1.3011615645233099,4.091588021784654,0.0,0.0
Sr2AlZnO6,False,2.909439108324641,2.0270670597239215,3.7918111569253607,0.9064635279968968,3.2760153342104648,0.0,0.0
Sr2AlZrO6,False,2.087457933534341,1.2050858849336215,2.9698299821350607,1.076847911566741,3.9241912924541023,0.0,0.0
Sr2BiCoO6,False,0.9257556025917133,0.043383553990993695,1.808127651192433,0.11024468111017072,1.8241013313038472,0.0,0.0
Sr2BiCrO6,False,1.2939036914175166,0.411531642816797,2.1762757400182364,0.5619462031835926,2.3826414110293204,0.27646454265159304,0.0
Sr2BiCuO6,False,0.8075342818481548,-0.07483776675256482,1.6899063304488744,0.16897376271087772,1.9432621705931608,0.0,0.0
Sr2BiFeO6,False,0.8963686641487123,0.013996615547992697,1.778740712749432,0.10764113121991697,1.689339678244837,0.0,0.0
Sr2BiGaO6,False,1.1996986398762943,0.3173265912755747,2.082070688477014,0.11092465609634022,2.5332126287228904,0.0,0.0
Sr2BiGeO6,False,1.445581211801094,0.5632091632003744,2.327953260401814,0.3734477749268219,2.6781243211628483,0.5447070914696814,0.0
Sr2BiHfO6,False,2.5686317477296696,1.68625969912895,3.4510037963303892,2.05574645838304,3.666767456727658,0.0,0.0
Sr2BiInO6,False,0.9693406390551069,0.08696859045438732,1.8517126876558265,0.10659190455816558,2.4365943568892066,0.0,0.0
Sr2BiIrO6,False,0.4165516349748426,-0.465820413625877,1.2989236835755622,0.2027018667266801,2.1575861268410605,0.0,0.0
Sr2BiMnO6,False,0.6800610514130304,-0.2023109971876892,1.5624331000137501,0.3025634903644008,2.3635464848865477,0.0,0.0
Sr2BiMoO6,False,1.4403424839448447,0.557970435344125,2.3227145325455645,0.4822333268357263,2.229045379462046,0.5405960945529291,0.0
Sr2BiNbO6,False,2.8917295395630576,2.009357490962338,3.774101588163777,1.630607508819057,3.3341098257575603,0.0,0.0
Sr2BiNiO6,False,0.9783829793431355,0.09601093074241585,1.860755027943855,0.10842667688268037,1.94611516267517,0.0,0.0
Sr2BiPdO6,False,0.7209712755154914,-0.16140077308522816,1.603343324116211,0.16006611416748145,2.071080090205454,0.0,0.0
Sr2BiReO6,False,0.6327981104207098,-0.24957393818000984,1.5151701590214293,0.4369913105453185,2.3986662469761617,0.0,0.0
Sr2BiRhO6,False,0.4624883057776237,-0.41988374282309593,1.3448603543783433,0.06133747355702024,1.8480218423742332,0.0,0.0
Sr2BiRuO6,False,0.17891576859127914,-0.7034562800094405,1.0612878171919988,0.048094116845184276,1.9566511301713185,0.0,0.0
Sr2BiSbO6,False,1.4700590668335292,0.5876870182328096,2.352431115434249,0.38566329521615716,2.488816445724395,0.5775950668036999,0.0
Sr2BiScO6,False,2.4666359662014483,1.5842639176007287,3.349008014802168,1.5552664581889135,3.826260847575477,0.0,0.0
Sr2BiSnO6,False,0.8146370807460732,-0.06773496785464639,1.6970091293467928,0.22621331415569967,2.469435600540036,0.0,0.0
Sr2BiTaO6,False,3.023137880829474,2.1407658322287544,3.9055099294301936,2.0312927405984436,3.5553510163398143,0.0,0.0
Sr2BiTeO6,True,1.4822934602151552,0.5999214116144356,2.364665508815875,0.39870604717804925,2.84486200915619,0.591983556012333,0.0
Sr2BiTiO6,False,1.822503273231773,0.9401312246310534,2.7048753218324926,1.6085970020562477,3.2366211365055952,0.0,0.0
Sr2BiVO6,False,2.385310449090219,1.5029384004894992,3.2676824976909384,1.406896126342379,3.2021838875995994,0.0,0.0
Sr2BiWO6,False,2.0219088276167483,1.1395367790160287,2.904280876217468,1.0076560343234924,2.802461889528237,0.0,0.0
Sr2BiYO6,False,2.5043823323785155,1.6220102837777959,3.386754380979235,1.562506173048916,3.7437636650254777,0.0,0.0
Sr2BiZnO6,False,1.377244194031853,0.49487214543113334,2.2596162426325725,0.2124903307389081,2.8332828050842487,0.4573484069886948,0.0
Sr2BiZrO6,False,2.152252693875275,1.2698806452745552,3.0346247424759945,1.6942549728425953,3.5853607709554187,0.0,0.0
Sr2CoCrO6,False,0.8069430222275069,-0.0754290263732127,1.6893150708282265,0.17532330642268956,1.5922879739154534,0.0,0.0
Sr2CoCuO6,False,0.5632078577442293,-0.3191641908564903,1.4455799063449488,0.11201081659737955,1.4276656338641027,0.0,0.0
Sr2CoFeO6,False,0.5958761439080681,-0.2864959046926515,1.4782481925087878,0.10099032649146522,1.2852041675105625,0.0,0.0
Sr2CoGaO6,False,1.2501083725538857,0.36773632395316613,2.1324804211546056,0.2823713632842092,2.3256262637935703,0.1551901336073998,0.0
Sr2CoGeO6,True,1.421245785005446,0.5388737364047265,2.3036178336061655,0.20230419858526277,2.159935274134982,0.5149023638232272,0.0
Sr2CoHfO6,True,0.8309466957141106,-0.05142535288660899,1.7133187443148303,0.7618455584502054,1.8673830760059218,0.0,0.0
Sr2CoInO6,False,1.2173752013182069,0.33500315271748726,2.0997472499189263,0.2845425653947452,2.17104984875293,0.06474820143884892,0.0
Sr2CoIrO6,True,1.4350890399184113,0.5527169913176917,2.317461088519131,0.17788554171194676,2.235584163053555,0.5313463514902363,0.0
Sr2CoMnO6,False,0.7276779471227786,-0.15469410147794105,1.6100499957234982,0.08694299855586907,1.519436792609267,0.0,0.0
Sr2CoMoO6,True,0.6484192141070017,-0.23395283449371795,1.5307912627077211,0.17764359614063968,1.5165303839081266,0.0,0.0
Sr2CoNbO6,True,0.8780099104686993,-0.0043621381320203545,1.7603819590694187,0.26624210124784053,1.7340412134468286,0.0,0.0
Sr2CoNiO6,True,0.8773271402524233,-0.005044908348296295,1.7596991888531428,0.14661194205818928,1.4874485226569103,0.0,0.0
Sr2CoPdO6,True,0.49635961470610346,-0.38601243389461615,1.378731663306823,0.1435834105666432,1.4791067990844695,0.0,0.0
Sr2CoReO6,True,1.1894705983940528,0.3070985497933332,2.0718426469947726,0.2560648693252888,2.1407173902359493,0.0,0.0
Sr2CoRhO6,True,0.33043814505262736,-0.5519339035480922,1.2128101936533469,0.03252279882521891,1.270120651668532,0.0,0.0
Sr2CoRuO6,True,0.6941127421703942,-0.1882593064303254,1.5764847907711137,0.0821410431509852,1.2381831957394356,0.0,0.0
Sr2CoSbO6,True,1.114458746483229,0.23208669788250935,1.9968307950839486,0.19630463409880178,1.8782571587448644,0.0,0.0
Sr2CoScO6,False,1.1498654798552583,0.2674934312545387,2.032237528455978,0.3378538858750937,2.1533254145830436,0.0,0.0
Sr2CoSnO6,True,1.2688666305937735,0.38649458199305387,2.151238679194493,0.23112227669980256,1.9010578239840692,0.21377183967112023,0.0
Sr2CoTaO6,False,0.9565456982457615,0.07417364964504192,1.838917746846481,0.4819944077886834,1.806026232367596,0.0,0.0
Sr2CoTeO6,False,1.2179205908806283,0.3355485422799087,2.100292639481348,0.18792266914247624,2.0488011008554072,0.06680369989722508,0.0
Sr2CoTiO6,False,0.8010254117898586,-0.08134663681086096,1.6833974603905784,0.3975274314856412,1.8046940472191335,0.0,0.0
Sr2CoVO6,False,1.0924758435576893,0.21010379495696974,1.974847892158409,0.400810328149085,1.7277585996715996,0.0,0.0
Sr2CoWO6,True,1.1074269425865728,0.2250548939858532,1.9897989911872924,0.16777300479835372,2.0531154582417335,0.0,0.0
Sr2CoYO6,False,0.9862313298555412,0.10385928125482158,1.8686033784562608,0.4233093908630807,2.134833185701481,0.0,0.0
Sr2CoZnO6,False,1.2334523267709445,0.3510802781702249,2.1158243753716643,0.2827056764501755,2.0503771406749376,0.10996916752312436,0.0
Sr2CoZrO6,True,0.691620660316831,-0.1907513882838886,1.5739927089175505,0.5693099339520216,1.7886320278424024,0.0,0.0
Sr2CrCuO6,True,0.4975986847734608,-0.3847733638272588,1.3799707333741804,0.0764706556325464,1.4031137198539954,0.0,0.0
Sr2CrFeO6,True,0.8492903900717884,-0.03308165852893119,1.7316624386725081,0.29286785774497814,1.6374927260792154,0.0,0.0
Sr2CrGaO6,True,1.1152285397806296,0.23285649117991003,1.9976005883813492,0.5960901267092635,3.1012760089033136,0.0,0.0
Sr2CrGeO6,True,0.8792542765541761,-0.00311777204654351,1.7616263251548956,0.3011217883456906,2.7156155776777187,0.0,0.0
Sr2CrHfO6,True,1.0974674636749011,0.2150954150741815,1.9798395122756207,0.47314452120705186,2.3711723054431038,0.0,0.0
Sr2CrInO6,True,0.9074483656697354,0.025076317069015808,1.789820414270455,0.5659669029057867,2.8081788106574734,0.0,0.0
Sr2CrIrO6,True,0.4516310170978457,-0.4307410315028739,1.3340030656985653,0.14507331946779267,1.4156109899744274,0.0,0.0
Sr2CrMnO6,True,0.7942065274094793,-0.08816552119124033,1.6765785760101988,0.18785273179574985,1.4601869028033585,0.0,0.0
Sr2CrMoO6,True,0.3599377530960656,-0.5224342955046539,1.2423098016967853,0.09478098604388419,1.3005376437036258,0.0,0.0
Sr2CrNbO6,True,0.8298709011423038,-0.05250114745841583,1.7122429497430234,0.11224925867722729,1.5376951606746339,0.0,0.0
Sr2CrNiO6,True,0.7063994818037093,-0.17597256679701034,1.5887715304044288,0.052408815436733036,1.3427857368699239,0.0,0.0
Sr2CrPdO6,True,0.3955451052747706,-0.486826943325949,1.27791715387549,0.07981740147673488,1.1917057612218995,0.0,0.0
Sr2CrReO6,True,0.6754086566366089,-0.20696339196411073,1.5577807052373285,0.3872098953771739,2.0277855444113175,0.0,0.0
Sr2CrRhO6,True,0.17870247659012994,-0.7036695720105897,1.0610745251908495,0.08859605479746518,1.057127137625126,0.0,0.0
Sr2CrRuO6,True,0.7189346803125272,-0.16343736828819244,1.6013067289132468,0.22826482063162334,1.7325649315302445,0.0,0.0
Sr2CrSbO6,False,0.9536120948262331,0.0712400462255135,1.8359841434269528,0.23306575798697693,2.278843049319153,0.0,0.0
Sr2CrScO6,False,0.8489515834630611,-0.033420465137658506,1.7313236320637806,0.4941385869773508,2.5068139440769976,0.0,0.0
Sr2CrSnO6,True,0.9827508091755432,0.10037876057482364,1.8651228577762629,0.6116340781768117,2.6855172849645337,0.0,0.0
Sr2CrTaO6,True,0.9417428150598586,0.05937076645913897,1.8241148636605782,0.17438687679178588,1.9136207381838917,0.0,0.0
Sr2CrTeO6,True,1.0006424116530976,0.11827036305237804,1.8830144602538172,0.27909286647987075,2.3293079810189585,0.0,0.0
Sr2CrTiO6,False,0.561573578233117,-0.32079847036760256,1.4439456268338366,0.22662339156741967,1.6877587278670325,0.0,0.0
Sr2CrVO6,False,1.0894244843048995,0.20705243570417986,1.971796532905619,0.11147136911388422,1.6522157759632639,0.0,0.0
Sr2CrWO6,True,0.637801369422328,-0.2445706791783916,1.5201734180230475,0.14804400372021964,1.4206785081816906,0.0,0.0
Sr2CrYO6,True,0.8405301961905328,-0.041841852410186786,1.7229022447912525,0.43549126194836907,2.589544202958904,0.0,0.0
Sr2CrZnO6,True,1.6021646086517236,0.719792560051004,2.484536657252443,0.42596837603509397,2.8173262528914353,0.4840698869475848,0.0
Sr2CrZrO6,True,1.0721105659281325,0.18973851732741287,1.954482614528852,0.2566566484224042,2.2004460311839154,0.0,0.0
Sr2CuFeO6,False,0.3875968512660164,-0.4947751973347032,1.269968899866736,0.1134612516049126,1.1429920960650368,0.0,0.0
Sr2CuGaO6,False,1.4798285873096415,0.5974565387089219,2.3622006359103613,0.5093045444283715,2.3869058467063526,0.590955806783145,0.0
Sr2CuGeO6,False,0.7177512078493328,-0.16462084075138683,1.6001232564500523,0.10450765926562139,2.1886587513311864,0.0,0.0
Sr2CuHfO6,False,0.9502071846536343,0.06783513605291469,1.832579233254354,0.6314584139385004,2.38370001771853,0.0,0.0
Sr2CuInO6,False,1.3872828314639356,0.504910782863216,2.269654880064655,0.4886473316893005,2.1973126459230827,0.4686536485097636,0.0
Sr2CuIrO6,True,0.2045803778996573,-0.6777916707010623,1.086952426500377,0.025687240745902895,1.4936481240355675,0.0,0.0
Sr2CuMnO6,False,0.7908232351355955,-0.09154881346512411,1.673195283736315,0.1690355934784855,2.0416654574764985,0.0,0.0
Sr2CuMoO6,True,0.4368569935372133,-0.4455150550635063,1.319229042137933,0.06440948606266528,0.9252719303649888,0.0,0.0
Sr2CuNbO6,True,0.270155799421092,-0.6122162491796276,1.1525278480218115,0.0684646843471623,1.4890115241903983,0.0,0.0
Sr2CuNiO6,False,0.843317553861977,-0.03905449473874256,1.7256896024626966,0.07720409701401754,1.3211630091883153,0.0,0.0
Sr2CuPdO6,False,0.19107622500637184,-0.6912958235943478,1.0734482736070914,0.07154463102806452,1.5537797304680825,0.0,0.0
Sr2CuReO6,True,0.8909264928007631,0.008554444200043476,1.7732985414014828,0.22119661445840977,1.8538799148987715,0.0,0.0
Sr2CuRhO6,False,0.18305775728554224,-0.6993142913151773,1.065429805886262,0.008531775923677098,1.33878211194143,0.0,0.0
Sr2CuRuO6,True,0.21194736149875612,-0.6704246871019635,1.0943194100994758,0.029802572550997664,1.610763095522144,0.0,0.0
Sr2CuSbO6,True,0.5421741196589874,-0.3401979289417322,1.424546168259707,0.2222031828835203,1.9843087564512873,0.0,0.0
Sr2CuScO6,False,1.088863105027732,0.20649105642701238,1.9712351536284516,0.4500192528473739,2.32211557751151,0.0,0.0
Sr2CuSnO6,False,0.865719111446683,-0.016652937154036596,1.7480911600474025,0.2968518470190745,1.9572449379227748,0.0,0.0
Sr2CuTaO6,True,0.5186291276832328,-0.36374292091748683,1.4010011762839523,0.14796489906761207,1.8282469367490966,0.0,0.0
Sr2CuTeO6,True,0.734343228330601,-0.14802882027011866,1.6167152769313207,0.19111607546175874,2.2268955662174914,0.0,0.0
Sr2CuTiO6,False,0.9245418566090331,0.04216980800831349,1.8069139052097527,0.44269573045439836,1.8538519743006536,0.0,0.0
Sr2CuVO6,False,0.308977316384782,-0.5733947322159376,1.1913493649855016,0.07298254693092598,1.7054327762208592,0.0,0.0
Sr2CuWO6,True,0.5799491656933898,-0.30242288290732977,1.4623212142941093,0.14474897554998412,1.3540952284877648,0.0,0.0
Sr2CuYO6,False,0.991849889079412,0.10947784047869236,1.8742219376801317,0.45132376807163754,2.4030435284574434,0.0,0.0
Sr2CuZnO6,False,1.2134743740614842,0.33110232546076457,2.095846422662204,0.3172828256293858,2.125593584122616,0.048304213771839674,0.0
Sr2CuZrO6,False,0.7329517217100673,-0.14942032689065232,1.6153237703107868,0.4603769038001897,2.184896915028994,0.0,0.0
Sr2FeGaO6,False,1.3901097301902272,0.5077376815895076,2.272481778790947,0.2546173296859495,2.235163681428842,0.47070914696813976,0.0
Sr2FeGeO6,False,0.8831614626676401,0.0007894140669204575,1.7655335112683597,0.19607909982192595,1.9175135874547906,0.0,0.0
Sr2FeHfO6,False,1.4442226582435254,0.5618506096428058,2.326594706844245,0.8534416520252407,2.3154956645850926,0.5436793422404933,0.0
Sr2FeInO6,False,1.2612603146070676,0.37888826600634795,2.143632363207787,0.2367241379103981,2.075235927065206,0.19218910585817062,0.0
Sr2FeIrO6,True,0.821934016888823,-0.060438031711896656,1.7043060654895426,0.15627996230017938,1.8288270281263248,0.0,0.0
Sr2FeMnO6,False,0.8658871251006107,-0.016484923500108883,1.7482591737013302,0.1696204438345631,1.4972707695095488,0.0,0.0
Sr2FeMoO6,True,0.6399754121131583,-0.24239663648756127,1.522347460713878,0.235283371925336,1.4194318985185634,0.0,0.0
Sr2FeNbO6,False,1.3169144039656187,0.43454235536489905,2.199286452566338,0.6459530973599849,1.962026879796361,0.34224049331963,0.0
Sr2FeNiO6,False,0.9044895938336459,0.022117545232926306,1.7868616424343655,0.12178850334207447,1.685071211464182,0.0,0.0
Sr2FePdO6,False,0.2723717542665793,-0.6100002943341403,1.154743802867299,0.14998625174587704,1.2013617103423466,0.0,0.0
Sr2FeReO6,True,1.2498797489741207,0.3675077003734011,2.13225179757484,0.20919942532829872,2.045782676385521,0.1551901336073998,0.0
Sr2FeRhO6,False,0.5002452323449915,-0.3821268162557281,1.3826172809457111,0.06704139644495533,1.0292672693605212,0.0,0.0
Sr2FeRuO6,True,0.36402236213197287,-0.5183496864687467,1.2463944107326925,0.11670412692587512,1.3467785844737645,0.0,0.0
Sr2FeSbO6,False,1.2363360918907353,0.35396404329001574,2.1187081404914547,0.25608259237742936,1.7530801196651713,0.11408016443987667,0.0
Sr2FeScO6,False,1.5863891513054966,0.704017102704777,2.4687611999062162,0.7798895501409983,2.2871422856761296,0.5087358684480987,0.0
Sr2FeSnO6,False,1.2839009717065892,0.40152892310586963,2.166273020307309,0.19830330636467064,1.7051994529340657,0.2538540596094553,0.0
Sr2FeTaO6,False,1.4994017966768949,0.6170297480761753,2.3817738452776145,0.7227339158883551,2.2317236247871404,0.6063720452209661,0.0
Sr2FeTeO6,False,1.5185785869482393,0.6362065383475197,2.400950635548959,0.27096659615919927,1.8644026120745405,0.591983556012333,0.0
Sr2FeTiO6,False,1.5285475119760665,0.6461754633753469,2.410919560576786,0.747295910532534,2.0284097716308414,0.578622816032888,0.0
Sr2FeVO6,False,1.1273068800070067,0.24493483140628713,2.0096789286077263,0.662795160047783,1.6739751528771367,0.0,0.0
Sr2FeWO6,False,1.461539693552164,0.5791676449514445,2.3439117421528834,0.37289513045911504,2.0878578410415445,0.5632065775950668,0.0
Sr2FeYO6,False,1.5825608034834038,0.7001887548826842,2.4649328520841234,0.8114976147577334,2.3558730204307636,0.513874614594039,0.0
Sr2FeZnO6,False,1.068696757328339,0.18632470872761941,1.9510688059290586,0.2675944216343067,2.0452858335379336,0.0,0.0
Sr2FeZrO6,False,1.2437067676079447,0.36133471900722514,2.1260788162086643,0.7350496712499388,2.0486546109083448,0.13463514902363824,0.0
Sr2GaGeO6,False,1.8943781943415794,1.0120061457408598,2.776750242942299,0.4437020155287743,2.9579564174152035,0.0,0.0
Sr2GaHfO6,False,1.8658487420327572,0.9834766934320376,2.748220790633477,1.3639988412432698,3.1949620156618304,0.0,0.0
Sr2GaInO6,False,2.5420431991927424,1.6596711505920227,3.424415247793462,1.1723248422131922,3.5816460842109663,0.0,0.0
Sr2GaIrO6,False,0.4139726312920919,-0.4683994173086277,1.2963446798928115,0.13978202976520843,2.4758864219887107,0.0,0.0
Sr2GaMnO6,False,1.3790418447258568,0.4966697961251372,2.2614138933265764,0.42501386402132113,3.0171491788801794,0.45940390544707094,0.0
Sr2GaMoO6,False,1.487884338134369,0.6055122895336493,2.3702563867350888,0.4566983346042093,2.7983686414399274,0.5950668036998972,0.0
Sr2GaNbO6,False,3.1446375406854212,2.2622654920847016,4.027009589286141,1.5870942989717363,3.5773213895343337,0.0,0.0
Sr2GaNiO6,False,1.9522854919738468,1.0699134433731272,2.8346575405745664,0.3140385298755516,2.3346690357405437,0.0,0.0
Sr2GaPdO6,False,0.8009177895444736,-0.08145425905624604,1.683289838145193,0.38933082175283584,2.4513362194890758,0.0,0.0
Sr2GaReO6,False,1.374419953559225,0.49204790495850537,2.2567920021599446,0.47903928671512375,3.198539965808554,0.4563206577595067,0.0
Sr2GaRhO6,False,0.5146745267583126,-0.367697521842407,1.3970465753590322,0.21443831142941794,2.1077687666545724,0.0,0.0
Sr2GaRuO6,False,0.45546824455354656,-0.42690380404717304,1.3378402931542661,0.14828282395240672,2.3063086919544946,0.0,0.0
Sr2GaSbO6,False,2.2103090813031763,1.3279370327024567,3.092681129903896,0.214218421253008,2.644839112306004,0.0,0.0
Sr2GaScO6,False,1.7475591816122265,0.8651871330115068,2.629931230212946,0.9404481293215067,3.38397989962801,0.1644398766700925,0.0
Sr2GaSnO6,False,2.167007713304122,1.2846356647034023,3.0493797619048415,0.32545291701073764,2.775737963289666,0.0,0.0
Sr2GaTaO6,False,3.482825756593624,2.600453707992904,4.365197805194343,1.8639364898098347,4.2202023342108586,0.0,0.0
Sr2GaTeO6,True,1.919124022755092,1.0367519741543725,2.8014960713558117,0.2146070399443828,2.7252107115276014,0.0,0.0
Sr2GaTiO6,False,1.5125553777291536,0.630183329128434,2.394927426329873,1.0523955603872306,2.5914333719346154,0.5950668036998972,0.0
Sr2GaVO6,False,2.484637784495013,1.6022657358942936,3.3670098330957328,1.6184239774262124,3.5116421342250783,0.0,0.0
Sr2GaWO6,False,2.2177440373550303,1.3353719887543107,3.10011608595575,0.9553135429066354,3.258857070915221,0.0,0.0
Sr2GaYO6,False,1.8288849135635474,0.9465128649628278,2.711256962164267,1.04095216412362,3.3606561822530936,0.0,0.0
Sr2GaZnO6,False,2.0446478614916614,1.1622758128909418,2.927019910092381,0.821458620475365,3.4725427712606254,0.0,0.0
Sr2GaZrO6,False,1.6518467882000327,0.7694747395993131,2.5342188368007523,1.1806043790801728,3.0042862068677363,0.40596094552929085,0.0
Sr2GeHfO6,False,3.6438256652378405,2.761453616637121,4.52619771383856,1.6365335152890976,4.410841638916514,0.0,0.0
Sr2GeInO6,False,2.28532265247184,1.4029506038711204,3.1676947010725596,0.39825268368104993,2.911265435918728,0.0,0.0
Sr2GeIrO6,False,0.5080047499733474,-0.37436729862737217,1.3903767985740672,0.03372479431855452,2.168256316989767,0.0,0.0
Sr2GeMnO6,False,1.3659614798005353,0.4835894311998157,2.248333528401255,0.21109426884705718,2.6138639119336364,0.43884892086330934,0.0
Sr2GeMoO6,False,0.5879363791134301,-0.2944356694872895,1.4703084277141496,0.1763489015178833,2.383881032075193,0.0,0.0
Sr2GeNbO6,False,1.9512722746340256,1.068900226033306,2.8336443232347452,0.7473077683735488,3.1514993165655936,0.0,0.0
Sr2GeNiO6,False,1.1498705232522766,0.26749847465155696,2.032242571852996,0.13835149090232252,2.2165921750332336,0.0,0.0
Sr2GePdO6,False,0.6683308789728399,-0.21404116962787967,1.5507029275735595,0.07672148139474644,2.07250180769098,0.0,0.0
Sr2GeReO6,False,0.6807068059053965,-0.20166524269532315,1.563078854506116,0.18573607479495013,2.708808961433829,0.0,0.0
Sr2GeRhO6,False,0.4044536906455482,-0.4779183579551714,1.2868257392462679,-0.014417968701212591,1.8874043730562624,0.0,0.0
Sr2GeRuO6,False,0.2542770272099961,-0.6280950213907235,1.1366490758107157,-0.026705688393998284,2.094323865198671,0.0,0.0
Sr2GeSbO6,True,1.791350508483022,0.9089784598823023,2.6737225570837415,0.3392382816129542,2.9024209547296413,0.030832476875642344,0.0
Sr2GeScO6,False,1.9636452000085232,1.0812731514078036,2.8460172486092428,0.8205474205428954,3.3766319404402543,0.0,0.0
Sr2GeSnO6,True,2.069931657894494,1.1875596092937744,2.9523037064952136,0.2586652627952353,2.7928447978505777,0.0,0.0
Sr2GeTaO6,False,2.576655145438786,1.6942830968380664,3.4590271940395056,1.0563810483841225,3.645083785958316,0.0,0.0
Sr2GeTeO6,True,2.085652912855465,1.2032808642547455,2.9680249614561847,0.47204100926964654,3.2175901075631157,0.0,0.0
Sr2GeTiO6,False,2.678129763685674,1.7957577150849544,3.5605018122863936,1.2885151559438954,3.4606490112309114,0.0,0.0
Sr2GeVO6,False,1.571910500545001,0.6895384519442813,2.4542825491457205,0.7818558620704722,3.2956659927250946,0.5200411099691675,0.0
Sr2GeWO6,False,1.1646111419382708,0.28223909333755115,2.0469831905389904,0.4635491375442282,2.8207375579914595,0.0,0.0
Sr2GeYO6,False,1.9692855142525738,1.0869134656518542,2.851657562853293,0.9192609061359941,3.399210943949828,0.0,0.0
Sr2GeZnO6,False,2.050140638646512,1.1677685900457924,2.9325126872472316,0.4854400433746513,3.0925731003382326,0.0,0.0
Sr2GeZrO6,False,3.480899843114693,2.5985277945139735,4.363271891715413,1.2932407172441387,4.189345378299687,0.0,0.0
Sr2HfInO6,False,1.9372538367416425,1.054881788140923,2.8196258853423624,1.3969703509558746,3.166434980702582,0.0,0.0
Sr2HfIrO6,True,1.31318917663994,0.43081712803922034,2.1955612252406596,0.6907468130007944,2.49789243079181,0.33093525179856115,0.0
Sr2HfMnO6,False,1.1704530160344002,0.2880809674336806,2.05282506463512,0.6573384053530943,2.1305687143314245,0.0,0.0
Sr2HfMoO6,False,0.6739149111322185,-0.20845713746850114,1.556286959732938,0.1250707664173739,2.075368877078472,0.0,0.0
Sr2HfNbO6,False,0.7654077615750818,-0.11696428702563777,1.6477798101758014,0.23399010722724461,2.580009516162282,0.0,0.0
Sr2HfNiO6,False,1.0418754060716338,0.15950335747091415,1.9242474546723534,0.5312171617832189,1.7994824409536836,0.0,0.0
Sr2HfPdO6,False,1.2170049883040206,0.334632939703301,2.09937703690474,0.46810903066082565,2.1323467361416197,0.06063720452209661,0.0
Sr2HfReO6,True,0.9122228755431041,0.0298508269423845,1.7945949241438237,0.4970695631988079,2.572169515782799,0.0,0.0
Sr2HfRhO6,False,0.8989771203234224,0.016605071722702758,1.7813491689241419,0.51449450500631,2.039829807592863,0.0,0.0
Sr2HfRuO6,False,0.799527374398179,-0.0828446742025406,1.6818994229988986,0.45286528213215826,2.1045707883097218,0.0,0.0
Sr2HfSbO6,False,2.9006078838193283,2.0182358352186087,3.782979932420048,1.856730174315644,3.8696637462935426,0.0,0.0
Sr2HfScO6,False,3.6167709309936784,2.734398882392959,4.499142979594398,2.1158793871415598,3.892613962538884,0.0,0.0
Sr2HfSnO6,True,3.672107404183183,2.7897353555824633,4.5544794527839025,2.0657925602638354,4.149783248558079,0.0,0.0
Sr2HfTaO6,True,1.2993388812894402,0.4169668326887206,2.18171092989016,0.6535905715270418,3.764289143859287,0.2918807810894142,0.0
Sr2HfTeO6,True,2.9146078016463806,2.032235753045661,3.7969798502471,1.8543549625502318,3.8446507009863193,0.0,0.0
Sr2HfTiO6,False,2.7096829065520716,1.827310857951352,3.592054955152791,1.7960992485760712,3.280253317095777,0.0,0.0
Sr2HfVO6,False,1.0926190367501387,0.2102469881494191,1.9749910853508583,0.513157181163173,3.2766765887531686,0.0,0.0
Sr2HfWO6,True,0.78064201944868,-0.10173002915203966,1.6630140680493994,0.18248583893164178,2.145114627146215,0.0,0.0
Sr2HfYO6,False,3.8107154524060283,2.9283434038053087,4.693087501006747,1.9504825152348015,4.126171988602882,0.0,0.0
Sr2HfZnO6,False,1.4571823851150847,0.5748103365143651,2.3395544337158043,1.2292954623909895,2.807148666662678,0.5570400822199383,0.0
Sr2HfZrO6,False,3.8409967030898975,2.958624654489178,4.723368751690617,2.268109504333248,4.038819583232117,0.0,0.0
Sr2InIrO6,False,0.3048463101293647,-0.5775257384713549,1.1872183587300844,0.1676410227221674,2.3423271077442567,0.0,0.0
Sr2InMnO6,False,1.190745773895452,0.3083737252947325,2.0731178224961715,0.4493749407291471,2.8148374633811684,0.0,0.0
Sr2InMoO6,False,1.3020962314940259,0.41972418289330626,2.1844682800947455,0.4951978537310897,2.6425927660100306,0.3011305241521069,0.0
Sr2InNbO6,False,2.7262103345803754,1.8438382859796558,3.608582383181095,1.606024690480715,3.268856895126487,0.0,0.0
Sr2InNiO6,False,1.8205098781027267,0.9381378295020071,2.702881926703446,0.31936910487279113,2.184965917486983,0.0,0.0
Sr2InPdO6,False,0.8477999926268419,-0.03457205597387769,1.7301720412275614,0.38676144448170247,2.4258223153439853,0.0,0.0
Sr2InReO6,False,1.091914650046916,0.2095426014461963,1.9742866986476355,0.480136047392719,3.166456013366381,0.0,0.0
Sr2InRhO6,False,0.45362292335613397,-0.42874912524458564,1.3359949719568536,0.2012433724786879,2.0765544949722528,0.0,0.0
Sr2InRuO6,False,0.3582577849236045,-0.5241142636771151,1.240629833524324,0.12321675405478416,2.212666006257723,0.0,0.0
Sr2InSbO6,False,1.9509216373541223,1.0685495887534027,2.8332936859548417,0.20023550109414867,2.483056039297375,0.0,0.0
Sr2InScO6,False,1.8431094342736183,0.9607373856728987,2.725481482874338,0.9927442384643294,3.306091991859467,0.0,0.0
Sr2InSnO6,False,2.141450270124873,1.2590782215241534,3.0238223187255926,0.3087571702360823,2.7165277281208633,0.0,0.0
Sr2InTaO6,False,3.20053351505614,2.3181614664554204,4.08290556365686,1.9327932483883514,3.9320243543276985,0.0,0.0
Sr2InTeO6,True,1.7929592128096388,0.9105871642089192,2.675331261410358,0.24072338006377825,2.694113874169409,0.024665981500513873,0.0
Sr2InTiO6,False,1.5406061471738206,0.658234098573101,2.42297819577454,1.036339875710397,2.4398382332881936,0.5590955806783144,0.0
Sr2InVO6,False,2.21443054768304,1.3320584990823203,3.0968025962837595,1.5579132046382465,3.177332057268565,0.0,0.0
Sr2InWO6,False,2.1778944126399105,1.2955223640391909,3.06026646124063,0.9631218126805002,3.0989235956639205,0.0,0.0
Sr2InYO6,False,2.068735932461314,1.1863638838605945,2.9511079810620338,1.07132665262428,3.34330195271192,0.0,0.0
Sr2InZnO6,False,2.000626675350783,1.1182546267500633,2.8829987239515025,0.7687897194850358,3.215356648087661,0.0,0.0
Sr2InZrO6,False,1.7606040962024179,0.8782320476016983,2.6429761448031375,1.1959968065907813,2.9988641692701057,0.1223021582733813,0.0
Sr2IrMnO6,False,1.2280791959487891,0.3457071473480695,2.110451244549509,0.13059780981855534,1.7720794951437435,0.09249743062692703,0.0
Sr2IrMoO6,False,0.6187171378547569,-0.2636549107459627,1.5010891864554765,0.110596999236029,1.422314043891538,0.0,0.0
Sr2IrNbO6,False,0.9443949940639906,0.06202294546327103,1.8267670426647102,0.321190329679385,1.608594606363031,0.0,0.0
Sr2IrNiO6,False,0.7681566697682861,-0.11421537883243349,1.6505287183690056,0.1039804021108181,1.7824958510829414,0.0,0.0
Sr2IrPdO6,False,0.2400346914098895,-0.6423373571908301,1.122406740010609,0.08424885760117018,1.4186682911316142,0.0,0.0
Sr2IrReO6,False,0.8596079243657708,-0.02276412423494878,1.7419799729664904,0.03954276942372914,2.1374774709619184,0.0,0.0
Sr2IrRhO6,False,0.227354822036274,-0.6550172265644456,1.1097268706369936,0.09323664887606076,1.3876595196786674,0.0,0.0
Sr2IrRuO6,False,0.8978713799620114,0.01549933136129178,1.780243428562731,0.1553759267544247,1.5778440422703222,0.0,0.0
Sr2IrSbO6,True,0.6195924518137894,-0.2627795967869302,1.501964500414509,0.09941081897370846,2.1497230237472738,0.0,0.0
Sr2IrScO6,False,0.7145664723768269,-0.1678055762238927,1.5969385209775466,0.38438171587572556,2.3895632767853887,0.0,0.0
Sr2IrSnO6,True,0.5590700594128376,-0.323301989187882,1.441442108013557,0.12896230472473652,2.129867155661456,0.0,0.0
Sr2IrTaO6,False,1.1308516386392846,0.248479590038565,2.0132236872400044,0.36181137720575407,1.8453027782973073,0.0,0.0
Sr2IrTeO6,True,0.8255615905864466,-0.05681045801427298,1.7079336391871662,0.09213769398083738,2.2715801176756125,0.0,0.0
Sr2IrTiO6,False,0.8527824029797175,-0.02958964562100208,1.7351544515804371,0.5993190991844457,1.7714707454213805,0.0,0.0
Sr2IrVO6,False,0.9988914350876689,0.11651938648694926,1.8812634836883886,0.3293602743006767,1.8436162568891508,0.0,0.0
Sr2IrWO6,False,0.7277364307032179,-0.1546356178975017,1.6101084793039375,0.11046021252613797,1.6152037082861224,0.0,0.0
Sr2IrYO6,False,0.9184129107933225,0.03604086219260294,1.8007849593940422,0.41253124914730854,2.55730747739679,0.0,0.0
Sr2IrZnO6,False,0.8452324141207131,-0.037139634480006456,1.7276044627214326,0.19337873643610415,2.2799791621549828,0.0,0.0
Sr2IrZrO6,False,1.0924480026047427,0.21007595400402312,1.9748200512054623,0.6331956751323523,2.2693488899777,0.0,0.0
Sr2MnMoO6,True,0.8705747906510354,-0.011797257949684226,1.7529468392517549,0.1567269125426618,1.5143362841242634,0.0,0.0
Sr2MnNbO6,False,0.773723708513297,-0.10864834008742263,1.6560957571140165,0.1536003335272178,1.5716194768935026,0.0,0.0
Sr2MnNiO6,True,0.7910397139624274,-0.09133233463829216,1.673411762563147,0.051638642740460705,1.3544922376444863,0.0,0.0
Sr2MnPdO6,True,0.9393099654691451,0.05693791686842553,1.8216820140698649,0.07691191071587228,1.1348123482288988,0.0,0.0
Sr2MnReO6,True,0.827888715672923,-0.05448333292779661,1.7102607642736425,0.25755036662226605,1.8015822169555222,0.0,0.0
Sr2MnRhO6,True,0.49978824021665796,-0.38258380838406164,1.3821602888173776,0.022156801597660924,1.0873772477302386,0.0,0.0
Sr2MnRuO6,True,0.5357315877352561,-0.3466404608654635,1.4181036363359758,0.05949018642107201,1.460710907191424,0.0,0.0
Sr2MnSbO6,False,0.9209272346197463,0.038555186019026744,1.803299283220466,0.21875003426039957,2.1733505095604873,0.0,0.0
Sr2MnScO6,False,1.0005666727707194,0.11819462416999982,1.882938721371439,0.46093504899960236,2.3806037232466757,0.0,0.0
Sr2MnSnO6,True,1.299941318765785,0.4175692701650653,2.1823133673665045,0.28014997221189053,2.465780253093483,0.2949640287769784,0.0
Sr2MnTaO6,False,0.784760578880463,-0.09761146972025658,1.6671326274811826,0.2928983282199342,1.7592919459309804,0.0,0.0
Sr2MnTeO6,False,1.3426426288516051,0.4602705802508855,2.2250146774523247,0.3770379860243711,2.3572539944421966,0.3926002055498458,0.0
Sr2MnTiO6,False,1.1999508161987549,0.31757876759803527,2.0823228647994743,0.49213292288822796,1.8400213539913612,0.0,0.0
Sr2MnVO6,False,0.782231543146917,-0.1001405054538026,1.6646035917476367,0.18734592119096194,1.551856939027282,0.0,0.0
Sr2MnWO6,False,1.0223571149889124,0.13998506638819275,1.904729163589632,0.2950069521123735,1.6678024215061207,0.0,0.0
Sr2MnYO6,False,0.8273545086264587,-0.055017539974260954,1.7097265572271783,0.4564658809536676,2.3279807465205002,0.0,0.0
Sr2MnZnO6,False,0.9494506971492862,0.0670786485485666,1.8318227457500058,0.24939867661079362,2.4332163591573113,0.0,0.0
Sr2MnZrO6,True,1.3980853694369866,0.515713320836267,2.280457418037706,0.5755459319959988,2.0714683769563864,0.4840698869475848,0.0
Sr2MoNbO6,False,0.6136718886088501,-0.26870015999186947,1.4960439372095697,0.07334223047129212,1.3006745234722232,0.0,0.0
Sr2MoNiO6,False,0.7531826411818684,-0.1291894074188512,1.635554689782588,0.06558364766169383,1.3584958474467048,0.0,0.0
Sr2MoPdO6,True,0.011671796230697135,-0.8707002523700225,0.8940438448314167,0.057564221192992315,1.129447387326108,0.0,0.0
Sr2MoReO6,True,0.47596518113379355,-0.40640686746692606,1.358337229734513,0.21451128176506573,1.7097256196431485,0.0,0.0
Sr2MoRhO6,True,0.09663280132617193,-0.7857392472745477,0.9790048499268915,0.04704247251891319,1.0344535301258206,0.0,0.0
Sr2MoRuO6,True,0.47962300758776305,-0.40274904101295655,1.3619950561884826,0.16937919398289614,1.707300042215301,0.0,0.0
Sr2MoSbO6,True,0.8789168675990302,-0.0034551810016894002,1.7612889161997498,0.1989188217376331,2.2706109971661252,0.0,0.0
Sr2MoScO6,False,0.6392893270424035,-0.24308272155831612,1.5216613756431232,0.25419747520004443,2.512307153083862,0.0,0.0
Sr2MoSnO6,True,1.2693860609298893,0.38701401232916965,2.1517581095306086,0.501344891294147,2.6126741392770727,0.2147995889003083,0.0
Sr2MoTaO6,True,0.8986076601995093,0.016235611598789723,1.780979708800229,0.10805310617825947,1.488709633223432,0.0,0.0
Sr2MoTeO6,True,1.13096577991013,0.24859373130941043,2.0133378285108496,0.17561053451175096,2.125538696265533,0.0,0.0
Sr2MoTiO6,False,0.5600003169441362,-0.3223717316565834,1.442372365544856,0.1084918358503611,1.6481643822413292,0.0,0.0
Sr2MoVO6,False,0.7715618108295139,-0.11081023777120569,1.6539338594302335,0.0784973697560436,1.4628318849433901,0.0,0.0
Sr2MoWO6,True,0.5887749706209903,-0.29359707797972934,1.4711470192217098,0.10156042196665888,1.336180637383726,0.0,0.0
Sr2MoYO6,False,0.5791411090078955,-0.3032309395928241,1.461513157608615,0.25193639675550117,2.3892534051620484,0.0,0.0
Sr2MoZnO6,False,1.9584572213801754,1.0760851727794558,2.840829269980895,0.3519437851647418,2.648827381499394,0.0,0.0
Sr2MoZrO6,False,0.525101196126076,-0.35727085247464363,1.4074732447267957,0.11817499075106036,1.946530319363724,0.0,0.0
Sr2NbNiO6,False,0.7240331291890478,-0.15833891941167177,1.6064051777897674,0.12355047626121207,1.366188458155312,0.0,0.0
Sr2NbPdO6,True,0.2752777328347138,-0.6070943157660058,1.1576497814354334,0.03264418463993868,1.2582727954011985,0.0,0.0
Sr2NbReO6,True,0.5647960934175384,-0.31757595518318116,1.447168142018258,0.1967377463776983,1.9653579751973398,0.0,0.0
Sr2NbRhO6,True,0.39897967558195446,-0.48339237301876514,1.2813517241826742,0.14889848534677907,1.3776054976673024,0.0,0.0
Sr2NbRuO6,True,0.590735390485153,-0.2916366581155666,1.4731074390858727,0.18536313234873297,1.692015613164053,0.0,0.0
Sr2NbSbO6,True,2.0709191243702425,1.188547075769523,2.953291172970962,0.8508768214606702,3.1706845423521517,0.0,0.0
Sr2NbScO6,False,2.9440017869118242,2.0616297383111046,3.826373835512544,1.7191008239297845,3.3116140792605635,0.0,0.0
Sr2NbSnO6,True,2.2102610297095477,1.3278889811088281,3.0926330783102673,1.4322603574649637,3.173690728873197,0.0,0.0
Sr2NbTaO6,True,1.039256053528845,0.1568840049281255,1.9216281021295647,0.1625999039946362,1.962446713032477,0.0,0.0
Sr2NbTeO6,True,2.6533956979047537,1.771023649304034,3.5357677465054733,1.009427743886313,3.149635442970311,0.0,0.0
Sr2NbTiO6,False,0.6098068033812658,-0.2725652452194538,1.4921788519819854,0.14970187995484813,1.8393083378099284,0.0,0.0
Sr2NbVO6,False,0.8476266145709146,-0.03474543402980501,1.7299986631716342,0.14658427740683783,1.646192923453743,0.0,0.0
Sr2NbWO6,True,0.6748221760015947,-0.20754987259912494,1.5571942246023143,0.08071731595327897,1.3360536817413715,0.0,0.0
Sr2NbYO6,False,3.1909572721231045,2.308585223522385,4.073329320723824,1.8672626030673074,3.4309246067198855,0.0,0.0
Sr2NbZnO6,False,0.750026629616349,-0.13234541898437058,1.6323986782170685,0.27563584741962655,2.118920225459754,0.0,0.0
Sr2NbZrO6,False,0.7490175247714164,-0.13335452382930324,1.631389573372136,0.23885074919382066,2.240807664892594,0.0,0.0
Sr2NiPdO6,False,0.41986943152831885,-0.46250261707240076,1.3022414801290385,0.06291724941376514,1.2077011497461925,0.0,0.0
Sr2NiReO6,True,1.407498335029616,0.5251262864288964,2.2898703836303356,0.2613896666784207,2.161498182004601,0.49640287769784175,0.0
Sr2NiRhO6,True,0.33260556569586797,-0.5497664829048516,1.2149776142965876,0.014239462042600182,1.2934383939566185,0.0,0.0
Sr2NiRuO6,True,0.40305816090266516,-0.47931388769805444,1.2854302095033847,0.0411194274299988,1.4754488122903595,0.0,0.0
Sr2NiSbO6,True,1.231175402538132,0.34880335393741246,2.1135474511388517,0.16143691718831293,2.177607540604497,0.10277492291880781,0.0
Sr2NiScO6,False,1.1326519111196385,0.25027986251891887,2.015023959720358,0.36359431262131303,1.9159903673732224,0.0,0.0
Sr2NiSnO6,True,1.4236867086228469,0.5413146600221272,2.3060587572235667,0.2816048104555481,2.0231880802516855,0.5159301130524152,0.0
Sr2NiTaO6,True,0.8950313889941027,0.012659340393383123,1.7774034375948222,0.175582101534988,1.70966242836433,0.0,0.0
Sr2NiTeO6,False,1.7877889039094055,0.9054168553086859,2.670160952510125,0.17672940817351712,2.5424887863781995,0.045220966084275435,0.0
Sr2NiTiO6,False,1.029915509443174,0.1475434608424544,1.9122875580438936,0.2528598877880941,1.7099499564927072,0.0,0.0
Sr2NiVO6,False,1.000825906072937,0.11845385747221737,1.8831979546736566,0.16569490907157586,1.5546454160830527,0.0,0.0
Sr2NiWO6,True,1.5057292612464757,0.623357212645756,2.3881013098471953,0.09180881245317785,2.3668183560142153,0.6022610483042138,0.0
Sr2NiYO6,False,0.987907023802487,0.10553497520176736,1.8702790724032066,0.4239011784320421,1.9345760057589478,0.0,0.0
Sr2NiZnO6,False,1.7207616588275727,0.8383896102268531,2.6031337074282925,0.2361028365473558,2.080060358522614,0.24254881808838644,0.0
Sr2NiZrO6,True,1.0026816429398548,0.12030959433913524,1.8850536915405744,0.3173099987067096,1.696657680299643,0.0,0.0
Sr2PdReO6,True,0.5629881432368379,-0.3193839053638817,1.4453601918375574,0.15156848521281874,1.4693750997665873,0.0,0.0
Sr2PdRhO6,False,0.06685138297904314,-0.8155206656216765,0.9492234315797627,0.08793582505467584,1.4121412279009555,0.0,0.0
Sr2PdRuO6,False,0.22287522676588267,-0.6594968218348369,1.1052472753666023,0.09005422746086122,1.5647234361549693,0.0,0.0
Sr2PdSbO6,False,0.7118451375630326,-0.17052691103768702,1.5942171861637522,0.1741151122892594,2.111137778473506,0.0,0.0
Sr2PdScO6,False,0.712947765354386,-0.16942428324633363,1.5953198139551055,0.31389056879678257,2.2916635003804036,0.0,0.0
Sr2PdSnO6,True,0.9315316915402128,0.04915964293949315,1.8139037401409324,0.2587742234302878,2.1097091684517677,0.0,0.0
Sr2PdTaO6,True,0.10460155168688944,-0.7777704969138302,0.986973600287609,0.10626041451139207,1.4734427935162895,0.0,0.0
Sr2PdTeO6,False,0.914625983491145,0.032253934890425384,1.7969980320918646,0.1340031108198153,2.0505210882887415,0.0,0.0
Sr2PdTiO6,False,0.9224697059071242,0.04009765730640458,1.804841754507844,0.34745421011110744,1.6946699929498084,0.0,0.0
Sr2PdVO6,False,0.32439982696560377,-0.5579722216351158,1.2067718755663233,0.09947571377688524,1.4106064729812018,0.0,0.0
Sr2PdWO6,True,0.2591993078288204,-0.6231727407718992,1.14157135642954,0.09353579489976488,1.3974912986830264,0.0,0.0
Sr2PdYO6,False,0.9363068091392033,0.05393476053848367,1.8186788577399229,0.31304236965880705,2.3102492366593705,0.0,0.0
Sr2PdZnO6,False,0.671769240147837,-0.2106028084528826,1.5541412887485566,0.170651902668279,1.9226091971111225,0.0,0.0
Sr2PdZrO6,False,1.2381130311936634,0.35574098259294384,2.120485079794383,0.3595118796110187,2.1387640113446693,0.12127440904419322,0.0
Sr2ReRhO6,False,0.7249028368668466,-0.15746921173387296,1.6072748854675662,0.10861506517675307,1.6579065788742295,0.0,0.0
Sr2ReRuO6,False,0.9013182722534377,0.01894622365271814,1.7836903208541575,0.19843490251557866,1.7628691447679241,0.0,0.0
Sr2ReSbO6,True,0.4302810598138766,-0.452090988786843,1.3126531084145963,0.17831625522033268,2.2581195784635963,0.0,0.0
Sr2ReScO6,False,0.5464216982938613,-0.33595035030685827,1.428793746894581,0.2608895249266664,2.7050462354813662,0.0,0.0
Sr2ReSnO6,True,0.46592121501897704,-0.41645083358174256,1.3482932636196967,0.1093766958973656,2.484711759556867,0.0,0.0
Sr2ReTaO6,False,0.6515835191515162,-0.23078852944920336,1.5339555677522358,0.21030862926904015,2.428037973414018,0.0,0.0
Sr2ReTeO6,True,0.4558783769640841,-0.4264936716366355,1.3382504255648038,0.2490316042081666,2.3564067904548467,0.0,0.0
Sr2ReTiO6,False,0.5327122959272517,-0.34965975267346794,1.4150843445279713,0.20531066141210363,1.9110363672410764,0.0,0.0
Sr2ReVO6,False,0.5608973813083751,-0.32147466729234453,1.4432694299090947,0.19617666242577542,2.0933396213057605,0.0,0.0
Sr2ReWO6,False,0.7273805513827232,-0.15499149721799643,1.6097525999834428,0.21132514453123635,2.0089331904980936,0.0,0.0
Sr2ReYO6,False,0.7510547402109802,-0.13131730838973943,1.6334267888116998,0.3122158002503801,2.8880165912864504,0.0,0.0
Sr2ReZnO6,False,1.5423578171412415,0.6599857685405219,2.424729865741961,0.3766439256055556,3.1431718868495175,0.5570400822199383,0.0
Sr2ReZrO6,False,0.5289836357136475,-0.3533884128870721,1.411355684314367,0.3062739003753222,2.3652633944019374,0.0,0.0
Sr2RhRuO6,False,0.6340313341987445,-0.24834071440197514,1.516403382799464,0.05029201935316019,1.1303255465606565,0.0,0.0
Sr2RhSbO6,True,0.4469809973952615,-0.4353910512054581,1.329353045995981,0.06498817320145178,1.9479209352705378,0.0,0.0
Sr2RhScO6,False,0.6854735731833032,-0.19689847541741645,1.5678456217840226,0.24823470602400033,2.163914195020114,0.0,0.0
Sr2RhSnO6,True,0.639741935215363,-0.24263011338535656,1.5221139838160826,0.10872253029620232,1.931392121924628,0.0,0.0
Sr2RhTaO6,True,0.9612610982278627,0.07888904962714305,1.8436331468285823,0.28004534572384077,1.614628607945538,0.0,0.0
Sr2RhTeO6,True,0.7887451652988876,-0.093626883301832,1.671117213899607,0.07231443302464452,2.0377275857469215,0.0,0.0
Sr2RhTiO6,False,0.623271063417389,-0.2591009851833306,1.5056431120181086,0.2304335738346585,1.7066948473489698,0.0,0.0
Sr2RhVO6,False,0.6130922947507614,-0.26927975384995817,1.4954643433514812,0.14759147856231913,1.5958277203743814,0.0,0.0
Sr2RhWO6,True,0.6381788215055152,-0.2441932270952044,1.5205508701062347,0.08336746934482814,1.4439766548033668,0.0,0.0
Sr2RhYO6,False,0.8517606260368207,-0.030611422563898927,1.7341326746375403,0.23093446248797495,2.228693331779851,0.0,0.0
Sr2RhZnO6,False,0.4347094535555357,-0.4476625950451839,1.3170815021562552,0.16070741695855445,1.93541943241271,0.0,0.0
Sr2RhZrO6,False,0.740516417393953,-0.14185563120676659,1.6228884659946727,0.2456378429618129,1.9884306145949249,0.0,0.0
Sr2RuSbO6,True,0.35423394326478597,-0.5281381053359336,1.2366059918655057,0.0008365123538978669,1.8981860352389632,0.0,0.0
Sr2RuScO6,False,0.4573226627401108,-0.4250493858606088,1.3396947113408304,0.13908289848769667,2.1934573286636394,0.0,0.0
Sr2RuSnO6,True,0.40722357103364737,-0.47514847756707224,1.289595619634367,0.04995505481394874,2.0027754305539722,0.0,0.0
Sr2RuTaO6,True,0.9164138169453243,0.034041768344604706,1.7987858655460438,0.5105152807483812,1.8814818288002622,0.0,0.0
Sr2RuTeO6,True,0.5721364220868422,-0.31023562651387737,1.454508470687562,0.015488062004258119,1.9841269727770654,0.0,0.0
Sr2RuTiO6,False,0.5429361927624262,-0.3394358558382934,1.4253082413631457,0.28311034042215777,1.651184040839229,0.0,0.0
Sr2RuVO6,False,0.5945603634096649,-0.2878116851910547,1.4769324120103846,0.200971785913577,1.8136027851382424,0.0,0.0
Sr2RuWO6,True,0.9734533599665972,0.0910813113658776,1.8558254085673167,0.20229180806226688,1.7851667346945819,0.0,0.0
Sr2RuYO6,False,0.6900583315916283,-0.19231371700909128,1.572430380192348,0.12032819973850978,2.1957631485046534,0.0,0.0
Sr2RuZnO6,False,0.4872972534621971,-0.3950747951385225,1.3696693020629167,0.13493244532435844,2.0258713826414776,0.0,0.0
Sr2RuZrO6,False,0.7709080990049203,-0.1114639495957993,1.6532801476056398,0.2817558714045961,2.0488271312881996,0.0,0.0
Sr2SbScO6,False,3.3586730324682312,2.4763009838675116,4.24104508106895,1.5711953047630085,4.019011444349641,0.0,0.0
Sr2SbSnO6,False,1.449848276002807,0.5674762274020875,2.3322203246035267,0.3629884988079518,2.5437577436192322,0.5508735868448099,0.0
Sr2SbTaO6,False,2.3972419422208238,1.5148698936201042,3.2796139908215434,1.3006450879868892,3.4976340995174993,0.0,0.0
Sr2SbTeO6,False,2.2006127639242963,1.3182407153235767,3.082984812525016,0.4714512504280348,3.0237343101857923,0.0,0.0
Sr2SbTiO6,False,2.0198674075017,1.1374953589009804,2.9022394561024196,1.3521959146478837,3.116844936525412,0.0,0.0
Sr2SbVO6,False,1.4657526801687368,0.5833806315680172,2.3481247287694567,0.7784354870537967,3.0646380078307973,0.5683453237410072,0.0
Sr2SbWO6,False,1.5117237149475662,0.6293516663468466,2.394095763548286,0.5222253445145644,2.7129671299277427,0.5960945529290853,0.0
Sr2SbYO6,False,3.765270045685167,2.8828979970844473,4.647642094285887,1.6195104693133535,4.05662994052275,0.0,0.0
Sr2SbZnO6,False,1.8162622020985215,0.9338901534978019,2.698634250699241,0.3617876744957558,2.729402490246377,0.0,0.0
Sr2SbZrO6,False,2.64857721057597,1.7662051619752503,3.5309492591766896,1.4966779856330037,3.6538766995840937,0.0,0.0
Sr2ScSnO6,False,1.996268757311614,1.1138967087108944,2.8786408059123336,1.0802699559333484,3.2761069205064053,0.0,0.0
Sr2ScTaO6,True,3.3940834131447217,2.511711364544002,4.276455461745441,2.582441909944206,3.966109785683961,0.0,0.0
Sr2ScTeO6,True,2.2949466142373964,1.4125745656366768,3.177318662838116,1.4914015686961744,3.756246467180993,0.0,0.0
Sr2ScTiO6,False,1.2630582872632559,0.38068623866253626,2.1454303358639755,0.6415295416267668,2.940464316650016,0.1963001027749229,0.0
Sr2ScVO6,True,2.2043257582868625,1.321953709686143,3.086697806887582,1.6622075089723687,3.1646003967161183,0.0,0.0
Sr2ScWO6,True,0.5441438988534881,-0.3382281497472315,1.4265159474542077,0.26947315420048235,3.066089995961596,0.0,0.0
Sr2ScYO6,False,3.6253268254233437,2.742954776822624,4.507698874024063,1.1196153820213492,4.223895503467455,0.0,0.0
Sr2ScZnO6,False,1.637141762618578,0.7547697140178584,2.519513811219298,0.7787968562211519,2.729427698675164,0.434737923946557,0.0
Sr2ScZrO6,False,2.280876703355089,1.3985046547543694,3.1632487519558086,1.0332259664482604,3.4171450170060305,0.0,0.0
Sr2SnTaO6,False,2.6523019201126594,1.7699298715119398,3.534673968713379,1.785798970024616,3.6853824462262095,0.0,0.0
Sr2SnTeO6,True,1.7728515531557105,0.8904795045549909,2.65522360175643,0.3966820512831941,2.7202234402245122,0.09044193216855087,0.0
Sr2SnTiO6,False,2.93560646933825,2.0532344207375304,3.8179785179389696,1.74685705045794,3.349292831101418,0.0,0.0
Sr2SnVO6,False,1.78352236611855,0.9011503175178304,2.6658944147192694,1.4038629602875843,3.096548413619456,0.05960945529290853,0.0
Sr2SnWO6,False,1.845453408685538,0.9630813600848185,2.727825457286258,0.8883309350065675,3.0129773167342395,0.0,0.0
Sr2SnYO6,False,2.103813100092073,1.2214410514913534,2.9861851486927926,1.1443746886388304,3.3023989036438284,0.0,0.0
Sr2SnZnO6,False,1.9743614091201565,1.0919893605194368,2.856733457720876,0.4130869966763262,2.9108969582152064,0.0,0.0
Sr2SnZrO6,False,3.5221690960120604,2.639797047411341,4.4045411446127805,1.7838546804608275,3.9561819979630912,0.0,0.0
Sr2TaTeO6,True,2.747406376786655,1.8650343281859354,3.6297784253873746,1.3358978729691042,3.5424428371310235,0.0,0.0
Sr2TaTiO6,False,0.7036252671578666,-0.17874678144285305,1.5859973157585863,0.24724533628712975,2.6788054896366953,0.0,0.0
Sr2TaVO6,False,0.9533738513734995,0.0710018027727799,1.835745899974219,0.14688796287634814,2.333585676226286,0.0,0.0
Sr2TaWO6,True,0.7164532649520313,-0.16591878364868828,1.598825313552751,0.0869574862622074,1.540261127217597,0.0,0.0
Sr2TaYO6,False,3.6169571775969254,2.7345851289962058,4.499329226197645,2.526131136783145,4.115175897938279,0.0,0.0
Sr2TaZnO6,False,1.2768697682928578,0.3944977196921382,2.1592418168935774,0.6511948536555004,2.6396303602974833,0.23638232271325796,0.0
Sr2TaZrO6,False,0.8064125620797704,-0.0759594865209492,1.68878461068049,0.343287033811416,3.470050723767041,0.0,0.0
Sr2TeTiO6,False,2.369031338950221,1.4866592903495013,3.2514033875509405,1.6202876011577492,3.118000613760862,0.0,0.0
Sr2TeVO6,False,1.8201948916390105,0.9378228430382909,2.70256694023973,0.9044571539765797,3.0773281150109923,0.0,0.0
Sr2TeWO6,False,1.416166225182279,0.5337941765815595,2.2985382737829987,0.4131333119518703,2.6577205619492927,0.5118191161356629,0.0
Sr2TeYO6,False,2.5317533598397937,1.649381311239074,3.4141254084405133,1.43827852533349,3.816445029541134,0.0,0.0
Sr2TeZnO6,False,2.0422417885882367,1.159869739987517,2.9246138371889563,0.2703221080008258,2.7391031077145396,0.0,0.0
Sr2TeZrO6,False,2.7733309314539176,1.890958882853198,3.6557029800546372,1.5725329496106428,3.7046214808212756,0.0,0.0
Sr2TiVO6,True,0.7118791901144353,-0.17049285848628426,1.594251238715155,0.2773224471945568,2.4431974943246413,0.0,0.0
Sr2TiWO6,True,0.49745424636522334,-0.38491780223549626,1.379826294965943,0.09558982383755593,1.9770796099527441,0.0,0.0
Sr2TiYO6,False,1.4193319487545657,0.5369599001538461,2.3017039973552853,0.6784535338244455,2.9631608716045146,0.5149023638232272,0.0
Sr2TiZnO6,False,1.145639696885596,0.26326764828487637,2.0280117454863156,0.8694175554433313,1.970162761669917,0.0,0.0
Sr2TiZrO6,True,1.1295627945589222,0.24719074595820256,2.0119348431596418,0.45117023466059936,2.9092654465984795,0.0,0.0
Sr2VWO6,True,0.6389788991299358,-0.24339314947078383,1.5213509477306553,0.11043272176504415,1.648125645751152,0.0,0.0
Sr2VYO6,True,2.3528233573221993,1.4704513087214797,3.235195405922919,1.5703542106602328,3.477227744986676,0.0,0.0
Sr2VZnO6,False,0.6469552761361941,-0.23541677246452553,1.5293273247369137,0.34019087226679867,2.10147533918056,0.0,0.0
Sr2VZrO6,True,1.0326755022157084,0.15030345361498876,1.915047550816428,0.2377282963030135,3.005720951747226,0.0,0.0
Sr2WYO6,False,0.5704461599607971,-0.31192588863992254,1.4528182085615167,0.24825497190606816,3.153031971936669,0.0,0.0
Sr2WZnO6,False,2.870315931958227,1.9879438833575076,3.752687980558947,0.6610352046536405,3.53548882533803,0.0,0.0
Sr2WZrO6,False,0.4096120392417172,-0.4727600093590024,1.2919840878424367,0.16295150195612396,2.0849002136935626,0.0,0.0
Sr2YZnO6,False,1.525226057367469,0.6428540087667494,2.4075981059681886,0.8278644368933835,2.815083630638769,0.5847893114080165,0.0
Sr2YZrO6,False,3.4001722035642654,2.517800154963546,4.2825442521649855,1.3103153698320287,3.8850124958691086,0.0,0.0
Sr2ZnZrO6,False,1.1909527780271212,0.3085807294264016,2.073324826627841,0.9736000460577506,2.51043469372357,0.0,0.0
