formula,formula_norm,tier,bg_pred,bg_ci_lo,bg_ci_lo_clip,bg_ci_hi,ci_width,dist_to_pv_centre,metal_risk,bg_pred_zeros,bg_pred_MP,e_class,mondrian_lo,mondrian_hi,mondrian_tier,reclassified
Sr2MoGaO6,Sr2GaMoO6,A1,1.4996814492857715,0.6393009270733387,0.6393009270733387,2.345494398125,1.7061934710516613,0.0003185507142282,False,1.5210598614126614,1.5790180166594667,open,0.7600715277970367,2.2392913707745064,A1,False
Sr2ZnReO6,Sr2ZnReO6,A1,1.5070363509501905,0.6532713006871356,0.6532713006871356,2.3657395378713217,1.7124682371841862,0.0070363509501905,False,1.530822930060498,1.585006358876973,open,0.7674264294614557,2.2466462724389253,A1,False
Sr2WSbO6,Sr2SbWO6,A1,1.548142612810719,0.6774733526242263,0.6774733526242263,2.4093244558664333,1.731851103242207,0.0481426128107189,False,1.5667358174291353,1.6173252420741404,open,0.8085326913219841,2.287752534299454,A1,False
Sr2InTeO6,Sr2InTeO6,A1,1.6292537315219298,0.7554992467616903,0.7554992467616903,2.5046373843103584,1.749138137548668,0.1292537315219297,False,1.6338412218194636,1.703236700947899,open,0.8896438100331949,2.3688636530106644,A1,True
Sr2MoInO6,Sr2InMoO6,A1,1.3481817984027054,0.4865155700021522,0.4865155700021522,2.1999840100302013,1.713468440028049,0.1518182015972946,False,1.38179077440116,1.46779479417569,open,0.6085718769139705,2.08779171989144,A1,True
Sr2FeReO6,Sr2FeReO6,A1,1.3455966042897765,0.4617080186806881,0.4617080186806881,2.2002087119879805,1.7385006933072924,0.1544033957102235,False,1.4119107242484157,1.5707375596667583,open,0.6059866828010416,2.0852065257785117,A1,False
Sr2ReInO6,Sr2InReO6,A1,1.3272967178447928,0.4723853476128419,0.4723853476128419,2.1748873526245207,1.7025020050116788,0.1727032821552072,False,1.3363764602720043,1.3637111799148218,open,0.5876867963560579,2.066906639333528,A1,False
Sr2HfIrO6,Sr2HfIrO6,A1,1.3043097482972472,0.4565979710065879,0.4565979710065879,2.1587613414803384,1.7021633704737504,0.1956902517027527,False,1.3567605849820887,1.6384314417583254,open,0.5646998268085124,2.043919669785982,A1,False
Sr2MoSnO6,Sr2SnMoO6,A1,1.2793190448284522,0.4265052865381835,0.4265052865381835,2.13638846932084,1.7098831827826566,0.2206809551715478,False,1.2961147640329655,1.3890245953957177,open,0.5397091233397173,2.018928966317187,A1,True
Sr2MoBiO6,Sr2BiMoO6,A1,1.2691088904837151,0.4213465173213184,0.4213465173213184,2.124996087295647,1.7036495699743286,0.2308911095162849,False,1.233523529838621,1.2390676309586437,open,0.5294989689949803,2.00871881197245,A1,False
Sr2WAlO6,Sr2AlWO6,A1,1.7598154972916256,0.9061430733438623,0.9061430733438623,2.600828730673228,1.6946856573293656,0.2598154972916255,False,1.8276503816220344,1.9947518340119093,open,1.0202055758028907,2.49942541878036,A1,False
Sr2BiTeO6,Sr2BiTeO6,A1,1.2219630055685282,0.3524652966381061,0.3524652966381061,2.091075599915992,1.738610303277886,0.2780369944314718,False,1.2561804212576737,1.338962088333309,open,0.4823530840797934,1.961572927057263,A1,True
Sr2GaTeO6,Sr2GaTeO6,A2,1.81586067617702,0.9387855205505372,0.9387855205505372,2.701569213720502,1.7627836931699647,0.3158606761770197,False,1.838648900729438,1.929676716605624,open,1.0762507546882851,2.555470597665755,A2,True
Sr2ZrIrO6,Sr2ZrIrO6,A2,1.1540412842842906,0.3130217109174937,0.3130217109174937,2.009985540053388,1.6969638291358944,0.3459587157157093,False,1.1726382667493438,1.397827706715634,open,0.4144313627955558,1.8936512057730253,A2,False
Sr2GeSbO6,Sr2GeSbO6,A2,1.8517941393213624,0.9868111367597144,0.9868111367597144,2.708695706920139,1.7218845701604244,0.3517941393213621,False,1.906056647585464,2.067266133241057,open,1.1121842178326276,2.591404060810097,A2,True
Sr2NbGeO6,Sr2NbGeO6,A2,1.8871806872071248,1.0436367823772428,1.0436367823772428,2.755183751353638,1.7115469689763954,0.3871806872071248,False,1.9357326316169217,2.03435057692089,open,1.14757076571839,2.62679060869586,A2,False
Sr2IrAlO6,Sr2AlIrO6,A2,1.1098793953589363,0.2389955236091966,0.2389955236091966,1.987918517398141,1.7489229937889443,0.3901206046410634,False,1.175639095424686,1.3591083551333805,open,0.3702694738702015,1.8494893168476711,A2,False
Sr2ReAlO6,Sr2AlReO6,A2,1.101965945859022,0.2259139799968144,0.2259139799968144,1.9535200539467483,1.727606073949934,0.3980340541409781,False,1.1802373900347838,1.3462287437109195,open,0.3623560243702872,1.841575867347757,A2,False
Sr2RhHfO6,Sr2HfRhO6,A2,1.0850806690805042,0.2422829783335982,0.2422829783335982,1.9329239835750345,1.690641005241436,0.4149193309194958,False,1.0994164972929406,1.2544358067490589,open,0.3454707475917693,1.824690590569239,A2,False
Sr2MnIrO6,Sr2MnIrO6,A2,1.0605724468048,0.2061268506662025,0.2061268506662025,1.9192984179002133,1.7131715672340109,0.4394275531952001,False,1.0831291025939624,1.2469705418520092,open,0.320962525316065,1.8001823682935347,A2,False
Sr2MoSbO6,Sr2SbMoO6,A2,1.0571932118974656,0.2052627223690282,0.2052627223690282,1.9015646822248704,1.6963019598558422,0.4428067881025344,False,1.0486999745468724,1.1252271245926002,open,0.3175832904087308,1.7968031333862005,A2,False
Sr2WBiO6,Sr2BiWO6,A2,1.9474702367053105,1.106799763302343,1.106799763302343,2.7959343023011805,1.6891345389988377,0.4474702367053105,False,1.9125671973807548,1.8646473499025893,open,1.2078603152165757,2.6870801581940453,A2,False
Sr2CrTeO6,Sr2CrTeO6,A2,1.0350148586029069,0.1730929062798725,0.1730929062798725,1.9263698065344843,1.7532769002546118,0.4649851413970933,False,1.0452114222434303,1.1743797461552872,open,0.295404937114172,1.7746247800916417,A2,False
Sr2NiGeO6,Sr2NiGeO6,A2,1.024915673684261,0.154878628592372,0.154878628592372,1.8698270153335104,1.7149483867411384,0.4750843263157389,False,1.0465146648921515,1.2126571719204822,open,0.2853057521955262,1.764525595172996,A2,False
Sr2MoTeO6,Sr2TeMoO6,A2,0.9966758666516397,0.1432686050563951,0.1432686050563951,1.8757750145740213,1.7325064095176266,0.5033241333483605,False,1.0008914008602503,1.0723249213409571,open,0.2570659451629048,1.7362857881403744,A2,False
Sr2FeIrO6,Sr2FeIrO6,A2,0.9933759897811312,0.1462452088683252,0.1462452088683252,1.8457858731669683,1.6995406642986433,0.5066240102188687,False,1.060095179089084,1.2396816565954676,open,0.2537660682923963,1.732985911269866,A2,False
Sr2NbTaO6,Sr2TaNbO6,A2,0.9836737769333466,0.1229307176122688,0.1229307176122688,1.831174436666113,1.7082437190538444,0.5163262230666534,False,1.1372231903959684,1.489832718642385,open,0.2440638554446117,1.7232836984220814,A2,False
Sr2NbTeO6,Sr2NbTeO6,A2,2.041778454117179,1.2015170639574004,1.2015170639574004,2.907606800425346,1.7060897364679457,0.5417784541171788,False,2.023869913305087,2.05028691517199,open,1.302168532628444,2.7813883756059137,A2,False
Sr2TiIrO6,Sr2TiIrO6,A2,0.9572235998915384,0.1190650161214297,0.1190650161214297,1.8178138019468584,1.6987487858254289,0.5427764001084617,False,0.9950012717343796,1.2028000159452217,open,0.2176136784028035,1.6968335213802732,A2,False
Sr2ScTeO6,Sr2ScTeO6,A2,2.051171488678743,1.1275040990082776,1.1275040990082776,3.112542243812149,1.985038144803872,0.5511714886787429,False,2.1051737330695075,2.1824261335723443,open,1.311561567190008,2.7907814101674777,A2,False
Sr2RuTaO6,Sr2TaRuO6,A2,0.9413017931681252,0.0911248165979439,0.0911248165979439,1.778239428870723,1.6871146122727791,0.5586982068318749,False,1.0297649994742,1.2872516703872927,open,0.2016918716793904,1.68091171465686,A2,False
Sr2MoAlO6,Sr2AlMoO6,A2,0.9235328987577992,0.0775113078551282,0.0775113078551282,1.8055194067609943,1.7280080989058662,0.5764671012422008,False,1.0226811580992805,1.248304647141746,open,0.1839229772690643,1.663142820246534,A2,False
Sr2YIrO6,Sr2YIrO6,A2,0.9122255909737,0.0764927907298775,0.0764927907298775,1.7897534635091927,1.7132606727793152,0.5877744090263001,False,0.938123635778566,1.14633091849202,open,0.1726156694849652,1.6518355124624349,A2,False
Sr2RuHfO6,Sr2HfRuO6,A2,0.8809867003939401,0.0347831781904711,0.0347831781904711,1.7212964839700555,1.6865133057795845,0.6190132996060599,False,0.8926794621556834,0.939094129731634,open,0.1413767789052052,1.620596621882675,A2,False
Sr2YReO6,Sr2YReO6,A2,0.8753165096395916,0.0166500987772987,0.0166500987772987,1.7344784206950554,1.7178283219177568,0.6246834903604084,False,0.903294813812261,0.9721330154414156,open,0.1357065881508568,1.6149264311283265,A2,False
Sr2CrReO6,Sr2CrReO6,A2,0.8616515166792597,0.0167060275967646,0.0167060275967646,1.7157472598104182,1.6990412322136534,0.6383484833207403,False,0.941832966108929,1.1862862383581034,open,0.1220415951905248,1.6012614381679944,A2,False
Sr2ZrRhO6,Sr2ZrRhO6,A2,0.8501044896285701,0.0152849521604776,0.0152849521604776,1.7109372327778265,1.6956522806173489,0.6498955103714299,False,0.8597745426472888,0.9475235391617894,open,0.1104945681398352,1.589714411117305,A2,False
Sr2ScIrO6,Sr2ScIrO6,A2,0.8440131466817101,-0.0021232446543973,0.0,1.7137167029401006,1.715839947594498,0.6559868533182899,False,0.8849139459561449,1.0925884008773157,open,0.1044032251929752,1.583623068170445,A2,False
Sr2IrTeO6,Sr2TeIrO6,A2,0.8365382041123842,-0.0129187679552397,0.0,1.6848148319474352,1.697733599902675,0.6634617958876158,False,0.8681868532812963,0.9817294868037976,open,0.0969282826236493,1.5761481256011192,A2,False
Sr2WReO6,Sr2ReWO6,A2,0.8301024021846006,-0.0159079901377612,0.0,1.685121643886847,1.7010296340246085,0.6698975978153994,False,0.9747250723868836,1.402095047125574,open,0.0904924806958658,1.5697123236733357,A2,False
Sr2RuReO6,Sr2ReRuO6,A2,0.8268944606610198,-0.0235220106958709,0.0,1.6748117436609862,1.698333754356857,0.6731055393389802,False,0.8356185735167185,0.9166689251544626,open,0.0872845391722849,1.5665043821497546,A2,False
Sr2NbSnO6,Sr2NbSnO6,A2,2.1776575221733587,1.330072910676663,1.330072910676663,3.0517823238570747,1.7217094131804118,0.6776575221733587,False,2.1820133138110225,2.219733625211128,open,1.438047600684624,2.9172674436620936,A2,True
Sr2HfWO6,Sr2HfWO6,A2,0.7995676074911052,-0.0605228057087769,0.0,1.6676050651030505,1.7281278708118275,0.7004323925088948,False,0.9194692804990652,1.2585753338394452,open,0.0599576860023703,1.53917752897984,A2,False
Sr2RhReO6,Sr2ReRhO6,A2,0.7779918589414127,-0.061126298486239,0.0,1.641540796098934,1.702667094585173,0.7220081410585873,False,0.8222869539689309,1.0883278862529773,open,0.0383819374526778,1.5176017804301476,A2,False
Sr2MoHfO6,Sr2HfMoO6,A2,0.7712636582707548,-0.0875052527816686,0.0,1.617708974656685,1.7052142274383535,0.7287363417292452,False,0.8840819435968872,1.1535711726316165,open,0.0316537367820199,1.5108735797594897,A2,False
Sr2WInO6,Sr2InWO6,A2,2.231328535499163,1.3851585888138098,1.3851585888138098,3.074935200976112,1.6897766121623023,0.7313285354991632,False,2.240325341417688,2.267853814514156,open,1.4917186140104284,2.970938456987898,A2,False
Sr2WGaO6,Sr2GaWO6,A2,2.2375158111747044,1.3879938385306831,1.3879938385306831,3.1022049392870645,1.7142111007563814,0.7375158111747044,False,2.2459481725328625,2.268793081721126,open,1.4979058896859696,2.9771257326634397,A2,False
Sr2RuIrO6,Sr2IrRuO6,A2,0.742849422921539,-0.1004901386098364,0.0,1.5848533382713126,1.685343476881149,0.757150577078461,False,0.7786041786074231,0.95943121278381,open,0.0032395014328041,1.4824593444102738,A2,False
Sr2WIrO6,Sr2IrWO6,A2,0.7407052941019985,-0.1037422560393104,0.0,1.5854293256243348,1.6891715816636452,0.7592947058980015,False,0.8764051643423598,1.2351349626859778,open,0.0010953726132636,1.480315215590733,A2,False
Sr2IrSnO6,Sr2SnIrO6,A2,0.7367036536585224,-0.1074823095361613,0.0,1.5927703594200224,1.7002526689561837,0.7632963463414776,False,0.7655407278935241,0.8997106136864887,open,0.0,1.4763135751472571,A2,False
Sr2ScWO6,Sr2ScWO6,A2,0.7335558523955428,-0.1122566719636222,0.0,1.5807339048891853,1.6929905768528075,0.7664441476044572,False,0.8507857947137508,1.1108447102513384,open,0.0,1.4731657738842776,A2,False
Sr2ReBiO6,Sr2ReBiO6,A2,0.7320178383988648,-0.1070970309479736,0.0,1.6101090282541732,1.7172060592021468,0.7679821616011352,False,0.7288644825296122,0.7715571973070764,open,0.0,1.4716277598875998,A2,False
Sr2NbReO6,Sr2NbReO6,A2,0.7139082886926849,-0.1405166754272195,0.0,1.558555947743668,1.6990726231708877,0.7860917113073151,False,0.8406229158155004,1.1455769871783223,open,0.0,1.4535182101814197,A2,False
Sr2MoReO6,Sr2ReMoO6,A2,0.7116579632484993,-0.1418185136822749,0.0,1.5538905224112467,1.6957090360935216,0.7883420367515007,False,0.8354849857978387,1.1918462278766655,open,0.0,1.4512678847372342,A2,False
Sr2TiRhO6,Sr2TiRhO6,A2,0.7078140026068782,-0.1369039787018792,0.0,1.5535649144082422,1.6904688931101215,0.7921859973931218,False,0.7437730906016153,0.8517670930083715,open,0.0,1.447423924095613,A2,False
Sr2VRuO6,Sr2VRuO6,A2,0.7020099760869618,-0.1343082065299331,0.0,1.5493978729454845,1.6837060794754173,0.7979900239130382,False,0.7478827838654779,0.927477649349491,open,0.0,1.4416198975756966,A2,False
Sr2IrGaO6,Sr2GaIrO6,A2,0.7019505153846869,-0.1579665781097686,0.0,1.5566816410680908,1.7146482191778594,0.7980494846153131,False,0.7041630655868691,0.8028516242829032,open,0.0,1.4415604368734218,A2,False
Sr2NiIrO6,Sr2NiIrO6,A2,0.7017600849715758,-0.1595425492687583,0.0,1.562876032575517,1.7224185818442757,0.7982399150284242,False,0.730525165835545,0.8890460465579632,open,0.0,1.4413700064603103,A2,False
Sr2RhSnO6,Sr2SnRhO6,A2,0.6895741282295116,-0.1512224510619546,0.0,1.550579479196125,1.7018019302580796,0.8104258717704884,False,0.6699030421065073,0.7183146424079299,open,0.0,1.4291840497182464,A2,False
Sr2ReIrO6,Sr2ReIrO6,A2,0.6827835127551934,-0.2044692463871632,0.0,1.5975803815533798,1.802049627940543,0.8172164872448066,False,0.7814227409623775,1.1148514931180151,open,0.0,1.4223934342439284,A2,False
Sr2ZrMoO6,Sr2ZrMoO6,A2,0.6816846273749095,-0.1679803225453012,0.0,1.5177569359404852,1.6857372584857866,0.8183153726250905,False,0.7577466831202617,0.9113894061009048,open,0.0,1.4212945488636444,A2,False
Sr2MoGeO6,Sr2GeMoO6,A2,0.6778724011971878,-0.1974820792461795,0.0,1.517749104595896,1.7152311838420755,0.8221275988028122,False,0.7262134840432837,0.8744899316722939,open,0.0,1.4174823226859226,A2,False
Sr2CoRuO6,Sr2CoRuO6,A2,0.6777364284398276,-0.1876438757402836,0.0,1.5283083967725133,1.715952272512797,0.8222635715601724,False,0.6745246302207999,0.7547534207359674,open,0.0,1.4173463499285623,A2,False
Sr2ZrRuO6,Sr2ZrRuO6,A2,0.6657443643469206,-0.1739892689048686,0.0,1.5167831079014262,1.690772376806295,0.8342556356530794,False,0.6553530561316925,0.6873343383642262,open,0.0,1.4053542858356556,A2,False
Sr2IrGeO6,Sr2GeIrO6,A2,0.653988886850396,-0.2144146945831966,0.0,1.5196798751194291,1.7340945697026258,0.846011113149604,False,0.7076701435340392,0.8620533159203287,open,0.0,1.3935988083391309,A2,False
Sr2NbRuO6,Sr2NbRuO6,A2,0.6508909478614943,-0.1957981585471284,0.0,1.5076069548958375,1.703405113442966,0.8491090521385057,False,0.7302660332565413,0.936466941412961,open,0.0,1.390500869350229,A2,False
Sr2TaReO6,Sr2TaReO6,A2,0.6469130276975343,-0.2077807970845805,0.0,1.493742983471564,1.7015237805561445,0.8530869723024657,False,0.7879781865227988,1.1682140057315913,open,0.0,1.3865229491862692,A2,False
Sr2ZrWO6,Sr2ZrWO6,A2,0.6297308277399953,-0.2179347891241345,0.0,1.4760158943869088,1.6939506835110434,0.8702691722600047,False,0.7525303624362769,1.046674563650393,open,0.0,1.3693407492287302,A2,False
Sr2MoWO6,Sr2MoWO6,A2,0.6260133217664923,-0.2441278368028017,0.0,1.476051636553515,1.7201794733563167,0.8739866782335077,False,0.83725711370014,1.3217273053402796,open,0.0,1.365623243255227,A2,False
Sr2ScReO6,Sr2ScReO6,A2,0.6229157541570164,-0.2359932628857137,0.0,1.4775627068330066,1.7135559697187204,0.8770842458429836,False,0.6577187796668802,0.7311820448924334,open,0.0,1.362525675645751,A2,False
Sr2CrIrO6,Sr2CrIrO6,A2,0.6211013180681157,-0.213573247592396,0.0,1.471180063472295,1.684753311064691,0.8788986819318843,False,0.6581696662892781,0.8392449324499213,open,0.0,1.3607112395568506,A2,False
Sr2CrFeO6,Sr2CrFeO6,A2,0.6145371947687807,-0.2246176437506478,0.0,1.468630703976955,1.6932483477276028,0.8854628052312193,False,0.6893389530589963,0.8169022851305641,open,0.0,1.3541471162575154,A2,False
Sr2IrBiO6,Sr2BiIrO6,A2,0.6102165153436024,-0.2339741372507894,0.0,1.4780027642393192,1.7119769014901087,0.8897834846563976,False,0.6320115763628711,0.7489592140871341,open,0.0,1.3498264368323372,A2,False
Sr2RhGeO6,Sr2GeRhO6,A2,0.6058198051720024,-0.259513788550228,0.0,1.4541957323129495,1.7137095208631776,0.8941801948279976,False,0.6166281120156313,0.7080065113166281,open,0.0,1.3454297266607371,A2,False
Sr2IrInO6,Sr2InIrO6,A2,0.6006523977261047,-0.2531335738575782,0.0,1.4510358783744688,1.704169452232047,0.8993476022738953,False,0.6296562771322916,0.774574693324607,open,0.0,1.3402623192148395,A2,False
Sr2MoIrO6,Sr2MoIrO6,A2,0.5990221520446225,-0.2459311187473978,0.0,1.4485060941190635,1.6944372128664615,0.9009778479553776,False,0.7103197159601633,1.0314710648637648,open,0.0,1.3386320735333572,A2,False
Sr2ScMoO6,Sr2ScMoO6,A2,0.5929608891006153,-0.2566681727135227,0.0,1.4332082551164125,1.689876427829935,0.9070391108993848,False,0.6691796744621135,0.8172450390847817,open,0.0,1.33257081058935,A2,False
Sr2VReO6,Sr2VReO6,A2,0.5901241479883959,-0.2637355572473743,0.0,1.4328591572273104,1.696594714474685,0.909875852011604,False,0.7182165685079704,1.035861442763629,open,0.0,1.329734069477131,A2,False
Sr2MnRuO6,Sr2MnRuO6,A2,0.5880697710054859,-0.270756122800459,0.0,1.4230371721212238,1.693793294921683,0.911930228994514,False,0.5753510331529921,0.6145712303355119,open,0.0,1.327679692494221,A2,False
Sr2MnCoO6,Sr2MnCoO6,A2,0.5850781559173379,-0.2431787338632238,0.0,1.4373088546944102,1.680487588557634,0.914921844082662,False,0.5673824828957104,0.5621851114485551,open,0.0,1.3246880774060728,A2,False
Sr2MnCuO6,Sr2MnCuO6,A2,0.5846204785588335,-0.2660972162032211,0.0,1.4275439058514183,1.6936411220546397,0.9153795214411664,False,0.5819317328394298,0.6476500103432961,open,-0.1549894429299013,1.3242304000475684,A2,True
Sr2ReSbO6,Sr2ReSbO6,A2,0.5717920497305757,-0.2754161983008102,0.0,1.4301162626013362,1.7055324609021465,0.9282079502694244,False,0.6106791761661842,0.7329550793075016,open,0.0,1.3114019712193106,A2,False
Sr2TaGeO6,Sr2TaGeO6,A2,2.440856886130236,1.608500026812239,1.608500026812239,3.310253475682924,1.7017534488706847,0.940856886130236,False,2.469761451267269,2.525188092141941,open,1.7012469646415012,3.180466807618971,A2,False
Sr2RhTeO6,Sr2TeRhO6,A2,0.554988950461206,-0.2857624809745204,0.0,1.4109897228999924,1.6967522038745129,0.945011049538794,False,0.542144984308732,0.5930425619304843,open,0.0,1.2945988719499408,A2,False
Sr2RuTeO6,Sr2TeRuO6,A2,0.5527554385874033,-0.2802774639572755,0.0,1.4045567639249246,1.6848342278822002,0.9472445614125968,False,0.5329070629207846,0.583777189912937,open,0.0,1.292365360076138,A2,False
Sr2TiMoO6,Sr2TiMoO6,A2,0.5491120181643663,-0.2928474299808115,0.0,1.3904337602132189,1.6832811901940303,0.9508879818356336,False,0.6743982913127081,0.8741310534013842,open,0.0,1.2887219396531011,A2,False
Sr2NiRuO6,Sr2NiRuO6,A2,0.5203552689900494,-0.3234457427304568,0.0,1.369637003162245,1.6930827458927014,0.9796447310099506,False,0.5060452042152432,0.5515543972084995,open,0.0,1.259965190478784,A2,False
Sr2TaTeO6,Sr2TaTeO6,A2,2.484691650070804,1.6132067550509182,1.6132067550509182,3.3964908815552217,1.7832841265043036,0.9846916500708036,False,2.452671159207382,2.378888119739478,open,1.7450817285820692,3.224301571559539,A2,False
Sr2ZnRuO6,Sr2ZnRuO6,A2,0.5030172362405959,-0.3453680684410699,0.0,1.3613994647886862,1.706767533229756,0.996982763759404,False,0.5052403245576048,0.5378850995124609,open,0.0,1.2426271577293306,A2,False
Sr2TiWO6,Sr2TiWO6,A2,0.486035277506491,-0.361153211985859,0.0,1.3353919285907168,1.6965451405765757,1.013964722493509,False,0.6651895461098019,0.962383276991368,open,0.0,1.2256451989952255,A2,False
Sr2RuSnO6,Sr2SnRuO6,A2,0.4852403001684187,-0.3493347799581169,0.0,1.3531816483978223,1.7025164283559393,1.014759699831581,False,0.473988313237777,0.5166398614584956,open,0.0,1.2248502216571535,A2,False
Sr2RuSbO6,Sr2SbRuO6,A2,0.4640029865155554,-0.3713771843804564,0.0,1.3200655017420275,1.691442686122484,1.0359970134844445,False,0.4466404449878474,0.4988329500703419,open,0.0,1.20361290800429,A2,False
Sr2CoRhO6,Sr2CoRhO6,A2,0.4448245129091521,-0.4032283172874975,0.0,1.2962412766318994,1.699469593919397,1.055175487090848,False,0.4256723841760923,0.4657531439284982,open,0.0,1.184434434397887,B,False
Sr2RuRhO6,Sr2RuRhO6,A2,0.4444856981341704,-0.3893421689094082,0.0,1.3085870352443476,1.697929204153756,1.0555143018658295,False,0.4360280088085728,0.5230972827222465,open,0.0,1.184095619622905,B,False
Sr2MnNiO6,Sr2MnNiO6,A2,0.4412573040092191,-0.4149441317568058,0.0,1.304115601395765,1.7190597331525708,1.0587426959907809,False,0.4363350982831437,0.4595223416418438,open,0.0,1.180867225497954,B,False
Sr2MnRhO6,Sr2MnRhO6,A2,0.4387261246445565,-0.3970441997678974,0.0,1.2926906954871835,1.6897348952550812,1.0612738753554436,False,0.4615444409573116,0.5703671688563656,open,0.0,1.1783360461332912,B,False
Sr2RuGeO6,Sr2GeRuO6,A2,0.3742104416806658,-0.4790186611553981,0.0,1.2150445869278474,1.6940632480832456,1.125789558319334,False,0.3899408692497961,0.4699397852240345,open,0.0,1.1138203631694006,B,False
Sr2CrRhO6,Sr2CrRhO6,A2,0.3594666438060597,-0.4917856067719798,0.0,1.2058764747949622,1.697662081566942,1.14053335619394,False,0.3919657414358304,0.5104004875549683,open,0.0,1.0990765652947945,B,False
Sr2RhIrO6,Sr2IrRhO6,B,0.300875049679494,-0.5521533958202862,0.0,1.147425186927188,1.6995785827474743,1.199124950320506,False,0.3087543574754435,0.4166949858396441,open,0.0,1.040484971168229,B,False
Sr2CuRuO6,Sr2CuRuO6,B,0.2772542920838471,-0.5615020729561097,0.0,1.1368155465833425,1.698317619539452,1.222745707916153,True,0.2651293555217394,0.2935784743662231,open,0.0,1.0168642135725818,B,False
Sr2NiRhO6,Sr2NiRhO6,B,0.2663131497839167,-0.5859210289526318,0.0,1.112891540541738,1.69881256949437,1.2336868502160834,True,0.2719693624526124,0.3308548789784901,open,0.0,1.0059230712726517,B,False
Sr2MoRhO6,Sr2MoRhO6,B,0.2583526166241001,-0.5839441227757882,0.0,1.1049998797034308,1.688944002479219,1.2416473833759,True,0.3043492792051995,0.4511681148345364,open,0.0,0.997962538112835,B,False
Sr2RhPdO6,Sr2PdRhO6,B,0.2362189165353981,-0.6010735835952692,0.0,1.080787143497457,1.6818607270927262,1.263781083464602,True,0.2184321107185377,0.2514307289755207,open,0.0,0.9758288380241328,B,False
Sr2CuIrO6,Sr2CuIrO6,B,0.2308948682509781,-0.6063699916468568,0.0,1.0775929995879914,1.6839629912348482,1.2691051317490218,True,0.2217958689714835,0.3224914478819146,open,0.0,0.970504789739713,B,False
