formula,formula_norm,tier,bg_pred,bg_ci_lo,bg_ci_lo_clip,bg_ci_hi,ci_width,dist_to_pv_centre,metal_risk,bg_pred_zeros,bg_pred_MP
Sr2MoGaO6,Sr2GaMoO6,A1,1.4996814492857717,0.6393009270733387,0.6393009270733387,2.345494398125,1.7061934710516613,0.00031855071422826065,False,1.5210598614126614,1.5790180166594667
Sr2ZnReO6,Sr2ZnReO6,A1,1.5070363509501905,0.6532713006871356,0.6532713006871356,2.3657395378713217,1.7124682371841862,0.007036350950190506,False,1.5308229300604979,1.585006358876973
Sr2WSbO6,Sr2SbWO6,A1,1.548142612810719,0.6774733526242263,0.6774733526242263,2.4093244558664333,1.731851103242207,0.048142612810718965,False,1.5667358174291353,1.6173252420741404
Sr2InTeO6,Sr2InTeO6,A1,1.6292537315219298,0.7554992467616903,0.7554992467616903,2.5046373843103584,1.749138137548668,0.12925373152192976,False,1.6338412218194636,1.703236700947899
Sr2MoInO6,Sr2InMoO6,A1,1.3481817984027054,0.4865155700021522,0.4865155700021522,2.1999840100302013,1.713468440028049,0.15181820159729464,False,1.38179077440116,1.4677947941756901
Sr2FeReO6,Sr2FeReO6,A1,1.3455966042897765,0.4617080186806881,0.4617080186806881,2.2002087119879805,1.7385006933072924,0.15440339571022355,False,1.4119107242484157,1.5707375596667583
Sr2ReInO6,Sr2InReO6,A1,1.3272967178447928,0.4723853476128419,0.4723853476128419,2.1748873526245207,1.7025020050116788,0.17270328215520725,False,1.3363764602720045,1.3637111799148218
Sr2HfIrO6,Sr2HfIrO6,A1,1.3043097482972472,0.45659797100658794,0.45659797100658794,2.1587613414803384,1.7021633704737504,0.19569025170275278,False,1.3567605849820887,1.6384314417583254
Sr2MoSnO6,Sr2SnMoO6,A1,1.2793190448284522,0.42650528653818354,0.42650528653818354,2.13638846932084,1.7098831827826566,0.22068095517154784,False,1.2961147640329655,1.3890245953957177
Sr2MoBiO6,Sr2BiMoO6,A1,1.2691088904837151,0.42134651732131845,0.42134651732131845,2.124996087295647,1.7036495699743286,0.2308911095162849,False,1.233523529838621,1.2390676309586435
Sr2WAlO6,Sr2AlWO6,A1,1.7598154972916256,0.9061430733438625,0.9061430733438625,2.600828730673228,1.6946856573293656,0.25981549729162556,False,1.8276503816220342,1.9947518340119095
Sr2BiTeO6,Sr2BiTeO6,A1,1.2219630055685282,0.3524652966381061,0.3524652966381061,2.091075599915992,1.738610303277886,0.2780369944314718,False,1.2561804212576737,1.338962088333309
Sr2GaTeO6,Sr2GaTeO6,A2,1.8158606761770197,0.9387855205505372,0.9387855205505372,2.701569213720502,1.7627836931699647,0.31586067617701974,False,1.838648900729438,1.9296767166056241
Sr2ZrIrO6,Sr2ZrIrO6,A2,1.1540412842842906,0.31302171091749376,0.31302171091749376,2.009985540053388,1.6969638291358944,0.34595871571570935,False,1.1726382667493438,1.397827706715634
Sr2GeSbO6,Sr2GeSbO6,A2,1.8517941393213622,0.9868111367597145,0.9868111367597145,2.708695706920139,1.7218845701604244,0.35179413932136216,False,1.9060566475854637,2.067266133241057
Sr2NbGeO6,Sr2NbGeO6,A2,1.8871806872071248,1.0436367823772428,1.0436367823772428,2.755183751353638,1.7115469689763954,0.38718068720712484,False,1.9357326316169217,2.03435057692089
Sr2IrAlO6,Sr2AlIrO6,A2,1.1098793953589365,0.23899552360919663,0.23899552360919663,1.987918517398141,1.7489229937889443,0.39012060464106346,False,1.175639095424686,1.3591083551333805
Sr2ReAlO6,Sr2AlReO6,A2,1.1019659458590219,0.2259139799968144,0.2259139799968144,1.9535200539467483,1.727606073949934,0.39803405414097814,False,1.1802373900347838,1.3462287437109197
Sr2RhHfO6,Sr2HfRhO6,A2,1.0850806690805042,0.24228297833359824,0.24228297833359824,1.9329239835750343,1.690641005241436,0.41491933091949584,False,1.0994164972929406,1.2544358067490589
Sr2MnIrO6,Sr2MnIrO6,A2,1.0605724468048,0.2061268506662025,0.2061268506662025,1.9192984179002133,1.7131715672340109,0.4394275531952001,False,1.0831291025939624,1.2469705418520092
Sr2MoSbO6,Sr2SbMoO6,A2,1.0571932118974656,0.2052627223690282,0.2052627223690282,1.9015646822248704,1.6963019598558422,0.4428067881025344,False,1.0486999745468724,1.1252271245926002
Sr2WBiO6,Sr2BiWO6,A2,1.9474702367053105,1.106799763302343,1.106799763302343,2.7959343023011805,1.6891345389988375,0.4474702367053105,False,1.9125671973807548,1.8646473499025895
Sr2CrTeO6,Sr2CrTeO6,A2,1.0350148586029067,0.1730929062798725,0.1730929062798725,1.9263698065344843,1.7532769002546118,0.46498514139709335,False,1.0452114222434303,1.1743797461552872
Sr2NiGeO6,Sr2NiGeO6,A2,1.024915673684261,0.154878628592372,0.154878628592372,1.8698270153335104,1.7149483867411384,0.47508432631573894,False,1.0465146648921515,1.2126571719204822
Sr2MoTeO6,Sr2TeMoO6,A2,0.9966758666516395,0.14326860505639516,0.14326860505639516,1.8757750145740217,1.7325064095176266,0.5033241333483605,False,1.0008914008602505,1.0723249213409571
Sr2FeIrO6,Sr2FeIrO6,A2,0.9933759897811313,0.14624520886832526,0.14624520886832526,1.8457858731669685,1.6995406642986433,0.5066240102188687,False,1.060095179089084,1.2396816565954676
Sr2NbTaO6,Sr2TaNbO6,A2,0.9836737769333466,0.12293071761226881,0.12293071761226881,1.8311744366661131,1.7082437190538444,0.5163262230666534,False,1.1372231903959684,1.489832718642385
Sr2NbTeO6,Sr2NbTeO6,A2,2.041778454117179,1.2015170639574004,1.2015170639574004,2.907606800425346,1.7060897364679455,0.5417784541171788,False,2.023869913305087,2.05028691517199
Sr2TiIrO6,Sr2TiIrO6,A2,0.9572235998915383,0.11906501612142972,0.11906501612142972,1.8178138019468586,1.6987487858254289,0.5427764001084617,False,0.9950012717343797,1.2028000159452215
Sr2ScTeO6,Sr2ScTeO6,A2,2.051171488678743,1.1275040990082776,1.1275040990082776,3.112542243812149,1.9850381448038714,0.5511714886787429,False,2.1051737330695075,2.1824261335723443
Sr2RuTaO6,Sr2TaRuO6,A2,0.9413017931681251,0.09112481659794391,0.09112481659794391,1.778239428870723,1.6871146122727791,0.5586982068318749,False,1.0297649994742,1.2872516703872927
Sr2MoAlO6,Sr2AlMoO6,A2,0.9235328987577992,0.07751130785512828,0.07751130785512828,1.8055194067609945,1.7280080989058662,0.5764671012422008,False,1.0226811580992805,1.248304647141746
Sr2YIrO6,Sr2YIrO6,A2,0.9122255909736999,0.07649279072987758,0.07649279072987758,1.7897534635091927,1.7132606727793152,0.5877744090263001,False,0.9381236357785661,1.14633091849202
Sr2RuHfO6,Sr2HfRuO6,A2,0.8809867003939401,0.034783178190471165,0.034783178190471165,1.7212964839700557,1.6865133057795845,0.6190132996060599,False,0.8926794621556834,0.9390941297316339
Sr2YReO6,Sr2YReO6,A2,0.8753165096395916,0.016650098777298727,0.016650098777298727,1.7344784206950554,1.7178283219177568,0.6246834903604084,False,0.903294813812261,0.9721330154414155
Sr2CrReO6,Sr2CrReO6,A2,0.8616515166792597,0.01670602759676465,0.01670602759676465,1.7157472598104182,1.6990412322136534,0.6383484833207403,False,0.941832966108929,1.1862862383581034
Sr2ZrRhO6,Sr2ZrRhO6,A2,0.8501044896285701,0.01528495216047765,0.01528495216047765,1.7109372327778265,1.6956522806173489,0.6498955103714299,False,0.8597745426472888,0.9475235391617894
Sr2ScIrO6,Sr2ScIrO6,A2,0.8440131466817101,-0.0021232446543973937,0.0,1.7137167029401006,1.7158399475944979,0.6559868533182899,False,0.8849139459561449,1.0925884008773155
Sr2IrTeO6,Sr2TeIrO6,A2,0.8365382041123842,-0.012918767955239718,0.0,1.6848148319474352,1.697733599902675,0.6634617958876158,False,0.8681868532812963,0.9817294868037976
Sr2WReO6,Sr2ReWO6,A2,0.8301024021846006,-0.01590799013776123,0.0,1.685121643886847,1.7010296340246083,0.6698975978153994,False,0.9747250723868837,1.402095047125574
Sr2RuReO6,Sr2ReRuO6,A2,0.8268944606610198,-0.0235220106958709,0.0,1.6748117436609862,1.698333754356857,0.6731055393389802,False,0.8356185735167185,0.9166689251544626
Sr2NbSnO6,Sr2NbSnO6,A2,2.1776575221733587,1.330072910676663,1.330072910676663,3.0517823238570747,1.7217094131804118,0.6776575221733587,False,2.1820133138110225,2.219733625211128
Sr2HfWO6,Sr2HfWO6,A2,0.7995676074911052,-0.060522805708776994,0.0,1.6676050651030505,1.7281278708118275,0.7004323925088948,False,0.9194692804990653,1.2585753338394452
Sr2RhReO6,Sr2ReRhO6,A2,0.7779918589414127,-0.06112629848623907,0.0,1.6415407960989339,1.702667094585173,0.7220081410585873,False,0.8222869539689309,1.0883278862529773
Sr2MoHfO6,Sr2HfMoO6,A2,0.7712636582707548,-0.08750525278166865,0.0,1.617708974656685,1.7052142274383537,0.7287363417292452,False,0.8840819435968872,1.1535711726316165
Sr2WInO6,Sr2InWO6,A2,2.231328535499163,1.3851585888138098,1.3851585888138098,3.074935200976112,1.6897766121623023,0.7313285354991632,False,2.2403253414176874,2.267853814514156
Sr2WGaO6,Sr2GaWO6,A2,2.2375158111747044,1.3879938385306831,1.3879938385306831,3.1022049392870645,1.7142111007563814,0.7375158111747044,False,2.2459481725328625,2.268793081721126
Sr2RuIrO6,Sr2IrRuO6,A2,0.742849422921539,-0.10049013860983647,0.0,1.5848533382713126,1.685343476881149,0.757150577078461,False,0.7786041786074231,0.95943121278381
Sr2WIrO6,Sr2IrWO6,A2,0.7407052941019985,-0.10374225603931042,0.0,1.5854293256243348,1.6891715816636452,0.7592947058980015,False,0.8764051643423598,1.2351349626859778
Sr2IrSnO6,Sr2SnIrO6,A2,0.7367036536585224,-0.10748230953616134,0.0,1.5927703594200224,1.7002526689561837,0.7632963463414776,False,0.7655407278935241,0.8997106136864887
Sr2ScWO6,Sr2ScWO6,A2,0.7335558523955428,-0.11225667196362221,0.0,1.5807339048891853,1.6929905768528075,0.7664441476044572,False,0.8507857947137508,1.1108447102513384
Sr2ReBiO6,Sr2ReBiO6,A2,0.7320178383988648,-0.10709703094797363,0.0,1.6101090282541732,1.7172060592021468,0.7679821616011352,False,0.7288644825296122,0.7715571973070764
Sr2NbReO6,Sr2NbReO6,A2,0.7139082886926849,-0.14051667542721957,0.0,1.558555947743668,1.6990726231708875,0.7860917113073151,False,0.8406229158155004,1.1455769871783223
Sr2MoReO6,Sr2ReMoO6,A2,0.7116579632484993,-0.14181851368227494,0.0,1.5538905224112467,1.6957090360935216,0.7883420367515007,False,0.8354849857978387,1.1918462278766655
Sr2TiRhO6,Sr2TiRhO6,A2,0.7078140026068782,-0.1369039787018792,0.0,1.5535649144082422,1.6904688931101215,0.7921859973931218,False,0.7437730906016153,0.8517670930083715
Sr2VRuO6,Sr2VRuO6,A2,0.7020099760869618,-0.13430820652993314,0.0,1.5493978729454843,1.6837060794754173,0.7979900239130382,False,0.7478827838654779,0.927477649349491
Sr2IrGaO6,Sr2GaIrO6,A2,0.7019505153846869,-0.15796657810976866,0.0,1.5566816410680908,1.7146482191778594,0.7980494846153131,False,0.7041630655868691,0.8028516242829032
Sr2NiIrO6,Sr2NiIrO6,A2,0.7017600849715758,-0.15954254926875833,0.0,1.5628760325755173,1.7224185818442757,0.7982399150284242,False,0.730525165835545,0.8890460465579632
Sr2RhSnO6,Sr2SnRhO6,A2,0.6895741282295116,-0.15122245106195464,0.0,1.550579479196125,1.7018019302580796,0.8104258717704884,False,0.6699030421065073,0.7183146424079299
Sr2ReIrO6,Sr2ReIrO6,A2,0.6827835127551934,-0.20446924638716324,0.0,1.5975803815533798,1.802049627940543,0.8172164872448066,False,0.7814227409623775,1.1148514931180153
Sr2ZrMoO6,Sr2ZrMoO6,A2,0.6816846273749095,-0.16798032254530126,0.0,1.5177569359404852,1.6857372584857866,0.8183153726250905,False,0.7577466831202617,0.9113894061009047
Sr2MoGeO6,Sr2GeMoO6,A2,0.6778724011971878,-0.19748207924617955,0.0,1.517749104595896,1.7152311838420755,0.8221275988028122,False,0.7262134840432837,0.8744899316722939
Sr2CoRuO6,Sr2CoRuO6,A2,0.6777364284398276,-0.18764387574028363,0.0,1.5283083967725133,1.715952272512797,0.8222635715601724,False,0.6745246302207999,0.7547534207359674
Sr2ZrRuO6,Sr2ZrRuO6,A2,0.6657443643469206,-0.17398926890486865,0.0,1.5167831079014262,1.690772376806295,0.8342556356530794,False,0.6553530561316925,0.6873343383642262
Sr2IrGeO6,Sr2GeIrO6,A2,0.653988886850396,-0.21441469458319662,0.0,1.5196798751194291,1.7340945697026258,0.846011113149604,False,0.7076701435340392,0.8620533159203287
Sr2NbRuO6,Sr2NbRuO6,A2,0.6508909478614943,-0.19579815854712845,0.0,1.5076069548958375,1.703405113442966,0.8491090521385057,False,0.7302660332565413,0.936466941412961
Sr2TaReO6,Sr2TaReO6,A2,0.6469130276975343,-0.20778079708458053,0.0,1.4937429834715639,1.7015237805561445,0.8530869723024657,False,0.7879781865227988,1.1682140057315913
Sr2ZrWO6,Sr2ZrWO6,A2,0.6297308277399953,-0.21793478912413455,0.0,1.4760158943869088,1.6939506835110434,0.8702691722600047,False,0.7525303624362769,1.046674563650393
Sr2MoWO6,Sr2MoWO6,A2,0.6260133217664923,-0.2441278368028017,0.0,1.476051636553515,1.7201794733563167,0.8739866782335077,False,0.83725711370014,1.3217273053402796
Sr2ScReO6,Sr2ScReO6,A2,0.6229157541570164,-0.23599326288571376,0.0,1.4775627068330066,1.7135559697187204,0.8770842458429836,False,0.6577187796668802,0.7311820448924334
Sr2CrIrO6,Sr2CrIrO6,A2,0.6211013180681157,-0.21357324759239604,0.0,1.471180063472295,1.684753311064691,0.8788986819318843,False,0.6581696662892781,0.8392449324499213
Sr2CrFeO6,Sr2CrFeO6,A2,0.6145371947687807,-0.22461764375064786,0.0,1.468630703976955,1.6932483477276028,0.8854628052312193,False,0.6893389530589963,0.8169022851305641
Sr2IrBiO6,Sr2BiIrO6,A2,0.6102165153436024,-0.23397413725078942,0.0,1.4780027642393192,1.7119769014901087,0.8897834846563976,False,0.6320115763628711,0.7489592140871341
Sr2RhGeO6,Sr2GeRhO6,A2,0.6058198051720024,-0.259513788550228,0.0,1.4541957323129495,1.7137095208631776,0.8941801948279976,False,0.6166281120156313,0.7080065113166281
Sr2IrInO6,Sr2InIrO6,A2,0.6006523977261047,-0.2531335738575782,0.0,1.4510358783744688,1.704169452232047,0.8993476022738953,False,0.6296562771322916,0.774574693324607
Sr2MoIrO6,Sr2MoIrO6,A2,0.5990221520446225,-0.24593111874739781,0.0,1.4485060941190637,1.6944372128664615,0.9009778479553775,False,0.7103197159601633,1.0314710648637648
Sr2ScMoO6,Sr2ScMoO6,A2,0.5929608891006153,-0.2566681727135227,0.0,1.4332082551164123,1.689876427829935,0.9070391108993847,False,0.6691796744621135,0.8172450390847817
Sr2VReO6,Sr2VReO6,A2,0.5901241479883959,-0.2637355572473743,0.0,1.4328591572273104,1.6965947144746847,0.9098758520116041,False,0.7182165685079704,1.035861442763629
Sr2MnRuO6,Sr2MnRuO6,A2,0.5880697710054859,-0.270756122800459,0.0,1.4230371721212238,1.693793294921683,0.9119302289945141,False,0.5753510331529921,0.6145712303355119
Sr2MnCoO6,Sr2MnCoO6,A2,0.5850781559173379,-0.24317873386322386,0.0,1.4373088546944102,1.680487588557634,0.9149218440826621,False,0.5673824828957104,0.5621851114485551
Sr2MnCuO6,Sr2MnCuO6,A2,0.5846204785588335,-0.26609721620322113,0.0,1.4275439058514183,1.6936411220546395,0.9153795214411665,False,0.5819317328394298,0.6476500103432961
Sr2ReSbO6,Sr2ReSbO6,A2,0.5717920497305757,-0.2754161983008102,0.0,1.4301162626013362,1.7055324609021465,0.9282079502694243,False,0.6106791761661842,0.7329550793075016
Sr2TaGeO6,Sr2TaGeO6,A2,2.440856886130236,1.608500026812239,1.608500026812239,3.3102534756829236,1.7017534488706847,0.940856886130236,False,2.4697614512672694,2.525188092141941
Sr2RhTeO6,Sr2TeRhO6,A2,0.554988950461206,-0.2857624809745204,0.0,1.4109897228999924,1.6967522038745129,0.945011049538794,False,0.542144984308732,0.5930425619304843
Sr2RuTeO6,Sr2TeRuO6,A2,0.5527554385874033,-0.2802774639572755,0.0,1.4045567639249246,1.6848342278822002,0.9472445614125967,False,0.5329070629207846,0.583777189912937
Sr2TiMoO6,Sr2TiMoO6,A2,0.5491120181643663,-0.2928474299808115,0.0,1.3904337602132189,1.6832811901940303,0.9508879818356337,False,0.6743982913127081,0.8741310534013842
Sr2NiRuO6,Sr2NiRuO6,A2,0.5203552689900494,-0.3234457427304568,0.0,1.3696370031622447,1.6930827458927014,0.9796447310099506,False,0.5060452042152432,0.5515543972084995
Sr2TaTeO6,Sr2TaTeO6,A2,2.4846916500708036,1.6132067550509182,1.6132067550509182,3.3964908815552217,1.7832841265043036,0.9846916500708036,False,2.452671159207382,2.378888119739478
Sr2ZnRuO6,Sr2ZnRuO6,A2,0.5030172362405959,-0.34536806844106993,0.0,1.3613994647886862,1.706767533229756,0.9969827637594041,False,0.5052403245576048,0.5378850995124609
Sr2TiWO6,Sr2TiWO6,A2,0.486035277506491,-0.36115321198585904,0.0,1.3353919285907168,1.6965451405765757,1.013964722493509,False,0.6651895461098019,0.962383276991368
Sr2RuSnO6,Sr2SnRuO6,A2,0.4852403001684187,-0.3493347799581169,0.0,1.3531816483978223,1.7025164283559393,1.0147596998315813,False,0.47398831323777707,0.5166398614584956
Sr2RuSbO6,Sr2SbRuO6,A2,0.46400298651555544,-0.3713771843804564,0.0,1.3200655017420275,1.691442686122484,1.0359970134844445,False,0.44664044498784744,0.49883295007034195
Sr2CoRhO6,Sr2CoRhO6,A2,0.4448245129091521,-0.40322831728749753,0.0,1.2962412766318994,1.699469593919397,1.0551754870908479,False,0.4256723841760923,0.46575314392849826
Sr2RuRhO6,Sr2RuRhO6,A2,0.4444856981341704,-0.3893421689094082,0.0,1.3085870352443476,1.697929204153756,1.0555143018658297,False,0.43602800880857284,0.5230972827222465
Sr2MnNiO6,Sr2MnNiO6,A2,0.44125730400921914,-0.4149441317568058,0.0,1.304115601395765,1.7190597331525708,1.0587426959907809,False,0.4363350982831437,0.45952234164184386
Sr2MnRhO6,Sr2MnRhO6,A2,0.4387261246445565,-0.3970441997678974,0.0,1.2926906954871837,1.6897348952550812,1.0612738753554436,False,0.4615444409573116,0.5703671688563656
Sr2RuGeO6,Sr2GeRuO6,A2,0.37421044168066586,-0.4790186611553981,0.0,1.2150445869278474,1.6940632480832456,1.125789558319334,False,0.38994086924979615,0.46993978522403457
Sr2CrRhO6,Sr2CrRhO6,A2,0.35946664380605975,-0.4917856067719798,0.0,1.2058764747949622,1.6976620815669419,1.1405333561939401,False,0.39196574143583046,0.5104004875549683
Sr2RhIrO6,Sr2IrRhO6,B,0.300875049679494,-0.5521533958202862,0.0,1.147425186927188,1.6995785827474743,1.199124950320506,False,0.30875435747544355,0.4166949858396441
Sr2CuRuO6,Sr2CuRuO6,B,0.2772542920838471,-0.5615020729561097,0.0,1.1368155465833425,1.698317619539452,1.222745707916153,True,0.26512935552173944,0.29357847436622314
Sr2NiRhO6,Sr2NiRhO6,B,0.2663131497839167,-0.5859210289526318,0.0,1.1128915405417381,1.6988125694943699,1.2336868502160834,True,0.2719693624526124,0.3308548789784901
Sr2MoRhO6,Sr2MoRhO6,B,0.25835261662410014,-0.5839441227757882,0.0,1.1049998797034308,1.688944002479219,1.2416473833758999,True,0.3043492792051995,0.4511681148345364
Sr2RhPdO6,Sr2PdRhO6,B,0.23621891653539812,-0.6010735835952692,0.0,1.080787143497457,1.6818607270927262,1.263781083464602,True,0.21843211071853777,0.25143072897552077
Sr2CuIrO6,Sr2CuIrO6,B,0.23089486825097813,-0.6063699916468568,0.0,1.0775929995879914,1.6839629912348482,1.2691051317490218,True,0.2217958689714835,0.32249144788191464
