formula,pred_OQMD,pred_zeros,pred_MP,d_zeros,d_MP
Sr2ScVO6,2.1036837135572215,2.1684480012012077,2.2614236389741986,0.06476428764398623,0.15773992541697712
Sr2ScCrO6,0.7326833696417737,0.8207259592234442,0.9667951551523514,0.08804258958167044,0.23411178551057765
Sr2ScNbO6,2.9962043713480724,3.0392194511605743,3.0704095029064313,0.043015079812501966,0.07420513155835895
Sr2ScMoO6,0.5929608891006153,0.6691796744621135,0.8172450390847817,0.07621878536149818,0.22428414998416646
Sr2ScRuO6,0.40574360261932596,0.39382823626901897,0.3884635009813772,-0.011915366350306988,-0.01728010163794874
Sr2ScTaO6,3.65371509346036,3.6600889951623805,3.6726970797202307,0.006373901702020568,0.018981986259870798
Sr2ScWO6,0.7335558523955428,0.8507857947137508,1.1108447102513384,0.11722994231820805,0.3772888578557956
Sr2ScReO6,0.6229157541570164,0.6577187796668802,0.7311820448924334,0.034803025509863805,0.10826629073541705
Sr2ScIrO6,0.8440131466817101,0.8849139459561449,1.0925884008773155,0.040900799274434796,0.24857525419560533
Sr2ScSbO6,3.580140230204467,3.6090679043106157,3.654936608070974,0.028927674106148604,0.07479637786650706
Sr2ScBiO6,2.60966003670714,2.5977898415600245,2.5876925596429117,-0.011870195147115403,-0.02196747706422819
Sr2ScTeO6,2.051171488678743,2.1051737330695075,2.1824261335723443,0.05400224439076462,0.1312546448936014
Sr2TiVO6,0.688717749370583,0.763724640020541,0.860179044214705,0.07500689064995791,0.17146129484412198
Sr2TiCrO6,0.6423351194447166,0.7410485555237778,0.8942109980454345,0.09871343607906125,0.2518758786007179
Sr2TiMnO6,1.0888963379394063,1.0936966005153432,1.1086483130063005,0.004800262575936909,0.01975197506689419
Sr2TiCoO6,0.8096599414461677,0.7678872401393237,0.7493433082079182,-0.04177270130684396,-0.06031663323824954
Sr2TiNiO6,0.7348202536779657,0.6990129559541707,0.6876493869725882,-0.035807297723794984,-0.04717086670537751
Sr2TiZrO6,1.5239792635327956,1.594543954666585,1.6488167978558286,0.07056469113378938,0.12483753432303302
Sr2TiNbO6,0.6205966422328061,0.7403853802362913,0.9223992695810337,0.11978873800348522,0.3018026273482276
Sr2TiMoO6,0.5491120181643663,0.6743982913127081,0.8741310534013842,0.12528627314834184,0.3250190352370179
Sr2TiRuO6,0.5223709309131215,0.5380047550014544,0.5790755843162563,0.015633824088332915,0.0567046534031348
Sr2TiRhO6,0.7078140026068782,0.7437730906016153,0.8517670930083715,0.03595908799473713,0.1439530904014933
Sr2TiPdO6,0.9626709936312917,0.9722366572603117,1.0141739450302236,0.009565663629020005,0.05150295139893191
Sr2TiHfO6,3.107579424327247,3.1290366241656185,3.1103487535416225,0.021457199838371466,0.00276932921437556
Sr2TiTaO6,0.6702368830290334,0.81803404077942,1.04949852186642,0.1477971577503866,0.3792616388373865
Sr2TiWO6,0.486035277506491,0.6651895461098019,0.962383276991368,0.17915426860331085,0.47634799948487705
Sr2TiReO6,0.4814354861230993,0.5557435340120142,0.6727935269135338,0.07430804788891487,0.1913580407904345
Sr2TiIrO6,0.9572235998915383,0.9950012717343797,1.2028000159452215,0.03777767184284142,0.2455764160536832
Sr2TiGeO6,2.7150563817502174,2.739105992896867,2.7841133124003337,0.024049611146649497,0.06905693065011631
Sr2TiSnO6,2.9945645667875374,2.986433981885724,3.0032628361232545,-0.008130584901813176,0.008698269335717157
Sr2TiSbO6,2.000334353961021,2.0356071660231656,2.1266996759741272,0.03527281206214461,0.12636532201310624
Sr2TiBiO6,1.987948530001213,1.9491767222153618,1.940978821302496,-0.03877180778585121,-0.04696970869871686
Sr2TiTeO6,2.178029596116477,2.209762504896045,2.2875300547802495,0.031732908779567914,0.10950045866377245
Sr2VCrO6,1.0676338088143347,1.1630422076713014,1.3756629498219806,0.09540839885696673,0.3080291410076459
Sr2VMnO6,0.7622187046643082,0.7944420624351973,0.8847961049504968,0.03222335777088914,0.12257740028618858
Sr2VFeO6,1.066255360691729,1.1067152407985161,1.186890832309683,0.04045988010678703,0.12063547161795385
Sr2VCoO6,0.8674565099385881,0.8630906059661626,0.8895839173631455,-0.004365903972425533,0.02212740742455732
Sr2VNiO6,0.8256734019364368,0.8560339736650948,0.9105330148140043,0.030360571728658026,0.08485961287756749
Sr2VCuO6,0.41332173684290563,0.45520317032583446,0.5830958413109566,0.04188143348292883,0.16977410446805097
Sr2VYO6,2.219670712992562,2.2748380458238207,2.3547229456645664,0.05516733283125852,0.13505223267200428
Sr2VZrO6,0.9309954776607013,1.009373969866263,1.113988427417922,0.07837849220556159,0.18299294975722058
Sr2VNbO6,0.8961209802168272,0.9631351597457193,1.1128519123512977,0.0670141795288921,0.21673093213447048
Sr2VMoO6,0.8367404244406108,0.9436791768359234,1.2193332450315408,0.10693875239531259,0.38259282059093
Sr2VRuO6,0.7020099760869618,0.7478827838654779,0.927477649349491,0.0458728077785161,0.22546767326252914
Sr2VRhO6,0.7473289999191746,0.8037780123648172,0.9409070503678149,0.0564490124456426,0.1935780504486403
Sr2VPdO6,0.5223691676820046,0.566935390267735,0.6821789318353789,0.0445662225857304,0.15980976415337433
Sr2VHfO6,1.2025652944232619,1.2796649380332965,1.4340701156721152,0.07709964361003463,0.2315048212488533
Sr2VTaO6,0.8738604859533121,0.9943452956257235,1.237328917062178,0.12048480967241137,0.36346843110886584
Sr2VWO6,0.7302168840868442,0.9246223410977898,1.4054790704553757,0.1944054570109457,0.6752621863685315
Sr2VReO6,0.5901241479883959,0.7182165685079704,1.035861442763629,0.1280924205195746,0.44573729477523316
Sr2VIrO6,0.9732606351883866,1.0239453806124135,1.2498728781570807,0.0506847454240269,0.27661224296869413
Sr2VAlO6,1.6749931609954305,1.746990255887598,1.9035429316909245,0.07199709489216755,0.22854977069549398
Sr2VGaO6,2.457594196735502,2.4752158447702377,2.466264189556524,0.01762164803473576,0.008669992821022099
Sr2VInO6,2.114573734283795,2.168804656502824,2.238971050865605,0.0542309222190287,0.12439731658180975
Sr2VGeO6,1.4054652446344156,1.4836846140595317,1.6216561778865253,0.07821936942511609,0.2161909332521097
Sr2VSnO6,1.6961198255130228,1.7599116159452135,1.8658310708429966,0.06379179043219074,0.16971124532997384
Sr2VSbO6,1.6352287844785631,1.7067809028306882,1.8400978419273264,0.07155211835212505,0.20486905744876327
Sr2VBiO6,2.3371347436022645,2.3545026279318586,2.423187818169853,0.01736788432959413,0.0860530745675887
Sr2VTeO6,1.4987391292676053,1.5587584200725615,1.672034612689833,0.06001929080495616,0.17329548342222778
Sr2CrMnO6,0.6138736526002977,0.6833535237059724,0.8204435700884966,0.06947987110567466,0.20656991748819886
Sr2CrFeO6,0.6145371947687807,0.6893389530589963,0.8169022851305641,0.07480175829021563,0.2023650903617834
Sr2CrCoO6,0.5942953130097154,0.6129593519544861,0.7087623154920847,0.018664038944770756,0.1144670024823693
Sr2CrNiO6,0.5199638718711607,0.5737878245962001,0.7447104278663425,0.05382395272503948,0.22474655599518178
Sr2CrCuO6,0.46998853094469983,0.5103171274135844,0.5988276987027051,0.04032859646888454,0.1288391677580053
Sr2CrZnO6,1.364082606739823,1.4495391156339548,1.6051726263174864,0.0854565088941317,0.2410900195776633
Sr2CrYO6,0.8279660116467674,0.8964970230404866,1.0144309083922634,0.0685310113937192,0.18646489674549593
Sr2CrZrO6,0.9686307204074278,1.0377727235797125,1.1736819773819116,0.0691420031722847,0.2050512569744838
Sr2CrNbO6,0.9349239524767006,1.0330600963050853,1.2802551951489387,0.09813614382838476,0.34533124267223814
Sr2CrMoO6,0.5068276785388918,0.6180724095469277,0.8941801813466244,0.11124473100803589,0.3873525028077326
Sr2CrRuO6,0.7203263206320639,0.7447117565889672,0.837351369806195,0.024385435956903234,0.11702504917413104
Sr2CrRhO6,0.35946664380605975,0.39196574143583046,0.5104004875549683,0.03249909762977071,0.1509338437489085
Sr2CrPdO6,0.4748497361641367,0.5212066769060835,0.6494867113434503,0.04635694074194674,0.17463697517931354
Sr2CrHfO6,1.1295565600346058,1.2135593748287017,1.3816076927541505,0.08400281479409588,0.2520511327195447
Sr2CrTaO6,1.1399197338541036,1.3016283340202202,1.7111720567192337,0.16170860016611655,0.5712523228651301
Sr2CrWO6,0.6658795839781454,0.8652001658033971,1.3430569802467176,0.1993205818252517,0.6771773962685722
Sr2CrReO6,0.8616515166792597,0.941832966108929,1.1862862383581034,0.08018144942966932,0.3246347216788438
Sr2CrIrO6,0.6211013180681157,0.6581696662892781,0.8392449324499213,0.03706834822116234,0.21814361438180552
Sr2CrAlO6,0.8113268598047886,0.9357571069218137,1.1737173047784257,0.1244302471170251,0.36239044497363715
Sr2CrGaO6,1.1150335193235517,1.148814876042029,1.2346893996464585,0.03378135671847726,0.11965588032290686
Sr2CrInO6,0.9016016344237496,0.9653801664777335,1.1026802176107442,0.06377853205398387,0.20107858318699456
Sr2CrGeO6,0.8382587980959735,0.9155624390458021,1.1407767729545046,0.07730364094982867,0.30251797485853116
Sr2CrSnO6,1.0659777539002544,1.1190436059507571,1.2517769398184988,0.05306585205050274,0.1857991859182444
Sr2CrBiO6,1.2801943248682413,1.2454263913273984,1.3029459942495238,-0.034767933540842844,0.02275166938128259
Sr2CrTeO6,1.0350148586029067,1.0452114222434303,1.1743797461552872,0.010196563640523681,0.13936488755238052
Sr2MnCoO6,0.5850781559173379,0.5673824828957104,0.5621851114485551,-0.017695673021627556,-0.02289304446878282
Sr2MnNiO6,0.44125730400921914,0.4363350982831437,0.45952234164184386,-0.004922205726075435,0.018265037632624714
Sr2MnCuO6,0.5846204785588335,0.5819317328394298,0.6476500103432961,-0.0026887457194036957,0.06302953178446258
Sr2MnZrO6,1.4279051466743475,1.4262976362200013,1.4371140517450693,-0.0016075104543462615,0.009208905070721807
Sr2MnMoO6,0.7443363091270996,0.8361495705922222,1.0012856130929966,0.09181326146512259,0.256949303965897
Sr2MnRuO6,0.5880697710054859,0.5753510331529921,0.6145712303355119,-0.012718737852493778,0.02650145933002601
Sr2MnRhO6,0.4387261246445565,0.4615444409573116,0.5703671688563656,0.022818316312755105,0.1316410442118091
Sr2MnPdO6,0.5400026562104815,0.5555270115062045,0.6194336391090135,0.015524355295723047,0.07943098289853201
Sr2MnHfO6,1.39052042798372,1.4134258861048576,1.4697198027413587,0.022905458121137645,0.07919937475763872
Sr2MnReO6,0.8418599002975451,0.8164436251427202,0.84018169065536,-0.02541627515482492,-0.0016782096421851245
Sr2MnIrO6,1.0605724468048,1.0831291025939624,1.2469705418520092,0.02255665578916255,0.18639809504720928
Sr2MnGeO6,1.1100500798750315,1.1513500750987704,1.2905671791166418,0.04129999522373895,0.1805170992416103
Sr2MnSnO6,1.2147436594571148,1.2289385228392795,1.3319405629493395,0.01419486338216469,0.11719690349222467
Sr2MnBiO6,0.997006608491366,0.992630087271402,1.0722857640010723,-0.0043765212199640136,0.07527915550970632
Sr2FeMoO6,0.5998507348026229,0.6937469832490978,0.8999318894799341,0.09389624844647493,0.3000811546773112
Sr2FeRuO6,0.4936482727516185,0.5473071892981669,0.7006289799532,0.05365891654654842,0.20698070720158146
Sr2FeReO6,1.3455966042897765,1.4119107242484157,1.5707375596667583,0.06631411995863923,0.22514095537698187
Sr2FeIrO6,0.9933759897811313,1.060095179089084,1.2396816565954676,0.06671918930795273,0.2463056668143363
Sr2FeBiO6,0.7729248510380011,0.7931945890934986,0.9136716574116085,0.020269738055497477,0.14074680637360737
Sr2CoNiO6,0.7748472101462341,0.7825584928541311,0.8445821176281145,0.007711282707897005,0.06973490748188038
Sr2CoZrO6,0.8326395659346243,0.7894335347317102,0.769331252582087,-0.04320603120291411,-0.06330831335253728
Sr2CoNbO6,0.8509714349054401,0.8897440222212186,0.9821790762197472,0.038772587315778484,0.13120764131430707
Sr2CoMoO6,0.8376234708915623,0.8731129381405257,1.0210152476403054,0.0354894672489634,0.18339177674874307
Sr2CoRuO6,0.6777364284398276,0.6745246302207999,0.7547534207359674,-0.0032117982190277283,0.07701699229613979
Sr2CoRhO6,0.4448245129091521,0.4256723841760923,0.46575314392849826,-0.01915212873305977,0.020928631019346167
Sr2CoPdO6,0.4595777162733978,0.457863208239011,0.5152356048669917,-0.0017145080343867747,0.05565788859359394
Sr2CoHfO6,0.9895250144046189,0.9556006206138661,0.9584281665827348,-0.03392439379075285,-0.031096847821884155
Sr2CoWO6,1.2069772654896938,1.2866523069577327,1.5236337961387239,0.07967504146803894,0.3166565306490301
Sr2CoReO6,1.2718732195913593,1.286326753145257,1.4042248791419472,0.014453533553897557,0.1323516595505878
Sr2CoIrO6,1.4186465061069438,1.4253147391334104,1.5242973040761287,0.006668233026466686,0.10565079796918497
Sr2CoGeO6,1.0437536820488638,1.0770199511041951,1.2307286461484215,0.033266269055331366,0.18697496409955772
Sr2CoSnO6,1.1454337644611559,1.160732464928578,1.2733593550845652,0.0152987004674221,0.12792559062340936
Sr2CoSbO6,1.0834227016292703,1.1153602273950063,1.2623225978093788,0.03193752576573594,0.1788998961801085
Sr2CoBiO6,0.7421077265241363,0.7538260954287996,0.8770082559367741,0.011718368904663379,0.13490052941263786
Sr2NiZrO6,0.8761080213369606,0.8503292923478064,0.8580073020005362,-0.02577872898915423,-0.01810071933642443
Sr2NiNbO6,0.7057538732932205,0.7673101784367415,0.9211532870100849,0.06155630514352106,0.21539941371686444
Sr2NiMoO6,0.9599520261208104,1.0323372847458552,1.2591840629438489,0.07238525862504475,0.29923203682303845
Sr2NiRuO6,0.5203552689900494,0.5060452042152432,0.5515543972084995,-0.01431006477480612,0.031199128218450167
Sr2NiRhO6,0.2663131497839167,0.2719693624526124,0.3308548789784901,0.005656212668695704,0.0645417291945734
Sr2NiHfO6,1.0643736836494884,1.0542163960235194,1.110529736972535,-0.010157287625969014,0.04615605332304673
Sr2NiTaO6,1.0536227631306019,1.104069029328634,1.2718085640693049,0.05044626619803205,0.218185800938703
Sr2NiWO6,1.9166303604112107,2.0622167352885366,2.4448183932616496,0.14558637487732584,0.5281880328504389
Sr2NiReO6,1.5200029203476986,1.5499376226079005,1.6631397314878227,0.029934702260201895,0.1431368111401241
Sr2NiIrO6,0.7017600849715758,0.730525165835545,0.8890460465579632,0.028765080863969228,0.18728596158638733
Sr2NiGeO6,1.024915673684261,1.0465146648921515,1.2126571719204822,0.02159899120789044,0.1877414982362211
Sr2NiSnO6,1.2449714260472002,1.2607754629790067,1.41223265944888,0.01580403693180643,0.16726123340167987
Sr2NiSbO6,1.0159728600872657,1.0504821098877632,1.2265469801056934,0.03450924980049752,0.21057412001842768
Sr2NiBiO6,0.7364758314306818,0.7644893495897245,0.9200178227934627,0.028013518159042627,0.18354199136278082
Sr2CuNbO6,0.487028882074316,0.5169146330222174,0.6205654643983975,0.029885750947901413,0.13353658232408155
Sr2CuMoO6,0.38691130639160576,0.4150398464303638,0.53831926894286,0.028128540038758032,0.15140796255125422
Sr2CuRuO6,0.2772542920838471,0.26512935552173944,0.29357847436622314,-0.012124936562107669,0.016324182282376032
Sr2CuTaO6,0.718165710989159,0.7500136486053393,0.9412640331133806,0.03184793761618021,0.22309832212422154
Sr2CuWO6,0.6113931504394167,0.6344839240663583,0.7164258871605008,0.023090773626941674,0.10503273672108415
Sr2CuReO6,0.8463436154440337,0.8373842368036661,0.8974113307237999,-0.008959378640367555,0.05106771527976617
Sr2CuIrO6,0.23089486825097813,0.2217958689714835,0.32249144788191464,-0.009098999279494618,0.09159657963093651
Sr2CuSbO6,0.7041246117231549,0.6748077656389241,0.7359454007747223,-0.029316846084230797,0.03182078905156738
Sr2CuBiO6,0.663254903581118,0.6133280120651161,0.6478991679104447,-0.04992689151600194,-0.015355735670673387
Sr2CuTeO6,0.7212897899949522,0.6832025652083697,0.7207367895268019,-0.03808722478658244,-0.000553000468150322
Sr2ZnMoO6,1.8946911968266633,1.947910906001572,2.064218991243282,0.0532197091749087,0.1695277944166187
Sr2ZnRuO6,0.5030172362405959,0.5052403245576048,0.5378850995124609,0.0022230883170089033,0.034867863271864974
Sr2ZnWO6,2.9382301921840703,2.965086812296862,3.0619326172712333,0.026856620112791774,0.123702425087163
Sr2ZnReO6,1.5070363509501905,1.5308229300604979,1.585006358876973,0.02378657911030735,0.07797000792678244
Sr2ZnTeO6,1.9260439036711237,1.9187651122100022,1.979001147497202,-0.0072787914611214255,0.05295724382607836
Sr2YNbO6,3.080012513732976,3.1121094604757875,3.152505454353623,0.03209694674281138,0.0724929406206467
Sr2YMoO6,0.6122124818230128,0.6729039704211673,0.8106043725898722,0.06069148859815454,0.19839189076685937
Sr2YRuO6,0.5341258224844424,0.4958543681390493,0.4703785944064971,-0.038271454345393086,-0.0637472280779453
Sr2YTaO6,3.6480288380317605,3.6573043578378446,3.6764933933940425,0.009275519806084098,0.028464555362281985
Sr2YWO6,0.8164349257102587,0.9309118802283886,1.1932536905970945,0.11447695451812989,0.37681876488683586
Sr2YReO6,0.8753165096395916,0.903294813812261,0.9721330154414155,0.027978304172669333,0.09681650580182388
Sr2YIrO6,0.9122255909736999,0.9381236357785661,1.14633091849202,0.025898044804866127,0.23410532751832014
Sr2YSbO6,3.7757339286172567,3.782965568064533,3.8209053693728725,0.00723163944727645,0.045171440755615855
Sr2ZrNbO6,0.8709552433956317,0.9434628508255547,1.0920609809258341,0.07250760742992302,0.22110573753020246
Sr2ZrMoO6,0.6816846273749095,0.7577466831202617,0.9113894061009047,0.07606205574535219,0.22970477872599515
Sr2ZrRuO6,0.6657443643469206,0.6553530561316925,0.6873343383642262,-0.010391308215228157,0.021589974017305558
Sr2ZrRhO6,0.8501044896285701,0.8597745426472888,0.9475235391617894,0.009670053018718705,0.09741904953321934
Sr2ZrPdO6,1.2124845853018644,1.2105467851942422,1.2561935168563958,-0.001937800107622234,0.04370893155453137
Sr2ZrHfO6,3.9265799777496326,3.9219377516016243,3.8847555294795586,-0.004642226148008355,-0.04182444827007403
Sr2ZrTaO6,0.9431860883730812,1.0577188740439822,1.32260436636676,0.11453278567090108,0.3794182779936788
Sr2ZrWO6,0.6297308277399953,0.7525303624362769,1.046674563650393,0.12279953469628158,0.4169437359103976
Sr2ZrReO6,0.681785653566746,0.7221180178052826,0.83658335259962,0.04033236423853659,0.154797699032874
Sr2ZrIrO6,1.1540412842842906,1.1726382667493438,1.397827706715634,0.018596982465053147,0.2437864224313433
Sr2ZrGeO6,3.4812412771155006,3.506809899404463,3.5778977560742806,0.025568622288962395,0.09665647895878005
Sr2ZrSnO6,3.5324405519421496,3.543754124640529,3.5663927748648883,0.011313572698379293,0.033952222922738695
Sr2ZrSbO6,2.599134730544443,2.6395483926572725,2.721189997673768,0.040413662112829485,0.12205526712932491
Sr2ZrBiO6,2.3081895230240184,2.284381459460307,2.2795922373556867,-0.023808063563711457,-0.02859728566833164
Sr2ZrTeO6,2.448185718224715,2.479711392563509,2.5382536703636744,0.03152567433879394,0.09006795213895957
Sr2NbMoO6,0.5984720588869568,0.7421658920840296,1.072436171913659,0.14369383319707285,0.47396411302670227
Sr2NbRuO6,0.6508909478614943,0.7302660332565413,0.936466941412961,0.07937508539504701,0.2855759935514668
Sr2NbRhO6,0.6239195236369613,0.6718133467626008,0.7884916430510622,0.0478938231256395,0.16457211941410088
Sr2NbPdO6,0.555874061880988,0.5921187958769067,0.704908026140043,0.036244733995918765,0.14903396425905502
Sr2NbHfO6,0.9013423486716767,1.0076092931802523,1.255982430947959,0.10626694450857554,0.3546400822762823
Sr2NbTaO6,0.9836737769333466,1.1372231903959684,1.489832718642385,0.15354941346262185,0.5061589417090384
Sr2NbWO6,0.7948598280722495,1.0026958501071481,1.4868471712303721,0.2078360220348986,0.6919873431581226
Sr2NbReO6,0.7139082886926849,0.8406229158155004,1.1455769871783223,0.12671462712281556,0.4316686984856375
Sr2NbIrO6,1.1010312907706037,1.2092574448918691,1.4773571156973455,0.10822615412126546,0.3763258249267418
Sr2NbAlO6,2.5572343350912696,2.6064130552875637,2.6855766693852994,0.0491787201962941,0.12834233429402975
Sr2NbGaO6,3.1992776870866293,3.1461999116105552,3.0843110896041863,-0.05307777547607406,-0.11496659748244298
Sr2NbInO6,2.869332253596556,2.87664315762455,2.904873503581584,0.007310904027993725,0.03554124998502761
Sr2NbGeO6,1.8871806872071248,1.9357326316169217,2.03435057692089,0.04855194440979682,0.1471698897137652
Sr2NbSnO6,2.1776575221733587,2.1820133138110225,2.219733625211128,0.004355791637663753,0.04207610303776921
Sr2NbSbO6,2.0527552404060683,2.042996720176231,2.0951710317748273,-0.009758520229837142,0.04241579136875906
Sr2NbBiO6,2.849213541405812,2.7381669752012963,2.6285389509869046,-0.1110465662045157,-0.22067459041890736
Sr2NbTeO6,2.041778454117179,2.023869913305087,2.05028691517199,-0.01790854081209181,0.008508461054811178
Sr2MoRuO6,0.4957268983785452,0.5731799368514684,0.7579609532147401,0.07745303847292317,0.2622340548361949
Sr2MoRhO6,0.25835261662410014,0.3043492792051995,0.4511681148345364,0.04599666258109936,0.19281549821043625
Sr2MoPdO6,0.3033256665820057,0.33551461238652613,0.5035680228435283,0.03218894580452042,0.2002423562615226
Sr2MoHfO6,0.7712636582707548,0.8840819435968872,1.1535711726316165,0.11281828532613236,0.38230751436086163
Sr2MoTaO6,0.9332507688675146,1.112704604518333,1.5271632385537117,0.17945383565081852,0.5939124696861972
Sr2MoWO6,0.6260133217664923,0.83725711370014,1.3217273053402796,0.21124379193364773,0.6957139835737873
Sr2MoReO6,0.7116579632484993,0.8354849857978387,1.1918462278766655,0.12382702254933942,0.4801882646281662
Sr2MoIrO6,0.5990221520446225,0.7103197159601633,1.0314710648637648,0.1112975639155408,0.43244891281914233
Sr2MoAlO6,0.9235328987577992,1.0226811580992805,1.248304647141746,0.0991482593414813,0.32477174838394685
Sr2MoGaO6,1.4996814492857717,1.5210598614126614,1.5790180166594667,0.021378412126889623,0.07933656737369499
Sr2MoInO6,1.3481817984027054,1.38179077440116,1.4677947941756901,0.03360897599845458,0.11961299577298479
Sr2MoGeO6,0.6778724011971878,0.7262134840432837,0.8744899316722939,0.04834108284609584,0.1966175304751061
Sr2MoSnO6,1.2793190448284522,1.2961147640329655,1.3890245953957177,0.016795719204513393,0.1097055505672655
Sr2MoSbO6,1.0571932118974656,1.0486999745468724,1.1252271245926002,-0.008493237350593263,0.06803391269513459
Sr2MoBiO6,1.2691088904837151,1.233523529838621,1.2390676309586435,-0.03558536064509421,-0.03004125952507164
Sr2MoTeO6,0.9966758666516395,1.0008914008602505,1.0723249213409571,0.004215534208610983,0.0756490546893176
Sr2RuRhO6,0.4444856981341704,0.43602800880857284,0.5230972827222465,-0.00845768932559754,0.07861158458807616
Sr2RuPdO6,0.36556903452304906,0.3494812022855232,0.3846900206864102,-0.016087832237525856,0.01912098616336111
Sr2RuHfO6,0.8809867003939401,0.8926794621556834,0.9390941297316339,0.011692761761743276,0.05810742933769375
Sr2RuTaO6,0.9413017931681251,1.0297649994742,1.2872516703872927,0.08846320630607485,0.3459498772191676
Sr2RuWO6,0.846361848312647,0.9520143835697722,1.2148340781894342,0.10565253525712515,0.3684722298767872
Sr2RuReO6,0.8268944606610198,0.8356185735167185,0.9166689251544626,0.00872411285569874,0.08977446449344284
Sr2RuIrO6,0.742849422921539,0.7786041786074231,0.95943121278381,0.035754755685884154,0.21658178986227106
Sr2RuAlO6,0.688528652141455,0.7367202358247736,0.8611008526669369,0.04819158368331866,0.17257220052548194
Sr2RuGaO6,0.5066897699419409,0.4957983591544039,0.5222897493669876,-0.010891410787537026,0.01559997942504665
Sr2RuInO6,0.46645758578247587,0.4619403714387599,0.5074568770449254,-0.004517214343715992,0.0409992912624495
Sr2RuGeO6,0.37421044168066586,0.38994086924979615,0.46993978522403457,0.01573042756913029,0.0957293435433687
Sr2RuSnO6,0.4852403001684187,0.47398831323777707,0.5166398614584956,-0.011251986930641611,0.03139956129007693
Sr2RuSbO6,0.46400298651555544,0.44664044498784744,0.49883295007034195,-0.017362541527707998,0.034829963554786514
Sr2RuBiO6,0.3533516561175135,0.3140133909751049,0.3408240345216949,-0.039338265142408624,-0.012527621595818605
Sr2RuTeO6,0.5527554385874033,0.5329070629207846,0.583777189912937,-0.01984837566661868,0.031021751325533753
Sr2RhPdO6,0.23621891653539812,0.21843211071853777,0.25143072897552077,-0.017786805816860346,0.015211812440122652
Sr2RhHfO6,1.0850806690805042,1.0994164972929406,1.2544358067490589,0.014335828212436397,0.1693551376685547
Sr2RhTaO6,1.077773045005991,1.1859657811033633,1.4345275924913967,0.10819273609737223,0.3567545474854057
Sr2RhWO6,0.5936006588640651,0.7063858874851543,1.0102553328790054,0.1127852286210892,0.4166546740149403
Sr2RhReO6,0.7779918589414127,0.8222869539689309,1.0883278862529773,0.04429509502751827,0.3103360273115646
Sr2RhIrO6,0.300875049679494,0.30875435747544355,0.4166949858396441,0.00787930779594953,0.11581993616015007
Sr2RhGeO6,0.6058198051720024,0.6166281120156313,0.7080065113166281,0.010808306843628879,0.10218670614462566
Sr2RhSnO6,0.6895741282295116,0.6699030421065073,0.7183146424079299,-0.019671086123004278,0.028740514178418275
Sr2RhSbO6,0.5791646458388277,0.5554960474454111,0.6203623344296368,-0.023668598393416507,0.04119768859080919
Sr2RhBiO6,0.5156097140909323,0.4805762115261632,0.5103688466054435,-0.03503350256476906,-0.005240867485488798
Sr2RhTeO6,0.554988950461206,0.542144984308732,0.5930425619304843,-0.012843966152473962,0.038053611469278326
Sr2PdHfO6,1.323669891013753,1.3203998616816361,1.4212869101841241,-0.0032700293321168417,0.09761701917037113
Sr2PdTaO6,0.3744441535813117,0.43095954381277973,0.6609642020668315,0.05651539023146801,0.28652004848551976
Sr2PdWO6,0.3783785633496483,0.48072198413623146,0.803987570078427,0.10234342078658315,0.4256090067287787
Sr2PdReO6,0.45044283613969793,0.49061225218139026,0.7108161257331413,0.04016941604169233,0.2603732895934434
Sr2PdIrO6,0.20801344436030036,0.2131818011076921,0.30469772712666987,0.005168356747391745,0.0966842827663695
Sr2PdGeO6,0.7390303813259121,0.743710579600563,0.8311762968577444,0.004680198274650826,0.09214591553183227
Sr2PdSnO6,0.8820109185919284,0.8636963963723785,0.92716937395242,-0.018314522219549878,0.04515845536049168
Sr2HfTaO6,0.9240091007427962,1.0271853408151181,1.3477259282708594,0.10317624007232196,0.42371682752806317
Sr2HfWO6,0.7995676074911052,0.9194692804990653,1.2585753338394452,0.11990167300796006,0.45900772634834
Sr2HfReO6,0.7948088622654884,0.8352123335161186,0.9751189821594922,0.04040347125063015,0.1803101198940038
Sr2HfIrO6,1.3043097482972472,1.3567605849820887,1.6384314417583254,0.05245083668484152,0.33412169346107823
Sr2HfGeO6,3.7082401400741647,3.7091306901049523,3.7516361725221397,0.0008905500307876402,0.043396032447974964
Sr2HfSnO6,3.7678633774368873,3.741999699781585,3.711454622048932,-0.025863677655302286,-0.05640875538795509
Sr2HfTeO6,2.8780356905602287,2.870928911353765,2.8671833149407098,-0.0071067792064636315,-0.010852375619518906
Sr2TaWO6,0.8562505207704575,1.0471738922249618,1.5635333840047745,0.19092337145450433,0.707282863234317
Sr2TaReO6,0.6469130276975343,0.7879781865227988,1.1682140057315913,0.1410651588252645,0.521300978034057
Sr2TaIrO6,1.2154964081992785,1.3133969971432449,1.6353157066718722,0.09790058894396636,0.4198192984725937
Sr2TaAlO6,3.3130541204078012,3.3450798900384235,3.3607119359703304,0.032025769630622314,0.04765781556252913
Sr2TaGaO6,3.59675667138794,3.5508641098644182,3.3648520515430467,-0.045892561523521724,-0.2319046198448933
Sr2TaInO6,3.1877834964861758,3.1877646871813368,3.0907602576306425,-1.88093048389959e-05,-0.09702323885553321
Sr2TaGeO6,2.440856886130236,2.4697614512672694,2.525188092141941,0.028904565137033433,0.08433120601170518
Sr2TaSnO6,2.760840501324651,2.7522029706379305,2.6733163694927016,-0.008637530686720574,-0.08752413183194951
Sr2TaSbO6,2.7583416007562134,2.732353067887967,2.648287571902011,-0.025988532868246317,-0.11005402885420246
Sr2TaBiO6,3.0575155805459713,2.9394736357043327,2.741374130964316,-0.11804194484163855,-0.31614144958165546
Sr2TaTeO6,2.4846916500708036,2.452671159207382,2.378888119739478,-0.032020490863421625,-0.10580353033132583
Sr2WReO6,0.8301024021846006,0.9747250723868837,1.402095047125574,0.14462267020228303,0.5719926449409733
Sr2WIrO6,0.7407052941019985,0.8764051643423598,1.2351349626859778,0.13569987024036134,0.4944296685839793
Sr2WAlO6,1.7598154972916256,1.8276503816220342,1.9947518340119095,0.06783488433040863,0.2349363367202839
Sr2WGaO6,2.2375158111747044,2.2459481725328625,2.268793081721126,0.008432361358158058,0.03127727054642149
Sr2WInO6,2.231328535499163,2.2403253414176874,2.267853814514156,0.008996805918524142,0.036525279014992584
Sr2WGeO6,1.438752371561421,1.491258421345378,1.630006244062514,0.0525060497839569,0.19125387250109305
Sr2WSnO6,2.1220113454843084,2.135122642310872,2.166547669730908,0.013111296826563645,0.0445363242465997
Sr2WSbO6,1.548142612810719,1.5667358174291353,1.6173252420741404,0.018593204618416292,0.06918262926342145
Sr2WBiO6,1.9474702367053105,1.9125671973807548,1.8646473499025895,-0.03490303932455574,-0.08282288680272099
Sr2WTeO6,1.1350404454935161,1.1587047624514468,1.1953769003258488,0.023664316957930698,0.06033645483233263
Sr2ReIrO6,0.6827835127551934,0.7814227409623775,1.1148514931180153,0.09863922820718407,0.4320679803628219
Sr2ReAlO6,1.1019659458590219,1.1802373900347838,1.3462287437109197,0.07827144417576193,0.24426279785189786
Sr2ReGaO6,1.4881791487368285,1.4618290243156686,1.4445129528744658,-0.026350124421159915,-0.043666195862362756
Sr2ReInO6,1.3272967178447928,1.3363764602720045,1.3637111799148218,0.009079742427211768,0.036414462070029074
Sr2ReGeO6,0.6734128551926325,0.7182685298224885,0.8717406975657216,0.04485567462985596,0.1983278423730891
Sr2ReSnO6,0.5643311992436749,0.5763144000109183,0.6430927496023241,0.011983200767243352,0.07876155035864918
Sr2ReSbO6,0.5717920497305757,0.6106791761661842,0.7329550793075016,0.03888712643560843,0.16116302957692585
Sr2ReBiO6,0.7320178383988648,0.7288644825296122,0.7715571973070764,-0.003153355869252583,0.039539358908211586
Sr2ReTeO6,0.6763034326364067,0.703647187706964,0.7930579374684136,0.027343755070557307,0.11675450483200689
Sr2IrAlO6,1.1098793953589365,1.175639095424686,1.3591083551333805,0.0657597000657495,0.24922895977444393
Sr2IrGaO6,0.7019505153846869,0.7041630655868691,0.8028516242829032,0.0022125502021822507,0.10090110889821635
Sr2IrInO6,0.6006523977261047,0.6296562771322916,0.774574693324607,0.029003879406186872,0.17392229559850236
Sr2IrGeO6,0.653988886850396,0.7076701435340392,0.8620533159203287,0.05368125668364321,0.20806442906993272
Sr2IrSnO6,0.7367036536585224,0.7655407278935241,0.8997106136864887,0.028837074235001703,0.16300696002796633
Sr2IrSbO6,0.7424343817654476,0.7867517789264528,0.9237882008250786,0.044317397161005134,0.181353819059631
Sr2IrBiO6,0.6102165153436024,0.6320115763628711,0.7489592140871341,0.021795061019268647,0.13874269874353162
Sr2IrTeO6,0.8365382041123842,0.8681868532812963,0.9817294868037976,0.03164864916891208,0.14519128269141335
Sr2AlSbO6,2.54971556433556,2.593910199780465,2.710059494037146,0.044194635444905206,0.16034392970158606
Sr2AlBiO6,1.9305459526652853,1.9483828805168546,2.010832008383945,0.017836927851569317,0.08028605571865954
Sr2GaBiO6,1.3259404536251151,1.3261680340063098,1.368688329315164,0.00022758038119463642,0.04274787569004879
Sr2GaTeO6,1.8158606761770197,1.838648900729438,1.9296767166056241,0.022788224552418246,0.11381604042860438
Sr2InBiO6,1.1122822687536136,1.0995704895653962,1.1152401373879357,-0.01271177918821742,0.002957868634322125
Sr2InTeO6,1.6292537315219298,1.6338412218194636,1.703236700947899,0.004587490297533803,0.07398296942596927
Sr2GeSnO6,2.0960134162912007,2.1378830729489637,2.2782096871512345,0.04186965665776299,0.18219627086003376
Sr2GeSbO6,1.8517941393213622,1.9060566475854637,2.067266133241057,0.054262508264101506,0.21547199391969474
Sr2GeBiO6,1.4361784115998941,1.4825496207953075,1.6209198757342285,0.046371209195413376,0.18474146413433434
Sr2GeTeO6,1.8789025415269436,1.9252219214411044,2.065943526260219,0.046319379914160796,0.18704098473327524
Sr2SnSbO6,1.6204031291315077,1.6413856326613236,1.7470084996886952,0.0209825035298159,0.12660537055718746
Sr2SnBiO6,0.9461313647420997,0.967572106296129,1.0408610943005967,0.021440741554029308,0.09472972955849701
Sr2SnTeO6,1.4217750061497874,1.432384546900089,1.5174959125530298,0.010609540750301738,0.09572090640324249
Sr2SbBiO6,1.5301068153372022,1.54370245796459,1.6342583327786326,0.013595642627387772,0.10415151744143047
Sr2BiTeO6,1.2219630055685282,1.2561804212576737,1.338962088333309,0.03421741568914549,0.11699908276478088
