band_gap,src
0.8349999999999995,OQMD
1.151,OQMD
0.577,OQMD
1.9249999999999998,OQMD
0.641,OQMD
1.7870000000000004,OQMD
1.9299999999999997,OQMD
4.01,OQMD
0.48349999999999904,MP
0.8240000000000001,OQMD
0.29150000000000004,MP
0.5899999999999999,OQMD
0.43299999999999983,OQMD
1.5570000000000004,OQMD
1.447,OQMD
0.4079999999999995,OQMD
1.963,OQMD
0.8529999999999998,OQMD
0.3230000000000004,OQMD
2.1260000000000003,OQMD
0.7999999999999998,OQMD
1.883,OQMD
0.9239999999999999,OQMD
2.074,OQMD
2.482,OQMD
0.35800000000000054,OQMD
2.5139999999999993,OQMD
0.6250000000000004,OQMD
0.3460000000000001,OQMD
1.3039999999999994,OQMD
2.2119999999999997,OQMD
1.0110000000000001,OQMD
0.117,JARVIS
2.855,OQMD
2.034,OQMD
3.4640000000000004,OQMD
2.981,OQMD
1.7804,MP
1.2469999999999999,OQMD
4.225999999999999,OQMD
0.732,OQMD
3.463899999999999,MP
0.8679999999999994,OQMD
0.5699999999999994,OQMD
1.2647,MP
1.2640000000000002,OQMD
3.8939999999999997,OQMD
2.4169999999999994,OQMD
3.5377,MP
3.2524,MP
2.7910000000000004,OQMD
1.4189999999999996,OQMD
2.2550000000000003,OQMD
0.3548,MP
1.9659999999999997,OQMD
1.0270000000000001,OQMD
1.189,OQMD
1.1400000000000001,OQMD
2.3149999999999995,OQMD
0.196299999999999,MP
1.9009999999999998,OQMD
0.757,OQMD
2.6519,MP
2.6540000000000004,OQMD
0.899,OQMD
1.4928,MP
1.6680000000000001,OQMD
1.5669999999999993,OQMD
1.2689999999999997,OQMD
1.072,OQMD
0.531,OQMD
2.438,OQMD
1.6419999999999995,OQMD
1.8772000000000002,MP
1.46,OQMD
0.187899999999999,MP
2.556,OQMD
2.063,JARVIS
1.5991,MP
1.3950000000000005,OQMD
1.9820000000000002,OQMD
3.1239999999999997,OQMD
0.5080000000000005,OQMD
0.42100000000000026,OQMD
0.32200000000000006,OQMD
0.6200000000000001,OQMD
1.8719999999999999,OQMD
2.244,OQMD
1.7440000000000002,OQMD
0.859,OQMD
1.7409999999999997,OQMD
2.135,OQMD
3.887,OQMD
2.0729,MP
2.433,OQMD
1.9880000000000004,OQMD
0.7320000000000002,OQMD
0.513,OQMD
4.367,MP
1.29,OQMD
2.187,OQMD
2.9540000000000006,OQMD
0.526999999999999,MP
3.7460000000000004,OQMD
3.0987,MP
3.122,OQMD
0.77,OQMD
2.256,OQMD
1.8560000000000003,OQMD
2.185,OQMD
3.273,OQMD
3.906,OQMD
2.9627,MP
4.1770000000000005,OQMD
3.186,OQMD
0.359,OQMD
2.2470000000000008,OQMD
1.3770000000000002,OQMD
0.5566999999999991,MP
3.447,OQMD
2.6054,MP
1.017,MP
1.4249999999999998,OQMD
1.263,OQMD
0.39999999999999947,OQMD
3.2370000000000005,OQMD
1.6399999999999997,OQMD
0.37600000000000033,OQMD
0.34199999999999964,OQMD
2.3440000000000003,OQMD
1.2400000000000002,OQMD
1.8100000000000005,OQMD
3.6529999999999996,OQMD
1.101,OQMD
1.9820000000000002,OQMD
1.3920000000000003,OQMD
0.3440000000000003,OQMD
2.144,OQMD
2.231,OQMD
0.20800000000000002,MP
1.867,OQMD
1.2030000000000003,OQMD
1.8119999999999994,OQMD
2.263,OQMD
0.796,OQMD
2.141,OQMD
0.8889,MP
0.39199999999999946,OQMD
2.945,OQMD
1.5562,MP
0.5940000000000012,OQMD
3.133,OQMD
1.3069999999999995,OQMD
3.2189999999999994,OQMD
0.7109999999999994,OQMD
4.3759999999999994,MP
2.7526,AFLOW
0.858,OQMD
1.5189999999999997,OQMD
3.0180000000000002,OQMD
0.19029999999999903,MP
1.4299999999999997,OQMD
3.631,OQMD
1.16,OQMD
1.904,OQMD
3.2950000000000004,OQMD
0.347,OQMD
2.4120000000000004,OQMD
3.854,OQMD
0.415,OQMD
1.678,OQMD
2.5149999999999997,OQMD
1.409,OQMD
2.404,OQMD
2.47,OQMD
2.843,OQMD
3.7082,MP
1.531,OQMD
1.5619999999999998,OQMD
1.7949999999999995,OQMD
2.406,OQMD
1.138,OQMD
0.5979999999999999,OQMD
3.732,OQMD
1.241,OQMD
1.6102999999999992,MP
2.6290000000000004,OQMD
2.074,OQMD
1.549,OQMD
2.55,OQMD
2.293,OQMD
1.7309999999999999,OQMD
2.1259999999999994,OQMD
3.0920000000000005,OQMD
3.166,OQMD
0.0994,MP
1.206,OQMD
0.313,OQMD
0.6249999999999996,OQMD
1.085,OQMD
3.3837,MP
1.7659999999999996,OQMD
0.761,OQMD
1.6749999999999998,OQMD
0.7119999999999997,OQMD
2.2049999999999996,OQMD
2.312,OQMD
1.2269999999999999,OQMD
2.398,OQMD
1.7950000000000004,OQMD
0.1436,MP
1.804799999999999,MP
3.3486000000000002,MP
2.1250000000000004,OQMD
2.172,OQMD
3.211,OQMD
2.002,OQMD
0.704,OQMD
4.234999999999999,OQMD
0.308,OQMD
1.1880000000000002,OQMD
2.0189999999999997,OQMD
2.269,MP
1.0605,MP
1.1639999999999997,OQMD
1.1950000000000003,OQMD
0.7477,MP
2.908,OQMD
1.0898,MP
1.5639999999999996,OQMD
0.35499999999999954,OQMD
2.5100000000000002,OQMD
1.261,OQMD
1.045,OQMD
1.5760000000000005,OQMD
0.902,JARVIS
2.9350000000000005,OQMD
1.281,OQMD
0.7400000000000002,OQMD
2.2099999999999995,OQMD
2.786,OQMD
0.8070000000000004,OQMD
1.1920000000000002,OQMD
0.6159999999999997,OQMD
0.536,OQMD
0.6369999999999996,OQMD
2.2750000000000004,OQMD
0.317,OQMD
0.873,OQMD
1.286,OQMD
1.1909999999999998,OQMD
2.837999999999999,OQMD
1.4889999999999994,OQMD
1.758,OQMD
2.122,OQMD
1.8199999999999998,OQMD
1.88,OQMD
1.523,OQMD
4.0553,MP
0.7450000000000001,OQMD
2.4109999999999996,OQMD
1.044,OQMD
3.4060000000000006,OQMD
0.1912,MP
1.2350000000000003,OQMD
2.183,OQMD
3.9810000000000003,OQMD
0.32399999999999984,OQMD
2.225,OQMD
3.401,OQMD
1.0579999999999998,OQMD
1.8370000000000002,OQMD
1.181,OQMD
0.1945,AFLOW
1.1440000000000001,OQMD
1.8689999999999998,OQMD
4.1286,MP
2.6343,MP
0.4363,MP
0.5380000000000003,OQMD
1.2239999999999993,OQMD
1.7720000000000002,OQMD
1.8719999999999999,OQMD
0.3540000000000001,OQMD
3.088,OQMD
3.3630000000000004,OQMD
0.8130000000000002,OQMD
1.8040000000000003,OQMD
2.48,OQMD
2.2030000000000003,OQMD
2.3680000000000003,OQMD
1.489,OQMD
1.1139999999999999,OQMD
2.877,OQMD
1.3790000000000004,OQMD
0.354,OQMD
2.0740000000000003,OQMD
1.188,OQMD
3.097899999999999,MP
0.8300000000000001,OQMD
4.160000000000001,OQMD
1.234,OQMD
0.430000000000001,OQMD
0.8300000000000001,OQMD
2.571,OQMD
4.107,OQMD
1.7879999999999998,OQMD
1.8689999999999998,OQMD
3.1180000000000003,OQMD
3.3890000000000002,OQMD
3.178,OQMD
0.9470000000000001,OQMD
0.8240000000000003,OQMD
0.9189999999999996,OQMD
0.9918000000000001,MP
2.7092,MP
2.136,OQMD
1.848,OQMD
1.908,OQMD
2.412,OQMD
0.895,OQMD
1.646,MP
4.129,OQMD
1.4190000000000005,OQMD
2.048,JARVIS
3.4770000000000003,OQMD
3.0760000000000005,OQMD
0.24800000000000022,OQMD
2.5999999999999996,OQMD
0.827,OQMD
4.168,OQMD
2.1100000000000003,OQMD
1.9549999999999996,OQMD
3.1130000000000004,OQMD
1.7879999999999998,OQMD
1.0279999999999996,OQMD
2.3970000000000002,OQMD
1.6420000000000003,OQMD
0.8349999999999995,OQMD
0.2469999999999999,OQMD
2.705,OQMD
0.316,OQMD
1.452,OQMD
0.41800000000000015,OQMD
0.32099999999999973,OQMD
3.0145,MP
3.197,OQMD
4.397,MP
0.7979999999999996,OQMD
2.07,OQMD
2.094,OQMD
2.0039999999999996,OQMD
2.6839999999999997,OQMD
2.215,OQMD
1.6650000000000005,OQMD
1.0059999999999998,OQMD
2.422,OQMD
1.4479999999999995,OQMD
0.391,OQMD
2.446,OQMD
0.402,OQMD
0.5770000000000004,OQMD
1.3630000000000004,OQMD
1.3869999999999996,OQMD
0.6219999999999999,OQMD
1.002,OQMD
0.399999999999999,OQMD
0.21300000000000008,OQMD
1.6899999999999995,OQMD
1.8970000000000002,OQMD
2.412,JARVIS
2.472,OQMD
1.999,OQMD
4.37,OQMD
3.038,OQMD
1.6059999999999999,OQMD
0.49640000000000006,MP
0.8140000000000001,OQMD
1.8190000000000004,OQMD
0.6149999999999998,OQMD
3.943,OQMD
0.5720000000000001,OQMD
1.9569999999999999,OQMD
3.522,OQMD
0.748,OQMD
1.0139999999999998,OQMD
1.3720000000000003,OQMD
2.391,OQMD
0.4889999999999999,OQMD
1.903,OQMD
2.146,OQMD
1.649,OQMD
1.5359999999999996,OQMD
3.207,OQMD
0.7719999999999994,OQMD
3.0120000000000005,OQMD
2.2980000000000005,OQMD
2.394,OQMD
1.8199999999999998,OQMD
1.225,OQMD
0.44430000000000003,MP
0.731,OQMD
0.508,OQMD
1.375,OQMD
1.6070000000000002,OQMD
0.748,OQMD
0.5039999999999996,OQMD
2.0829999999999997,OQMD
1.1790000000000003,OQMD
0.3720000000000008,OQMD
2.6853,MP
1.4380000000000002,OQMD
0.9280000000000004,OQMD
3.9148,MP
4.226999999999999,OQMD
0.8360000000000003,OQMD
1.9619999999999997,OQMD
0.124,JARVIS
0.6099999999999999,OQMD
0.4710000000000001,OQMD
3.657,OQMD
3.4848,MP
1.2479999999999998,OQMD
3.057,OQMD
3.42,OQMD
0.7000000000000002,OQMD
2.434299999999999,MP
2.077,OQMD
2.288,OQMD
1.505,OQMD
3.0602,MP
1.019,OQMD
1.6019999999999994,OQMD
0.6150000000000002,OQMD
1.2650000000000001,OQMD
1.665,OQMD
4.361,OQMD
1.5070000000000006,OQMD
1.936,OQMD
0.944,OQMD
3.0669999999999993,OQMD
2.6464,MP
2.561,OQMD
1.2509999999999994,OQMD
1.7977999999999992,MP
1.7531999999999992,MP
1.0740000000000003,OQMD
0.835,OQMD
1.2200000000000002,OQMD
1.1440000000000001,OQMD
2.9360000000000004,OQMD
1.28,OQMD
2.0890000000000004,OQMD
2.84,OQMD
2.806,OQMD
3.847,OQMD
2.5500000000000003,OQMD
2.4200000000000004,OQMD
1.408,OQMD
2.5470000000000006,OQMD
4.7024,MP
1.254,OQMD
3.826,OQMD
2.4339999999999997,OQMD
2.9140000000000006,OQMD
0.5420000000000007,OQMD
2.142,OQMD
2.857,OQMD
1.9520000000000004,OQMD
1.9110000000000005,OQMD
0.388,OQMD
2.6699,MP
3.069,JARVIS
0.6339999999999999,OQMD
3.702,OQMD
1.521,OQMD
1.423,OQMD
2.3839999999999995,OQMD
0.8350000000000004,OQMD
2.3930000000000002,OQMD
1.6350000000000002,OQMD
0.32399999999999984,OQMD
0.318,OQMD
1.7919999999999998,OQMD
2.133,OQMD
1.9,OQMD
2.749,OQMD
3.1999999999999993,OQMD
1.6440000000000001,OQMD
2.064,OQMD
2.9629000000000003,MP
0.373,OQMD
1.1849999999999996,OQMD
1.6369999999999996,OQMD
1.2060000000000004,OQMD
1.3120000000000003,OQMD
1.5590000000000002,OQMD
0.4170000000000007,OQMD
1.8650000000000002,OQMD
1.7149999999999999,OQMD
2.208,OQMD
1.254,OQMD
0.5180000000000007,OQMD
1.084,OQMD
1.0309999999999997,OQMD
2.814,OQMD
3.6140000000000003,OQMD
3.4370000000000003,OQMD
2.315,OQMD
0.512,OQMD
2.0949999999999998,OQMD
0.374,OQMD
2.3110000000000004,OQMD
1.9502000000000002,MP
0.5029999999999997,OQMD
0.3879999999999999,OQMD
1.445,OQMD
0.723,OQMD
0.45929999999999904,MP
2.392,OQMD
0.303799999999999,MP
2.6999999999999997,OQMD
1.6729999999999996,OQMD
4.315,OQMD
2.045,OQMD
2.345,OQMD
1.0583,MP
0.917,OQMD
3.0970000000000004,OQMD
0.13159999999999902,MP
0.827,OQMD
1.2960000000000003,OQMD
0.852,OQMD
0.8310000000000004,OQMD
2.5,OQMD
2.71,OQMD
3.4451,MP
2.27,OQMD
1.5150000000000006,OQMD
1.2644,MP
0.738,OQMD
1.9450000000000003,OQMD
2.467,OQMD
4.148,OQMD
1.492,OQMD
0.747,OQMD
0.5299999999999998,OQMD
2.3909999999999996,OQMD
2.5610000000000004,OQMD
1.4929999999999999,OQMD
1.9545000000000001,MP
2.0800000000000005,OQMD
3.26,OQMD
1.186,MP
1.7919999999999998,OQMD
2.127,OQMD
0.5510000000000002,OQMD
1.9480000000000004,OQMD
2.9976000000000003,MP
1.251,OQMD
0.3069999999999995,OQMD
2.8516,MP
0.30500000000000016,OQMD
3.055,OQMD
0.8319999999999999,OQMD
1.8010000000000002,OQMD
1.625,OQMD
3.0389999999999997,OQMD
2.6749999999999994,OQMD
0.8799999999999999,OQMD
3.8048,MP
3.2030000000000003,OQMD
2.3970000000000002,OQMD
0.37399999999999967,OQMD
3.4941,MP
0.8159999999999998,OQMD
1.5224,MP
1.8920000000000003,OQMD
2.214,OQMD
0.9939999999999998,OQMD
4.1576,MP
1.2350000000000003,OQMD
0.8940000000000001,OQMD
0.774,OQMD
0.844,OQMD
2.1369999999999996,OQMD
2.94,OQMD
2.0759999999999996,OQMD
2.251,MP
3.627,OQMD
0.5279999999999996,OQMD
1.9239999999999995,OQMD
1.569,OQMD
3.0097,MP
2.2680000000000007,OQMD
0.5,OQMD
3.374,OQMD
0.38579999999999903,MP
2.262,OQMD
0.8320000000000007,OQMD
1.8339999999999996,OQMD
3.2649999999999997,OQMD
3.2169999999999996,OQMD
4.559,OQMD
3.04,OQMD
0.9170000000000007,OQMD
2.121,OQMD
2.264,OQMD
1.5370000000000004,OQMD
2.3669999999999995,OQMD
0.508,OQMD
0.82,OQMD
2.7929999999999997,OQMD
3.448,OQMD
1.346,OQMD
1.673,OQMD
2.051,OQMD
2.9688,MP
3.491999999999999,MP
1.6560000000000001,MP
1.3969999999999998,OQMD
1.9109999999999996,OQMD
2.248,OQMD
2.981499999999999,MP
0.9609999999999999,OQMD
1.4000000000000004,OQMD
2.903,OQMD
0.14670000000000002,MP
1.2550000000000003,OQMD
2.8689999999999998,OQMD
1.8710000000000004,OQMD
0.8239999999999998,OQMD
2.736,OQMD
2.2190000000000003,OQMD
0.20400000000000018,OQMD
0.198499999999999,MP
1.315,OQMD
1.7009999999999996,OQMD
1.072,OQMD
0.6840000000000002,OQMD
0.371,OQMD
2.365199999999999,MP
1.6739999999999995,OQMD
1.1180000000000003,OQMD
1.4060000000000001,OQMD
2.2359999999999998,OQMD
0.6219999999999999,OQMD
0.6300000000000003,OQMD
3.253,JARVIS
0.918,OQMD
2.851,OQMD
1.428,OQMD
1.826,OQMD
1.4020000000000001,OQMD
0.244,OQMD
0.5069999999999997,OQMD
2.8142,MP
0.9180000000000001,OQMD
2.7190000000000003,OQMD
2.8080000000000007,OQMD
1.9020000000000001,OQMD
1.258,OQMD
2.335,OQMD
1.6790000000000003,OQMD
2.4029999999999996,OQMD
2.012,OQMD
0.43769999999999903,MP
2.292,OQMD
3.3070000000000004,OQMD
0.07160000000000001,MP
1.782,OQMD
3.0109999999999992,OQMD
2.1000000000000005,OQMD
3.734,OQMD
2.851,OQMD
1.923,OQMD
0.5659999999999998,OQMD
3.7321,MP
4.133,OQMD
2.0397,MP
0.6859999999999999,OQMD
0.43400000000000016,OQMD
0.4370000000000003,OQMD
3.1120000000000005,OQMD
1.242,OQMD
2.298,OQMD
2.258,OQMD
2.3390000000000004,OQMD
3.4446,MP
1.8080000000000003,OQMD
2.2130000000000005,OQMD
1.5885,MP
1.1589999999999998,OQMD
0.5049999999999999,OQMD
1.259,OQMD
1.1579999999999995,OQMD
0.7410000000000005,OQMD
1.1193,MP
3.058,OQMD
1.1336,MP
2.2700000000000005,OQMD
1.7960000000000003,OQMD
1.7799999999999998,OQMD
2.3699999999999997,OQMD
2.509,OQMD
3.1090000000000004,OQMD
1.92,OQMD
0.476,OQMD
0.9089999999999998,OQMD
0.7429999999999999,OQMD
1.803,OQMD
1.5860000000000003,OQMD
0.6579999999999999,OQMD
1.112,OQMD
3.2470000000000003,OQMD
1.372,OQMD
2.8081,MP
0.4119999999999999,OQMD
0.6280000000000001,OQMD
0.6299999999999994,OQMD
3.8790000000000004,OQMD
2.328,OQMD
2.4530000000000003,OQMD
3.239,OQMD
1.8969999999999998,OQMD
1.6799999999999997,OQMD
3.6031500000000003,AFLOW
1.644,OQMD
2.01,OQMD
3.2335,MP
2.295,OQMD
2.181,OQMD
3.3409,MP
1.819,OQMD
0.5410000000000004,OQMD
2.4664,MP
1.9800000000000004,OQMD
2.5489999999999995,OQMD
1.701,OQMD
2.371,OQMD
1.317599999999999,MP
4.114000000000001,OQMD
3.090699999999999,MP
0.852,OQMD
0.06820000000000001,MP
1.2649999999999997,OQMD
0.5260000000000002,OQMD
0.6280000000000001,OQMD
0.617,OQMD
0.9630000000000001,OQMD
1.488,OQMD
2.6040000000000005,OQMD
1.0309999999999997,OQMD
1.1150000000000002,OQMD
3.86,OQMD
1.033,MP
2.693,OQMD
1.251,OQMD
3.271,OQMD
2.0089999999999995,OQMD
3.0601,MP
1.7704,MP
0.32099999999999973,OQMD
0.627,OQMD
2.3989999999999996,OQMD
0.8740000000000001,OQMD
0.4710000000000001,OQMD
3.0173,MP
2.493,OQMD
4.128,OQMD
2.469,OQMD
3.0379999999999994,OQMD
1.988,OQMD
2.6260000000000003,OQMD
0.432,OQMD
2.065,OQMD
0.6619999999999999,OQMD
3.2929999999999997,OQMD
0.33599999999999985,OQMD
2.3761,MP
2.2019999999999995,OQMD
1.1479999999999997,OQMD
1.1059999999999999,OQMD
0.8920000000000003,OQMD
0.33,OQMD
1.0750000000000002,OQMD
0.6150000000000002,OQMD
0.42689999999999906,MP
0.49299999999999944,OQMD
1.45,OQMD
1.244,OQMD
2.1260000000000003,OQMD
4.019,OQMD
0.4029999999999996,OQMD
2.0960000000000005,OQMD
2.093,OQMD
0.42799999999999905,MP
4.507,OQMD
0.33599999999999985,OQMD
0.41800000000000015,OQMD
0.511,OQMD
0.657,OQMD
0.605,OQMD
0.6230000000000002,OQMD
0.641,OQMD
1.637,OQMD
1.193,OQMD
1.0350000000000001,OQMD
0.7970000000000006,OQMD
0.9940000000000002,OQMD
1.8503,MP
3.3339999999999996,OQMD
1.0700000000000003,OQMD
2.8426,MP
3.282,OQMD
1.5489999999999995,OQMD
2.308,OQMD
3.6902,MP
1.2320000000000002,OQMD
2.817000000000001,OQMD
0.623,OQMD
1.271,OQMD
2.336999999999999,MP
1.9759999999999995,OQMD
3.246499999999999,MP
4.286,OQMD
0.615,OQMD
1.8298,MP
2.381,OQMD
2.555,OQMD
2.7302,MP
1.057,OQMD
0.8300000000000001,OQMD
2.014,OQMD
0.3879999999999999,OQMD
0.7989999999999995,OQMD
1.7737999999999992,MP
0.6500000000000004,OQMD
2.91,OQMD
1.205,OQMD
1.1219999999999999,OQMD
2.521,OQMD
2.049,OQMD
1.6332,MP
4.773,OQMD
0.9289999999999998,OQMD
1.2400000000000007,OQMD
1.025,OQMD
3.49,OQMD
2.458,OQMD
3.4930000000000003,OQMD
1.967,OQMD
0.8769999999999998,OQMD
1.9889999999999999,OQMD
0.47799999999999976,OQMD
1.916,OQMD
1.4640000000000004,OQMD
1.4060000000000001,OQMD
0.9900000000000002,OQMD
3.1659999999999995,OQMD
2.6559999999999997,OQMD
0.46130000000000004,MP
1.8760000000000003,OQMD
2.893,OQMD
2.1719,MP
2.0869999999999997,OQMD
2.8100000000000005,OQMD
1.368,OQMD
0.4219999999999997,OQMD
1.0709999999999997,OQMD
3.002299999999999,MP
0.31400000000000006,OQMD
1.0050000000000003,OQMD
0.42100000000000026,OQMD
0.3490000000000002,OQMD
4.038,OQMD
1.2770000000000001,OQMD
3.4839,MP
1.0145,MP
2.4650000000000003,OQMD
4.04,OQMD
1.9489999999999998,OQMD
3.246699999999999,MP
2.84,OQMD
3.508,OQMD
0.594,OQMD
0.36,OQMD
0.38500000000000023,OQMD
4.2347,MP
2.854,OQMD
0.9479999999999995,OQMD
3.127,OQMD
3.32,OQMD
0.61,OQMD
0.34999999999999964,OQMD
0.7039999999999997,OQMD
2.214299999999999,MP
2.351,OQMD
1.283,OQMD
1.347,OQMD
2.0300000000000002,OQMD
3.46,OQMD
2.1480000000000006,OQMD
1.8399999999999999,OQMD
1.8730000000000002,OQMD
1.192,OQMD
0.8609999999999998,OQMD
1.028,OQMD
2.2119999999999997,OQMD
2.253,OQMD
1.2170000000000005,OQMD
1.3810000000000002,OQMD
0.34,JARVIS
0.9930000000000003,OQMD
1.2520000000000002,OQMD
3.6759999999999997,OQMD
3.0889999999999995,OQMD
0.8753000000000001,MP
0.073099999999999,MP
0.5880000000000001,OQMD
2.387,OQMD
2.627,OQMD
2.124,MP
2.3,OQMD
2.444,OQMD
2.907,OQMD
1.9940000000000002,OQMD
1.057,OQMD
0.8130000000000002,OQMD
0.8651999999999991,MP
0.8400000000000003,OQMD
0.355,OQMD
1.809,OQMD
0.2970000000000006,OQMD
0.4089999999999998,OQMD
2.2190000000000003,OQMD
1.8550000000000004,OQMD
1.4857,MP
2.2009,MP
0.3139999999999996,OQMD
3.556,OQMD
1.463,OQMD
0.6290000000000004,OQMD
3.5260000000000002,OQMD
3.077000000000001,MP
0.9249999999999998,OQMD
2.1470000000000002,OQMD
1.1719999999999997,OQMD
1.6559999999999997,OQMD
1.6590000000000003,OQMD
5.107,OQMD
0.5209999999999999,OQMD
2.3339999999999996,OQMD
1.6219999999999999,OQMD
0.6149999999999998,OQMD
0.7810000000000001,OQMD
0.2680000000000007,OQMD
3.055,OQMD
3.263,OQMD
2.145,OQMD
1.947,JARVIS
0.7090000000000001,OQMD
2.293,OQMD
1.851,OQMD
2.117,OQMD
1.1660000000000004,OQMD
0.2469999999999999,OQMD
1.2670000000000003,OQMD
1.725,OQMD
3.893,OQMD
1.854,OQMD
4.309,OQMD
1.057,OQMD
2.194,OQMD
1.6360000000000001,OQMD
0.8209999999999997,OQMD
1.041,OQMD
3.263,OQMD
0.351,OQMD
2.439,OQMD
3.431,OQMD
1.0660000000000007,OQMD
0.5129999999999999,OQMD
1.6759999999999997,OQMD
2.508,OQMD
2.24,OQMD
4.3422,MP
1.1989999999999998,OQMD
2.8750000000000004,OQMD
0.512,OQMD
1.0549999999999997,OQMD
1.6550000000000002,OQMD
3.059,OQMD
0.313,OQMD
0.218,OQMD
0.6719999999999997,OQMD
0.5154000000000001,MP
1.271,OQMD
2.722,OQMD
0.607,OQMD
1.7749999999999995,OQMD
2.484,OQMD
2.026,OQMD
1.9160000000000004,OQMD
1.3720000000000003,OQMD
1.6079999999999997,OQMD
1.6710000000000003,OQMD
1.4720000000000004,OQMD
4.454,JARVIS
1.5119999999999996,OQMD
1.6879999999999997,OQMD
0.753599999999999,MP
5.319,JARVIS
0.258,OQMD
3.157,OQMD
2.757,OQMD
3.138,OQMD
1.374,OQMD
3.293,OQMD
0.8320000000000003,OQMD
2.343,OQMD
3.1470000000000002,OQMD
0.8990000000000005,OQMD
2.121,OQMD
3.4021,MP
3.2100000000000004,OQMD
1.8480000000000003,OQMD
2.9200000000000004,OQMD
4.534,OQMD
2.234,OQMD
2.8449999999999998,OQMD
1.1980000000000004,OQMD
0.9550000000000001,OQMD
1.153,OQMD
2.1599999999999997,OQMD
3.1270000000000007,OQMD
0.9620000000000002,OQMD
0.34499999999999975,OQMD
1.583099999999999,MP
1.1230000000000002,OQMD
1.488,OQMD
0.36600000000000055,OQMD
3.1770000000000005,OQMD
1.3790000000000004,OQMD
2.2709999999999995,OQMD
1.9880000000000004,OQMD
2.43,OQMD
0.8659999999999997,OQMD
2.078,OQMD
0.593,OQMD
3.284,OQMD
0.9229999999999996,OQMD
2.08,OQMD
0.6179999999999999,OQMD
0.5709999999999997,OQMD
0.28600000000000003,OQMD
1.7299999999999995,OQMD
0.058300000000000005,MP
1.8570000000000002,OQMD
0.32099999999999973,OQMD
0.7109999999999999,OQMD
2.061,OQMD
3.3120000000000003,OQMD
2.337,OQMD
1.248,OQMD
3.864,JARVIS
3.605399999999999,MP
3.149,OQMD
1.2679999999999998,OQMD
2.195,OQMD
1.4940000000000007,OQMD
1.0459999999999998,OQMD
2.4163,MP
3.6611000000000002,MP
0.736,OQMD
4.154,OQMD
3.325,OQMD
3.135,OQMD
1.363,OQMD
0.7190000000000003,OQMD
3.4981,MP
1.9219999999999997,OQMD
1.1870000000000003,OQMD
2.621,OQMD
3.458,OQMD
2.8150000000000004,OQMD
4.380999999999999,OQMD
0.20800000000000018,OQMD
2.6510000000000002,OQMD
1.2350000000000003,OQMD
2.0760000000000005,OQMD
0.4770000000000003,OQMD
3.1929999999999996,OQMD
0.9130000000000003,OQMD
2.4110000000000005,OQMD
2.221,OQMD
1.779,OQMD
2.197,OQMD
1.7369999999999992,OQMD
0.497999999999999,OQMD
0.853,OQMD
1.0140000000000002,OQMD
2.2169999999999996,OQMD
1.4700000000000006,OQMD
2.471,OQMD
1.919,OQMD
2.821999999999999,OQMD
1.3959000000000001,MP
0.361000000000001,OQMD
1.2299999999999995,OQMD
3.9159999999999995,OQMD
0.744,OQMD
1.2470000000000003,OQMD
2.472,OQMD
0.529,OQMD
1.73,OQMD
2.271,OQMD
0.875,OQMD
2.8390000000000004,OQMD
1.033,OQMD
2.254799999999999,MP
1.2599999999999998,OQMD
2.109,OQMD
1.8039999999999998,OQMD
2.851,OQMD
2.461,OQMD
1.0510000000000002,OQMD
3.5587,MP
2.2647999999999993,MP
0.585,OQMD
1.8439999999999999,OQMD
0.202,JARVIS
1.2800000000000002,OQMD
1.0339999999999998,OQMD
2.2260000000000004,OQMD
0.637999999999999,OQMD
1.2400000000000002,OQMD
1.464,OQMD
1.721,OQMD
2.32,MP
1.8690000000000007,OQMD
2.068,OQMD
0.2398,MP
2.296,OQMD
1.2729999999999997,OQMD
0.307,OQMD
3.811,OQMD
0.07339999999999901,MP
2.5319999999999996,OQMD
1.0110000000000001,OQMD
0.5089999999999999,OQMD
2.8059999999999996,OQMD
4.211,OQMD
0.6619999999999999,OQMD
2.0939999999999994,OQMD
1.257,OQMD
3.5919999999999996,OQMD
0.7079999999999997,OQMD
1.226,OQMD
1.23,OQMD
2.2849999999999997,OQMD
1.0220000000000002,OQMD
2.237,OQMD
1.4249999999999998,OQMD
3.0149999999999997,OQMD
1.701,OQMD
1.9699999999999998,OQMD
2.106,OQMD
2.6717999999999993,MP
3.0488,MP
1.046,OQMD
1.3439999999999999,OQMD
0.34299999999999997,OQMD
0.93,OQMD
2.0860000000000003,OQMD
0.4429999999999996,OQMD
1.940099999999999,MP
0.794,OQMD
1.077,OQMD
3.636,OQMD
0.502,OQMD
1.967,JARVIS
1.6613,MP
1.8559999999999999,OQMD
3.640099999999999,MP
1.3849999999999998,OQMD
0.784,OQMD
1.3780000000000001,OQMD
1.7319999999999993,OQMD
2.229,OQMD
0.39400000000000013,OQMD
0.21660000000000001,MP
1.513,OQMD
0.9540000000000002,OQMD
0.2600000000000007,OQMD
2.0230000000000006,OQMD
2.7600000000000002,OQMD
1.2006000000000001,MP
1.2610000000000001,OQMD
2.935,OQMD
3.009,OQMD
1.2440000000000002,OQMD
2.408,OQMD
2.2870000000000004,OQMD
3.123,MP
0.539000000000001,OQMD
4.819699999999999,MP
0.46099999999999985,OQMD
2.2899999999999996,OQMD
0.7469999999999999,OQMD
1.1989999999999998,OQMD
0.815,OQMD
0.9059999999999997,OQMD
1.9029999999999996,OQMD
1.8649999999999998,OQMD
2.024,OQMD
0.6909999999999998,OQMD
1.4740000000000002,OQMD
3.891,OQMD
0.2721,MP
0.7190000000000003,OQMD
1.4260000000000002,OQMD
0.746,OQMD
2.027,OQMD
2.205,OQMD
1.2439999999999998,OQMD
1.0430000000000001,OQMD
0.3520000000000003,OQMD
4.326,JARVIS
2.3129999999999997,OQMD
0.535399999999999,MP
3.0620000000000003,OQMD
2.248999999999999,MP
0.7459999999999996,OQMD
1.4929999999999994,OQMD
0.7410000000000001,MP
1.875,OQMD
0.254,OQMD
4.026999999999999,OQMD
1.8740000000000006,OQMD
0.3290000000000002,OQMD
0.77,OQMD
1.2359999999999998,OQMD
1.0759999999999996,OQMD
0.5580000000000003,OQMD
1.2530000000000006,OQMD
0.9356999999999991,MP
1.133,OQMD
1.246,OQMD
1.4560000000000004,OQMD
3.767,OQMD
3.751,OQMD
1.0279999999999996,OQMD
2.061,OQMD
2.058,OQMD
2.297,OQMD
1.6819999999999995,OQMD
0.7073,MP
2.3249999999999993,OQMD
2.379,OQMD
0.9619999999999997,OQMD
2.5060000000000002,OQMD
1.699,JARVIS
2.7318,MP
3.4589999999999996,OQMD
2.572,OQMD
0.9750000000000001,OQMD
1.6460000000000004,OQMD
0.5049999999999999,OQMD
1.4010000000000002,OQMD
1.262,OQMD
0.323,OQMD
2.6949999999999994,OQMD
2.1220000000000003,OQMD
1.2619999999999996,OQMD
1.6440000000000001,OQMD
0.726999999999999,OQMD
3.4493,MP
0.42700000000000005,OQMD
0.41800000000000015,OQMD
1.7570000000000001,OQMD
2.4739999999999998,OQMD
3.493,OQMD
2.293,OQMD
1.382,OQMD
0.435,OQMD
2.215,OQMD
0.7810000000000006,OQMD
0.373,OQMD
2.0749999999999997,OQMD
1.3580000000000005,OQMD
0.604,OQMD
4.101999999999999,OQMD
1.021,OQMD
2.438,OQMD
1.169,OQMD
3.9433,MP
2.1350000000000002,OQMD
0.254,OQMD
1.5710000000000002,OQMD
0.3480000000000003,OQMD
1.9020000000000001,OQMD
1.2429999999999999,OQMD
0.37200000000000033,OQMD
3.3390000000000004,OQMD
1.762,OQMD
1.0519999999999996,OQMD
1.4610000000000003,OQMD
1.4640000000000004,OQMD
0.978,OQMD
2.226,OQMD
4.401,OQMD
1.784,OQMD
3.113299999999999,MP
2.063,MP
0.5340000000000003,OQMD
3.1000000000000005,OQMD
0.4209999999999998,OQMD
0.2799999999999998,OQMD
2.149,OQMD
0.9570000000000003,OQMD
1.1660000000000004,OQMD
1.52,OQMD
1.3860000000000006,OQMD
2.072,OQMD
2.7209999999999996,OQMD
5.458,OQMD
0.31099999999999994,OQMD
2.261,OQMD
1.3500000000000005,OQMD
2.151,OQMD
2.691,OQMD
0.6669999999999998,OQMD
0.3769999999999998,OQMD
0.1077,MP
3.024,OQMD
2.6529999999999996,OQMD
1.0910000000000002,OQMD
0.684,OQMD
2.0220000000000002,OQMD
1.1499999999999995,OQMD
0.06130000000000001,MP
1.251,OQMD
0.8980000000000006,OQMD
2.988,OQMD
1.238,OQMD
0.4240000000000004,OQMD
0.25700000000000056,OQMD
2.065,OQMD
1.375,OQMD
0.32699999999999996,OQMD
1.3940000000000001,OQMD
3.1627,MP
1.252,OQMD
3.447999999999999,MP
2.345,OQMD
1.218,OQMD
3.4065,MP
2.0110000000000006,OQMD
1.211199999999999,MP
0.375,OQMD
2.955,OQMD
1.2970000000000006,OQMD
3.46,OQMD
2.511,OQMD
1.3860000000000006,OQMD
1.4480000000000004,OQMD
0.5192999999999991,MP
2.081,OQMD
1.073,OQMD
1.101,OQMD
1.0590000000000002,OQMD
1.0259999999999998,OQMD
2.2572,MP
2.3627000000000002,MP
1.4859999999999998,OQMD
3.543299999999999,MP
0.505,OQMD
3.471,OQMD
2.757,OQMD
3.1990000000000003,OQMD
2.5744,MP
3.0959999999999996,OQMD
2.0229999999999997,OQMD
2.1069999999999998,OQMD
0.3210000000000002,OQMD
0.43,OQMD
1.9060000000000001,OQMD
2.0059999999999993,OQMD
2.855,OQMD
2.2920000000000003,OQMD
3.268,OQMD
3.2489999999999997,OQMD
1.2750000000000004,OQMD
2.8639999999999994,OQMD
3.483,OQMD
3.225,OQMD
2.263,OQMD
1.2590000000000003,OQMD
3.0519999999999996,OQMD
0.31999999999999995,OQMD
1.0,OQMD
3.069,OQMD
2.6734,MP
1.4780000000000002,OQMD
2.14,OQMD
3.202,JARVIS
0.375,OQMD
2.355,OQMD
4.605699999999999,MP
1.0659999999999998,OQMD
0.8220000000000001,OQMD
3.4560000000000004,OQMD
0.8330000000000002,OQMD
1.988999999999999,MP
0.48550000000000004,MP
0.85,JARVIS
0.2549999999999999,OQMD
1.5910000000000002,OQMD
0.3250000000000002,OQMD
1.2589999999999995,OQMD
1.455,MP
4.678000000000001,OQMD
0.8668,MP
0.8719999999999999,OQMD
3.6430000000000002,OQMD
2.646,OQMD
1.3980000000000001,OQMD
2.225,OQMD
0.7749999999999999,OQMD
0.8680000000000003,OQMD
1.6,OQMD
2.1619999999999995,OQMD
0.3680000000000003,OQMD
4.118,OQMD
0.45500000000000007,OQMD
3.8149999999999995,OQMD
2.236999999999999,OQMD
3.447,OQMD
2.302,OQMD
2.112,OQMD
0.25100000000000033,OQMD
3.261,OQMD
1.251,OQMD
1.2430000000000003,OQMD
2.8502,MP
0.21799999999999997,OQMD
3.522,OQMD
0.9001999999999991,MP
2.698,OQMD
4.710000000000001,OQMD
0.467000000000001,OQMD
0.3360000000000003,OQMD
1.831,OQMD
0.502599999999999,MP
0.6150000000000002,OQMD
2.159,OQMD
1.867,OQMD
1.099,OQMD
1.9490000000000003,OQMD
1.629,OQMD
0.9630999999999991,MP
1.0389,MP
1.4300000000000002,OQMD
1.0990000000000002,OQMD
1.5340000000000003,OQMD
3.157,OQMD
0.266,JARVIS
1.2280000000000006,OQMD
3.8279999999999994,OQMD
2.2769999999999997,OQMD
0.43299999999999983,OQMD
2.104,OQMD
0.5029999999999997,OQMD
3.335,OQMD
0.8029999999999999,OQMD
3.4861,MP
2.1459999999999995,OQMD
1.966,OQMD
3.3810000000000002,OQMD
1.3650000000000002,OQMD
2.1510000000000002,OQMD
2.1509,MP
1.6620000000000008,OQMD
3.2619999999999996,OQMD
2.3970000000000002,OQMD
3.048,OQMD
1.4649999999999999,OQMD
3.1149999999999993,OQMD
0.5680000000000001,OQMD
2.8389999999999995,OQMD
0.8999999999999999,OQMD
0.9299999999999997,OQMD
2.808,OQMD
0.375,OQMD
2.1890000000000005,OQMD
2.0910000000000006,OQMD
4.03,OQMD
3.519,OQMD
2.892899999999999,MP
2.293,JARVIS
1.6364,MP
3.56,OQMD
1.2950000000000008,OQMD
1.1590000000000007,OQMD
0.2629999999999999,OQMD
4.518000000000001,OQMD
0.34499999999999975,OQMD
2.414,OQMD
1.271,OQMD
1.1969999999999992,OQMD
2.171,OQMD
2.0700000000000003,OQMD
0.4039999999999999,OQMD
2.8499999999999996,OQMD
0.763,OQMD
0.32,OQMD
4.7103,MP
1.6795,MP
0.26700000000000035,OQMD
3.477,OQMD
3.304,OQMD
2.3200000000000003,OQMD
1.678,OQMD
3.467,OQMD
0.4499999999999993,OQMD
1.2320000000000002,OQMD
2.6220000000000003,OQMD
0.3406,MP
3.131399999999999,MP
2.1540000000000004,OQMD
0.45500000000000007,OQMD
2.7922000000000002,MP
0.2929999999999997,OQMD
1.854,OQMD
1.1277,MP
1.3510000000000004,OQMD
2.7429999999999994,OQMD
2.7060000000000004,OQMD
1.2220000000000004,OQMD
1.963,OQMD
0.71,OQMD
2.136,OQMD
1.7910000000000004,OQMD
1.6740000000000004,OQMD
0.4029999999999996,OQMD
0.538,OQMD
3.634,OQMD
1.242,OQMD
0.3540000000000001,OQMD
0.5250000000000004,OQMD
3.2397,MP
1.245,OQMD
3.4542,MP
1.3182,MP
0.5700000000000003,OQMD
2.408,OQMD
3.296,OQMD
3.291,OQMD
2.1188,MP
2.2449999999999997,OQMD
1.903,OQMD
1.484,OQMD
0.931,OQMD
1.4605000000000001,MP
3.223099999999999,MP
2.3019999999999996,OQMD
2.409,OQMD
0.39300000000000024,OQMD
2.0040000000000004,OQMD
3.1860000000000004,OQMD
2.326,OQMD
3.004,OQMD
1.1639999999999997,OQMD
2.207,OQMD
0.621,OQMD
1.646099999999999,MP
2.8440000000000003,OQMD
3.013,OQMD
1.1049999999999995,OQMD
1.9809999999999999,OQMD
3.785,OQMD
1.7569999999999997,OQMD
1.1910000000000003,OQMD
1.8530000000000002,OQMD
0.871,OQMD
0.35999999999999943,OQMD
2.1328,MP
1.6491999999999991,MP
3.265,OQMD
3.059,OQMD
3.0761,MP
2.4430000000000005,OQMD
0.4490000000000003,OQMD
2.305,OQMD
1.8890000000000002,OQMD
1.8550000000000004,OQMD
0.6130000000000004,OQMD
1.891,OQMD
0.732,OQMD
3.1479999999999997,OQMD
0.9709999999999999,OQMD
2.3109999999999995,OQMD
3.6138,MP
1.6700000000000008,OQMD
3.964,OQMD
1.1799999999999997,OQMD
2.3389999999999995,OQMD
1.069,OQMD
0.45699999999999985,OQMD
2.2800000000000002,OQMD
2.373,OQMD
1.4619999999999997,OQMD
4.276199999999999,MP
2.843,OQMD
3.1457,MP
0.45699999999999985,OQMD
1.7039999999999997,OQMD
1.0396,MP
0.7869999999999995,OQMD
2.4060000000000006,OQMD
1.2359999999999998,OQMD
2.0690000000000004,OQMD
1.686499999999999,MP
1.960399999999999,MP
2.4000000000000004,OQMD
1.298,OQMD
2.291,OQMD
2.525,OQMD
2.7630000000000003,OQMD
2.2700000000000005,OQMD
1.649,OQMD
1.712,OQMD
0.315,OQMD
1.2329999999999997,OQMD
0.8969999999999998,OQMD
0.31,OQMD
1.8579999999999997,OQMD
1.1470000000000002,OQMD
3.4899999999999993,OQMD
1.8649999999999998,OQMD
1.7565,MP
1.64,OQMD
0.8179999999999996,OQMD
2.094,OQMD
2.958,OQMD
1.378899999999999,MP
1.0869999999999997,OQMD
0.5099999999999998,OQMD
0.6110000000000002,OQMD
0.4449999999999994,OQMD
1.451,OQMD
0.4161,MP
0.8499999999999996,OQMD
1.2499999999999996,OQMD
0.629,OQMD
1.429999999999999,MP
2.6489999999999996,OQMD
3.024,OQMD
0.26200000000000045,OQMD
3.4859999999999998,OQMD
0.891,OQMD
1.0470000000000006,OQMD
3.0780000000000003,OQMD
1.7499999999999996,OQMD
2.846,OQMD
0.34799999999999986,OQMD
1.242,OQMD
0.31700000000000017,OQMD
1.8689999999999998,OQMD
2.404,OQMD
0.41800000000000015,OQMD
2.176,OQMD
1.65,OQMD
4.906,OQMD
2.8229999999999995,OQMD
1.3959999999999995,OQMD
2.724199999999999,MP
1.6360000000000001,OQMD
3.037,OQMD
2.3970000000000002,OQMD
0.8760000000000003,OQMD
2.4770000000000003,OQMD
0.8969999999999998,OQMD
1.0550000000000002,OQMD
1.255,OQMD
2.3110000000000004,OQMD
0.7450000000000001,OQMD
0.6013,AFLOW
0.738,OQMD
0.8220000000000001,OQMD
0.215999999999999,OQMD
0.694,OQMD
4.7989999999999995,OQMD
1.5790000000000002,OQMD
3.113,OQMD
4.828,OQMD
3.3609999999999998,OQMD
2.1601,MP
1.9649999999999999,OQMD
1.5931000000000002,MP
1.12,OQMD
2.933,MP
3.602,OQMD
2.411,OQMD
0.4660000000000002,OQMD
1.21,OQMD
1.1920000000000002,OQMD
4.401,OQMD
0.25900000000000034,OQMD
1.741,OQMD
2.2249999999999996,OQMD
0.45299999999999985,OQMD
0.20399999999999902,MP
2.3409999999999997,OQMD
0.879,OQMD
0.321,OQMD
3.5220000000000002,OQMD
3.2520000000000002,OQMD
1.2890000000000001,OQMD
1.6100000000000003,OQMD
0.9339999999999997,OQMD
4.438000000000001,OQMD
0.247,OQMD
0.304,OQMD
2.234,OQMD
1.8130000000000006,OQMD
0.9270000000000005,OQMD
0.5270000000000001,OQMD
0.4770000000000003,OQMD
1.779,OQMD
2.825,OQMD
2.6390000000000002,OQMD
0.665,OQMD
1.6680000000000001,OQMD
2.797,OQMD
2.0748,MP
1.3600000000000003,OQMD
0.802,OQMD
2.008,OQMD
2.8160000000000003,OQMD
1.7239999999999993,OQMD
0.9950000000000001,OQMD
2.9460000000000006,OQMD
2.536299999999999,MP
0.568000000000001,OQMD
0.7460000000000004,OQMD
2.034,OQMD
0.39200000000000035,OQMD
0.8879999999999999,OQMD
1.9290000000000003,OQMD
2.852,OQMD
0.31599999999999984,OQMD
1.5949999999999998,OQMD
1.1639999999999997,OQMD
0.055600000000000004,MP
2.824,OQMD
2.003,OQMD
1.653,OQMD
1.1520000000000001,OQMD
2.262,OQMD
1.328,OQMD
2.1449999999999996,OQMD
1.9020000000000001,OQMD
1.2400000000000002,OQMD
0.9460000000000006,OQMD
2.527,OQMD
1.550599999999999,MP
2.9162,MP
2.836,OQMD
1.069,OQMD
2.128,OQMD
3.027,OQMD
1.7199999999999998,OQMD
0.41000000000000014,OQMD
1.8899999999999997,OQMD
1.0110000000000001,OQMD
0.9373,MP
0.7050000000000001,OQMD
2.046,OQMD
0.7520000000000002,OQMD
0.7589999999999999,OQMD
1.5110000000000001,OQMD
4.508,OQMD
1.9480000000000004,OQMD
3.656,OQMD
1.9055,MP
1.2730000000000006,OQMD
4.82,OQMD
1.1950000000000003,OQMD
0.4790000000000001,OQMD
3.453,OQMD
1.4509999999999996,OQMD
0.286,OQMD
0.8239999999999998,OQMD
0.2853,AFLOW
2.288,OQMD
0.31499999999999995,OQMD
0.3520000000000003,OQMD
3.579,OQMD
4.2490000000000006,OQMD
1.8810000000000002,OQMD
2.238,OQMD
4.362999999999999,MP
0.645,OQMD
0.9800000000000004,OQMD
0.6960000000000002,OQMD
3.035,OQMD
4.729699999999999,MP
3.1409999999999996,OQMD
0.6180000000000003,OQMD
0.598,JARVIS
0.3580000000000001,OQMD
3.314,OQMD
3.1711,MP
0.283,OQMD
0.9329999999999998,OQMD
1.6718000000000002,MP
4.008,OQMD
0.524,OQMD
1.9089999999999998,OQMD
1.0350000000000001,OQMD
1.3039999999999994,OQMD
1.835,OQMD
0.4090000000000007,OQMD
1.237,OQMD
2.554,OQMD
0.3019999999999996,OQMD
1.5959999999999996,OQMD
1.1159999999999997,OQMD
0.6759999999999997,OQMD
1.8200000000000003,OQMD
3.3010000000000006,OQMD
1.2230000000000003,OQMD
3.127,OQMD
1.411,OQMD
0.492,OQMD
1.274,OQMD
2.464,OQMD
1.7519999999999998,OQMD
1.4690000000000003,OQMD
0.7329999999999997,OQMD
0.3500000000000001,OQMD
2.238,OQMD
1.258499999999999,MP
0.859,OQMD
1.1960000000000006,OQMD
0.587,OQMD
2.4589999999999996,OQMD
0.8040000000000003,OQMD
0.6619,AFLOW
0.8970000000000002,OQMD
2.508,OQMD
0.405,OQMD
2.052,OQMD
1.854,OQMD
1.735,OQMD
3.6470000000000002,OQMD
2.343,OQMD
0.7189000000000001,MP
0.526,OQMD
0.333,OQMD
2.211,OQMD
3.162,OQMD
0.8469999999999995,OQMD
2.032,OQMD
0.7360000000000002,OQMD
0.662,JARVIS
3.879399999999999,MP
1.257,OQMD
2.9166,MP
1.2730000000000001,OQMD
3.461,OQMD
2.234,OQMD
2.211,OQMD
3.556,OQMD
0.40090000000000003,MP
1.048,OQMD
1.4720000000000004,OQMD
1.2039999999999997,OQMD
1.5158,MP
0.8770000000000002,OQMD
0.748,OQMD
0.4300000000000006,OQMD
3.269,OQMD
1.258,OQMD
1.6039999999999996,OQMD
1.6958000000000002,MP
1.5030000000000001,OQMD
0.7410000000000001,OQMD
1.6959999999999997,OQMD
1.5590000000000002,OQMD
1.6719999999999997,OQMD
0.373,OQMD
4.2332,MP
0.7379999999999995,OQMD
1.0200000000000005,OQMD
1.9370000000000003,OQMD
4.16,OQMD
3.067,OQMD
0.5089999999999999,OQMD
1.017,OQMD
4.15,OQMD
0.105,JARVIS
1.234,OQMD
0.9950000000000001,OQMD
1.3470000000000004,OQMD
2.2030000000000003,OQMD
2.2020000000000004,OQMD
1.3812,MP
4.5136,MP
2.1629999999999994,OQMD
2.071,OQMD
2.868,OQMD
0.3460000000000001,OQMD
0.30699999999999994,OQMD
2.2199999999999998,OQMD
1.67,OQMD
0.269499999999999,MP
1.601,OQMD
2.1020000000000003,OQMD
1.6032000000000002,MP
0.31099999999999994,OQMD
1.643,OQMD
0.698,OQMD
1.2199999999999998,OQMD
1.0652,MP
1.8570000000000002,OQMD
1.799,OQMD
0.6169999999999998,OQMD
0.35599999999999987,OQMD
0.9219999999999997,OQMD
1.715,OQMD
3.5809999999999995,OQMD
0.5429999999999997,OQMD
2.837,OQMD
2.696,OQMD
2.8810000000000002,OQMD
3.129199999999999,MP
3.2430000000000003,OQMD
1.6879999999999997,OQMD
3.0140000000000002,OQMD
0.524,OQMD
0.463,OQMD
1.1580000000000004,OQMD
2.0619999999999994,OQMD
1.0189999999999997,OQMD
1.5939999999999999,OQMD
0.529,OQMD
0.26700000000000035,OQMD
1.66,OQMD
1.8279999999999994,OQMD
0.7370000000000001,OQMD
1.1979999999999995,OQMD
3.800099999999999,MP
1.357,OQMD
3.271,OQMD
0.4129999999999998,OQMD
1.79,JARVIS
2.048,OQMD
0.637,OQMD
2.843,OQMD
1.036,OQMD
2.08,OQMD
2.8919999999999995,OQMD
0.6710000000000003,OQMD
2.2435,MP
4.268,OQMD
1.7970000000000002,OQMD
1.2190000000000003,OQMD
2.0229999999999997,OQMD
3.307599999999999,MP
1.2726,AFLOW
0.8819999999999997,OQMD
4.2872,MP
1.2570000000000001,OQMD
0.7180000000000002,OQMD
2.4696,MP
1.839999999999999,OQMD
1.1550000000000002,OQMD
3.0050000000000003,OQMD
0.5909999999999997,OQMD
0.6000000000000001,OQMD
1.13,OQMD
2.7420000000000004,OQMD
0.24369999999999903,MP
1.571,OQMD
1.418,JARVIS
4.195,OQMD
0.38260000000000005,MP
0.6949999999999991,MP
2.987299999999999,MP
1.7270000000000003,OQMD
2.1109999999999998,OQMD
1.755,OQMD
0.367,OQMD
1.5939999999999994,OQMD
2.338,OQMD
0.536,OQMD
3.865,OQMD
2.978,OQMD
2.9219999999999997,OQMD
0.9430000000000005,OQMD
0.31399999999999917,OQMD
2.093000000000001,OQMD
0.5019999999999998,OQMD
4.4939,MP
3.78,OQMD
1.1920000000000002,OQMD
1.798,OQMD
1.6719999999999997,OQMD
2.4339999999999997,OQMD
0.3290000000000002,OQMD
1.79,OQMD
1.0129999999999995,OQMD
2.263,OQMD
3.1210000000000004,OQMD
0.44499999999999984,OQMD
1.3519999999999999,OQMD
1.9530000000000003,OQMD
1.7639999999999993,OQMD
3.6670000000000003,OQMD
1.279,OQMD
1.238,OQMD
3.272,OQMD
5.359,MP
2.881,OQMD
3.3950000000000005,OQMD
2.2690000000000006,OQMD
1.4521,MP
0.747999999999999,OQMD
0.4670000000000001,OQMD
0.9010000000000002,OQMD
0.8150000000000004,OQMD
1.0430000000000001,OQMD
1.9860000000000007,OQMD
0.6290000000000013,OQMD
1.427,OQMD
3.1559999999999997,OQMD
1.3609999999999998,OQMD
4.151,OQMD
0.859,OQMD
1.971,OQMD
1.1640000000000006,OQMD
2.2170000000000005,OQMD
3.026,OQMD
1.5649999999999995,OQMD
0.8380000000000001,OQMD
2.04,OQMD
0.27600000000000025,OQMD
1.8729999999999998,OQMD
1.7079999999999997,OQMD
0.285,OQMD
0.7800000000000002,OQMD
3.6877,MP
2.613,OQMD
2.358,OQMD
1.0479999999999996,OQMD
2.282,OQMD
2.341,OQMD
0.3340000000000001,OQMD
1.3859999999999997,OQMD
0.5759999999999996,OQMD
3.6389999999999993,OQMD
0.258,OQMD
1.452,OQMD
1.8819999999999997,OQMD
1.585,OQMD
0.788,OQMD
3.1849999999999996,OQMD
0.17869999999999903,MP
0.41000000000000014,OQMD
2.634,OQMD
2.3049999999999997,OQMD
3.881,OQMD
3.635099999999999,MP
2.0839999999999996,OQMD
1.044,OQMD
0.8320000000000003,OQMD
1.302,OQMD
1.0673,MP
2.467399999999999,MP
1.38,OQMD
1.217,OQMD
0.485,OQMD
1.254,OQMD
1.6880000000000006,OQMD
1.9560000000000004,OQMD
1.7409999999999997,OQMD
1.7341000000000002,MP
0.695,OQMD
2.888,OQMD
2.864,OQMD
1.8660000000000005,OQMD
0.257,OQMD
0.964,OQMD
2.2689999999999997,OQMD
1.4779999999999998,OQMD
3.708,OQMD
0.3560000000000003,OQMD
3.617799999999999,MP
1.8979999999999997,OQMD
2.9428,MP
1.7280000000000006,OQMD
2.3979999999999997,OQMD
1.0389999999999997,OQMD
0.5216000000000001,MP
1.15,OQMD
1.9019999999999997,OQMD
0.9260000000000002,OQMD
2.255,OQMD
1.569,MP
2.083,OQMD
3.0040000000000004,OQMD
1.323,OQMD
1.0330000000000004,OQMD
3.389,OQMD
3.711999999999999,MP
0.7739999999999996,OQMD
3.13,OQMD
0.169499999999999,MP
0.21299999999999963,OQMD
1.262,OQMD
0.254,OQMD
4.15,OQMD
1.1419999999999995,OQMD
2.034,OQMD
2.254099999999999,MP
1.0970000000000004,OQMD
1.150599999999999,MP
1.755199999999999,MP
1.968,OQMD
0.5670000000000002,OQMD
0.7310000000000003,OQMD
3.504,OQMD
0.9329999999999998,OQMD
2.8373,MP
1.912,OQMD
3.4589999999999996,OQMD
1.6359999999999997,OQMD
1.2239999999999998,OQMD
1.8789999999999996,OQMD
3.6029999999999998,OQMD
1.024,OQMD
1.6329999999999996,OQMD
3.297,OQMD
3.294,OQMD
0.39699999999999935,OQMD
4.022,OQMD
2.8059999999999996,OQMD
2.87,OQMD
4.372,OQMD
1.0010000000000003,OQMD
1.5309999999999997,OQMD
0.37399999999999967,OQMD
4.0225,MP
2.8880000000000003,OQMD
2.279,OQMD
3.2619999999999996,OQMD
1.0170000000000003,OQMD
2.3520000000000003,OQMD
1.6749999999999998,OQMD
3.447,OQMD
2.683,OQMD
1.008,OQMD
1.0899999999999999,OQMD
1.017,OQMD
1.6669999999999998,OQMD
0.845,OQMD
0.42240000000000005,MP
0.9489999999999998,OQMD
3.2929999999999997,OQMD
3.778,OQMD
2.317,OQMD
0.318,OQMD
0.415,OQMD
2.29,OQMD
2.08,OQMD
3.625,OQMD
0.2550000000000001,OQMD
2.4850000000000003,OQMD
2.354,OQMD
2.024,OQMD
1.12,OQMD
1.0899999999999999,OQMD
0.6100000000000001,OQMD
1.037,OQMD
1.646,OQMD
1.1989999999999998,OQMD
2.4999000000000002,MP
1.9129999999999998,OQMD
0.6180000000000003,OQMD
1.354,OQMD
0.7460000000000004,OQMD
1.1620000000000001,OQMD
0.658999999999999,OQMD
0.14720000000000003,MP
3.7912,MP
1.979,OQMD
2.269,OQMD
1.7759999999999998,OQMD
0.3180000000000005,OQMD
0.16110000000000002,MP
0.9251,MP
0.6100000000000003,OQMD
1.1340000000000003,OQMD
3.278,OQMD
1.8419999999999996,OQMD
2.6872,MP
0.5730000000000004,OQMD
2.734,OQMD
1.443,OQMD
0.813,OQMD
3.3949999999999996,OQMD
2.0429999999999997,OQMD
1.7720000000000002,OQMD
0.863,OQMD
3.5852,MP
1.621,OQMD
2.2140000000000004,OQMD
4.0009999999999994,OQMD
3.114,OQMD
2.4920000000000004,OQMD
0.0659,MP
2.851,OQMD
0.3639999999999999,OQMD
1.6440000000000001,OQMD
1.1223,AFLOW
1.464,OQMD
3.3329999999999997,OQMD
0.08410000000000001,MP
2.8210000000000006,OQMD
2.2209999999999996,OQMD
0.34199999999999964,OQMD
4.2459999999999996,OQMD
2.355,OQMD
0.9110000000000005,OQMD
1.258,OQMD
2.3400000000000003,OQMD
0.38,OQMD
3.508,OQMD
2.204,OQMD
0.7109999999999999,OQMD
0.9139999999999997,OQMD
0.44660000000000005,MP
2.465,OQMD
2.2439999999999998,OQMD
0.7670000000000003,OQMD
2.891,OQMD
1.673,OQMD
1.0300000000000002,OQMD
3.8289999999999997,OQMD
1.5599999999999996,OQMD
1.459,OQMD
0.7955000000000001,MP
0.6550000000000002,OQMD
0.6239999999999997,OQMD
1.2349999999999994,OQMD
2.088,OQMD
1.0109999999999997,OQMD
2.642,OQMD
2.236,OQMD
2.8289999999999997,OQMD
3.6402,MP
2.1279999999999997,OQMD
1.8119999999999998,OQMD
1.0110000000000001,OQMD
1.8680000000000003,OQMD
0.654,OQMD
2.368,OQMD
1.165,OQMD
0.6719999999999997,OQMD
2.012,OQMD
0.07339999999999901,MP
1.2129999999999996,OQMD
0.7050000000000001,OQMD
1.072,OQMD
1.092,OQMD
1.8330000000000002,OQMD
3.678,OQMD
4.077999999999999,OQMD
2.794,OQMD
2.915,JARVIS
0.7749999999999999,OQMD
0.733,OQMD
0.258499999999999,MP
1.8809999999999998,OQMD
1.5739999999999998,OQMD
0.8259999999999996,OQMD
3.726,OQMD
1.968,OQMD
0.30400000000000027,OQMD
0.986,JARVIS
2.7220000000000004,OQMD
1.6300000000000008,OQMD
0.4750000000000001,OQMD
0.603,OQMD
1.1520000000000001,OQMD
3.9722,MP
2.006,OQMD
3.621299999999999,MP
0.251,OQMD
1.8973,MP
0.2610000000000001,OQMD
1.061,OQMD
2.267,OQMD
0.8499999999999996,OQMD
2.5170000000000003,OQMD
3.1870000000000003,OQMD
0.6199999999999997,OQMD
3.587,OQMD
0.6789999999999998,OQMD
0.6520000000000001,OQMD
2.0959999999999996,OQMD
1.117,OQMD
1.0350000000000001,OQMD
3.477,OQMD
3.3329999999999997,OQMD
1.682,OQMD
0.7570000000000001,OQMD
0.822,OQMD
3.0039999999999996,OQMD
1.6729999999999996,OQMD
1.432,OQMD
1.4819999999999998,OQMD
1.4678,MP
1.8069999999999995,OQMD
3.744,OQMD
1.814,OQMD
1.88,OQMD
1.4789999999999992,OQMD
2.3369999999999997,OQMD
1.2759999999999998,OQMD
2.2711,MP
0.4918,AFLOW
3.5065,MP
1.431,OQMD
1.0169999999999995,OQMD
0.4060000000000006,OQMD
1.0439999999999996,OQMD
2.0909999999999997,OQMD
2.4509999999999996,OQMD
2.7809999999999997,OQMD
0.30600000000000005,OQMD
1.35,OQMD
1.2530000000000001,OQMD
1.1560000000000006,OQMD
1.7679999999999993,OQMD
0.376,OQMD
1.088,OQMD
2.322,OQMD
2.4050000000000002,OQMD
1.112,OQMD
1.0810000000000004,OQMD
3.378,OQMD
3.2889999999999997,OQMD
0.368,JARVIS
3.3660000000000005,OQMD
1.7039999999999997,OQMD
3.2530000000000006,OQMD
0.26400000000000023,OQMD
0.326000000000001,OQMD
1.303,OQMD
0.328999999999999,OQMD
1.6589999999999998,OQMD
2.334,OQMD
1.9650000000000003,OQMD
3.0100000000000007,OQMD
2.1519999999999997,OQMD
0.629,OQMD
0.407,OQMD
0.9180000000000001,OQMD
2.0380000000000003,OQMD
0.72,OQMD
2.272,OQMD
0.8239999999999998,OQMD
1.0040000000000004,OQMD
1.8101,MP
0.9359999999999999,OQMD
2.744,OQMD
3.0637,MP
1.298,OQMD
3.218,OQMD
2.4899999999999998,OQMD
4.675000000000001,OQMD
2.2969999999999997,OQMD
1.9049999999999998,OQMD
1.269,OQMD
3.310799999999999,MP
1.066,JARVIS
2.973,OQMD
0.32399999999999984,OQMD
3.266,OQMD
1.472899999999999,MP
1.2309999999999999,OQMD
1.0860000000000003,OQMD
2.5679,MP
1.0270000000000001,OQMD
2.6810000000000005,OQMD
3.983,OQMD
1.2230000000000003,OQMD
0.982,OQMD
0.418,OQMD
1.0389999999999997,OQMD
1.1736,MP
1.2599999999999998,OQMD
3.7129000000000003,MP
1.3979999999999997,OQMD
0.3860000000000001,OQMD
1.8170000000000002,MP
3.2399999999999993,OQMD
1.2649999999999997,OQMD
0.247,OQMD
1.494,OQMD
3.2270000000000003,OQMD
2.1929999999999996,OQMD
2.7729999999999997,OQMD
4.7635000000000005,MP
0.4740000000000002,OQMD
0.4450000000000003,OQMD
3.7891,MP
0.8810000000000002,OQMD
0.7720000000000002,OQMD
0.7069999999999999,OQMD
1.0580000000000003,OQMD
1.8430000000000004,OQMD
1.483,OQMD
2.325,OQMD
2.2540000000000004,OQMD
0.690399999999999,MP
2.986,OQMD
0.0903,MP
0.479,OQMD
1.6509999999999998,OQMD
0.504,OQMD
1.584,OQMD
3.7853,MP
2.478,OQMD
0.341,OQMD
2.0949999999999998,OQMD
2.1830000000000003,OQMD
2.607,OQMD
0.347,OQMD
0.36099999999999977,OQMD
0.722,OQMD
1.697,OQMD
2.4539999999999997,OQMD
3.3679,MP
2.1658,MP
1.2469999999999999,OQMD
2.4760000000000004,OQMD
1.2149999999999999,OQMD
0.344599999999999,MP
2.1471,MP
1.9995999999999992,MP
0.831,OQMD
0.4939999999999998,OQMD
0.601,OQMD
0.9239999999999999,OQMD
2.2390000000000003,OQMD
1.2530000000000001,OQMD
1.354,OQMD
0.88,OQMD
1.4369999999999998,OQMD
0.5181,MP
3.044,OQMD
2.087099999999999,MP
1.4059999999999997,OQMD
1.0939999999999999,OQMD
0.247,OQMD
2.5180000000000002,OQMD
3.869,OQMD
1.8159999999999998,OQMD
1.2588,MP
1.6450000000000005,OQMD
1.259,OQMD
1.4260000000000002,OQMD
2.379,OQMD
0.34899999999999975,OQMD
1.546,OQMD
3.247,OQMD
1.0499999999999998,OQMD
3.138099999999999,MP
3.508,OQMD
0.5809999999999995,OQMD
1.1480000000000001,OQMD
1.0460000000000003,OQMD
0.252,OQMD
1.068,OQMD
1.0952,MP
2.1109999999999998,OQMD
2.4410000000000003,OQMD
3.4110000000000005,OQMD
3.7109999999999994,OQMD
1.4419999999999997,OQMD
1.093,OQMD
0.5370000000000004,OQMD
0.7469999999999999,OQMD
0.19179999999999903,MP
0.536,OQMD
3.1979999999999995,OQMD
1.062199999999999,MP
1.8759999999999994,OQMD
0.590000000000001,OQMD
2.748,OQMD
2.074,JARVIS
1.265399999999999,MP
1.049,OQMD
2.8930000000000007,OQMD
2.3815,MP
3.472,OQMD
2.7300000000000004,OQMD
2.2899,MP
3.154,OQMD
0.862,OQMD
0.34600000000000053,OQMD
2.2329999999999997,OQMD
4.5394,MP
1.2000000000000002,OQMD
0.613,OQMD
2.1479999999999997,OQMD
0.818000000000001,OQMD
3.514,OQMD
2.0770000000000004,OQMD
3.09,OQMD
1.468,OQMD
0.9950000000000001,OQMD
0.7450000000000001,OQMD
1.2559999999999998,OQMD
1.1520000000000001,OQMD
3.425,OQMD
0.835,OQMD
2.805,OQMD
0.599,OQMD
3.709,OQMD
1.3596,MP
1.072,OQMD
1.109,OQMD
4.261,OQMD
4.307,OQMD
0.7530000000000001,OQMD
1.197,OQMD
0.313,OQMD
1.999,OQMD
1.1089999999999995,OQMD
0.758,OQMD
1.7789999999999995,OQMD
1.1549999999999994,OQMD
1.582399999999999,MP
0.43900000000000006,OQMD
3.408,OQMD
1.2640000000000002,OQMD
2.6012999999999993,MP
2.7279999999999998,OQMD
1.2230000000000003,OQMD
1.0550000000000002,OQMD
0.9080000000000004,OQMD
1.7979999999999996,OQMD
3.4499999999999997,OQMD
1.5419999999999998,OQMD
0.255,OQMD
0.7029999999999998,OQMD
1.376,OQMD
1.2859999999999996,OQMD
0.983,OQMD
0.4109999999999998,OQMD
1.242,OQMD
3.2889999999999997,OQMD
1.3369999999999997,OQMD
1.52,OQMD
1.851,OQMD
0.968,OQMD
1.7928000000000002,MP
1.245,OQMD
2.9789999999999996,OQMD
0.889,OQMD
2.628,OQMD
0.701000000000001,OQMD
2.975,OQMD
1.952,OQMD
1.418,OQMD
2.315,OQMD
0.9959999999999996,OQMD
0.758,OQMD
0.32899999999999974,OQMD
1.7069999999999999,OQMD
4.1173,MP
0.727,JARVIS
4.476,OQMD
1.4,OQMD
1.6219999999999999,OQMD
1.612,OQMD
2.2560000000000002,OQMD
0.747,OQMD
1.796,OQMD
0.6799999999999997,OQMD
0.8289999999999997,OQMD
2.36,OQMD
2.125,OQMD
1.259,OQMD
1.7175,MP
3.277,OQMD
2.258,OQMD
3.0220000000000002,OQMD
0.726,OQMD
1.141,OQMD
0.4139999999999997,OQMD
1.2919999999999998,OQMD
3.485,OQMD
0.2569999999999997,OQMD
0.49999999999999956,OQMD
2.324,OQMD
1.356,OQMD
0.9070000000000005,OQMD
2.128,OQMD
3.3009999999999997,OQMD
1.267,OQMD
0.847,OQMD
0.5853,MP
1.6419999999999995,OQMD
2.399,OQMD
1.814,JARVIS
1.5269999999999992,OQMD
3.9159999999999995,OQMD
2.874,OQMD
2.2119999999999997,OQMD
3.293,OQMD
2.0220000000000002,OQMD
1.7510000000000003,OQMD
3.256,OQMD
0.774,OQMD
1.662,OQMD
0.484,OQMD
2.523,OQMD
2.0389999999999997,OQMD
1.3089999999999993,OQMD
2.6685,MP
0.746999999999999,OQMD
2.671,OQMD
0.371,OQMD
1.8789999999999996,OQMD
3.21,OQMD
2.284,OQMD
0.169,JARVIS
1.454399999999999,MP
1.6959999999999997,OQMD
5.104999999999999,MP
2.762,OQMD
3.432,OQMD
0.3628,MP
2.0580000000000007,OQMD
1.0219999999999998,OQMD
2.0737,MP
2.1053,MP
3.512799999999999,MP
0.2729999999999997,OQMD
0.40999999999999925,OQMD
1.5940000000000003,OQMD
0.06820000000000001,MP
0.341,OQMD
2.33,OQMD
1.2149999999999999,OQMD
1.194,OQMD
1.859,OQMD
1.0779999999999998,OQMD
3.205,OQMD
2.293,OQMD
2.751,JARVIS
0.8500000000000001,OQMD
3.1430000000000002,OQMD
0.5550000000000002,OQMD
0.641,OQMD
3.393399999999999,MP
1.6510999999999991,MP
1.3819999999999997,OQMD
3.2266,MP
0.3230000000000004,OQMD
3.564,OQMD
1.523,OQMD
2.3040000000000003,OQMD
0.21399999999999952,OQMD
0.24080000000000001,MP
3.0840000000000005,OQMD
0.5940000000000003,OQMD
0.2240000000000002,OQMD
2.8659999999999997,OQMD
0.2439,AFLOW
1.4149999999999991,OQMD
0.73,OQMD
0.4790000000000001,OQMD
1.6480000000000001,OQMD
1.255,OQMD
2.793,OQMD
0.305,OQMD
0.29400000000000004,OQMD
0.7610000000000001,OQMD
1.939,OQMD
0.923,OQMD
1.2600000000000002,OQMD
1.008,OQMD
2.147,OQMD
0.7069999999999994,OQMD
0.8369999999999997,OQMD
1.9139999999999997,OQMD
2.633,OQMD
3.828,OQMD
1.9973,MP
2.1220000000000003,OQMD
1.9030000000000005,OQMD
1.5881999999999992,MP
1.326,OQMD
3.1592000000000002,MP
1.6580000000000004,OQMD
1.149,OQMD
3.169,JARVIS
0.5727,AFLOW
2.353,JARVIS
2.142,OQMD
1.5620000000000003,OQMD
4.1,OQMD
1.669899999999999,MP
2.862,OQMD
0.055099999999999004,MP
2.1239999999999997,OQMD
1.932,OQMD
0.31400000000000006,OQMD
2.229399999999999,MP
2.5150000000000006,OQMD
0.5,OQMD
0.5004999999999991,MP
2.667,OQMD
1.922,OQMD
1.8840000000000003,OQMD
0.34040000000000004,AFLOW
2.0159999999999996,OQMD
2.37,OQMD
2.142,OQMD
3.5300000000000002,OQMD
1.642,OQMD
3.2520000000000002,OQMD
0.24419999999999903,MP
1.0599999999999996,OQMD
2.097,OQMD
2.232,OQMD
0.794,OQMD
3.148799999999999,MP
1.1093,MP
2.633,OQMD
3.693399999999999,MP
1.2199999999999998,OQMD
1.431,OQMD
3.213,JARVIS
1.517,OQMD
2.034,OQMD
2.0719999999999996,OQMD
3.333,OQMD
0.8810000000000001,MP
3.0589999999999993,OQMD
2.2860000000000005,OQMD
0.311999999999999,OQMD
1.7938,MP
0.3410000000000002,OQMD
2.131,OQMD
1.7020000000000008,OQMD
4.014,OQMD
1.3809999999999998,OQMD
0.957,OQMD
0.3659,MP
1.304,OQMD
3.3609999999999998,OQMD
0.37560000000000004,MP
0.866000000000001,OQMD
3.965,OQMD
1.597,OQMD
1.1629999999999998,OQMD
1.245,OQMD
3.504,OQMD
1.8230000000000004,OQMD
1.4009,MP
0.861499999999999,MP
1.8279999999999998,OQMD
2.295,OQMD
3.427,OQMD
1.4610000000000003,OQMD
1.7720000000000002,OQMD
1.225,OQMD
0.2265,MP
0.6499999999999995,OQMD
1.834,OQMD
1.653,OQMD
0.3580000000000001,OQMD
0.626,OQMD
0.956,OQMD
2.2270000000000003,OQMD
3.2,OQMD
1.115199999999999,MP
1.9480000000000004,OQMD
0.728,OQMD
3.0460000000000003,OQMD
1.5556,MP
1.2740000000000005,OQMD
5.236199999999999,MP
1.807,OQMD
1.8780000000000001,OQMD
1.0699999999999994,OQMD
2.9679999999999995,OQMD
2.101,OQMD
2.929499999999999,MP
2.1605,MP
1.5629999999999997,OQMD
1.6869999999999994,OQMD
1.311,OQMD
3.4688,MP
2.0380000000000003,OQMD
3.348,OQMD
2.867,OQMD
0.5610000000000004,OQMD
0.7460000000000004,OQMD
1.298,OQMD
1.6560000000000001,OQMD
1.056,OQMD
2.3190000000000004,OQMD
2.2359999999999998,OQMD
3.9170000000000003,OQMD
2.498,OQMD
1.3141,MP
2.266,OQMD
1.703,OQMD
4.252,OQMD
1.327,JARVIS
2.6929999999999996,OQMD
1.178,OQMD
3.5355,MP
3.432,OQMD
2.0509999999999997,OQMD
4.4117999999999995,MP
0.766,OQMD
1.2360000000000007,OQMD
1.222,OQMD
1.746,OQMD
2.211,OQMD
0.29,JARVIS
2.191,OQMD
0.374000000000001,OQMD
2.187,OQMD
1.0670000000000002,OQMD
0.499299999999999,MP
0.430299999999999,MP
1.2440000000000002,OQMD
2.5719000000000003,MP
0.7300000000000004,OQMD
0.7610000000000001,OQMD
0.739,OQMD
0.29800000000000004,OQMD
3.604,OQMD
2.0539,MP
1.4859999999999998,OQMD
0.9199999999999999,OQMD
2.8979999999999997,OQMD
1.1400000000000001,OQMD
2.845,OQMD
4.537,OQMD
3.464,OQMD
0.144299999999999,MP
1.0459999999999998,OQMD
1.2330000000000005,OQMD
0.7040000000000002,OQMD
3.4759,MP
1.7110000000000003,OQMD
2.8449999999999998,OQMD
3.2489999999999997,OQMD
1.0170000000000001,OQMD
2.529,OQMD
0.3759999999999999,OQMD
2.1330000000000005,OQMD
2.3082000000000003,MP
1.25,OQMD
3.984199999999999,MP
0.607,OQMD
3.3179999999999996,OQMD
3.3070000000000004,OQMD
3.093,OQMD
1.3970000000000002,OQMD
1.782,OQMD
2.959,OQMD
3.001,OQMD
0.823,JARVIS
3.3569999999999993,OQMD
1.9329999999999998,OQMD
0.4939999999999998,OQMD
2.0010000000000003,OQMD
2.2169999999999996,OQMD
2.14,OQMD
0.5129999999999999,OQMD
1.8049,MP
2.7019999999999995,OQMD
0.7389999999999999,OQMD
3.107,OQMD
0.412,OQMD
0.923,OQMD
0.7889999999999997,OQMD
2.754,OQMD
1.3650000000000002,OQMD
2.0409999999999995,OQMD
1.859,OQMD
0.242,OQMD
1.296,OQMD
0.7689999999999997,OQMD
3.068,OQMD
0.7130000000000005,OQMD
1.8049999999999997,OQMD
2.979,OQMD
0.821,OQMD
3.846,OQMD
0.8309999999999995,OQMD
0.5280000000000005,OQMD
3.058,OQMD
1.614,OQMD
0.6249999999999996,OQMD
1.012,OQMD
0.4419999999999993,OQMD
3.4010000000000002,OQMD
2.562,OQMD
4.658,OQMD
1.0439999999999996,OQMD
4.165,JARVIS
0.927,OQMD
1.8040000000000003,OQMD
0.37800000000000056,OQMD
0.137,MP
2.204,OQMD
0.217000000000001,OQMD
0.09429999999999901,MP
1.5964,MP
0.5360000000000005,OQMD
3.2969999999999997,OQMD
1.4320000000000004,OQMD
1.9129999999999998,OQMD
2.3369999999999997,OQMD
0.5670000000000002,OQMD
3.4856,MP
0.744899999999999,MP
1.2430000000000003,OQMD
3.095,OQMD
2.037,OQMD
2.7595,MP
1.3939999999999992,OQMD
2.881,OQMD
4.0373,MP
3.3760000000000003,OQMD
0.915,OQMD
1.899,OQMD
2.0869999999999997,OQMD
2.8628,MP
0.25100000000000033,OQMD
1.056,OQMD
1.7439999999999998,OQMD
2.072,OQMD
2.094,OQMD
0.8319999999999999,OQMD
1.262,OQMD
3.933,JARVIS
3.507199999999999,MP
1.6879999999999997,OQMD
0.6149999999999998,OQMD
2.2199999999999998,OQMD
1.9690000000000003,OQMD
0.9470000000000001,OQMD
0.40700000000000003,OQMD
2.9410000000000007,OQMD
1.8569999999999998,OQMD
2.2344,MP
1.657,OQMD
1.6510000000000002,OQMD
1.5909,MP
2.1149999999999998,OQMD
1.2489999999999997,OQMD
1.177,OQMD
1.351,OQMD
0.910000000000001,OQMD
1.6260000000000001,OQMD
0.48280000000000006,MP
1.9869999999999992,OQMD
1.1319999999999997,OQMD
0.8300000000000001,OQMD
1.43,OQMD
1.8250000000000002,OQMD
1.6589999999999998,OQMD
1.6559999999999997,OQMD
1.594,OQMD
1.5340000000000003,OQMD
1.043,OQMD
0.8719999999999999,OQMD
0.77,OQMD
0.9398000000000001,MP
1.702,OQMD
0.8959999999999999,OQMD
2.591,OQMD
0.7830000000000004,OQMD
1.9290000000000003,OQMD
2.476,OQMD
3.356,OQMD
1.38,OQMD
0.49849999999999905,MP
1.702,OQMD
3.538,OQMD
1.488,OQMD
0.9659999999999997,OQMD
1.94,OQMD
2.9799999999999995,OQMD
0.45,OQMD
0.8340000000000001,OQMD
4.214,OQMD
2.963,OQMD
1.6840000000000002,OQMD
0.9949999999999997,OQMD
2.227,OQMD
2.1149999999999998,OQMD
2.012,OQMD
1.2369999999999999,OQMD
1.8689999999999998,OQMD
0.7349999999999999,OQMD
2.07,OQMD
4.749,JARVIS
1.6920000000000002,OQMD
0.1664,AFLOW
1.515899999999999,MP
3.2899999999999996,OQMD
3.2869999999999995,OQMD
1.2560000000000002,OQMD
1.536,OQMD
1.3920000000000003,OQMD
1.0460000000000003,OQMD
4.269,OQMD
0.3250000000000002,OQMD
1.990299999999999,MP
2.715799999999999,MP
3.8080000000000003,OQMD
0.6339999999999999,OQMD
1.1420000000000003,OQMD
0.37100000000000044,OQMD
0.4089999999999998,OQMD
1.952,OQMD
2.1609999999999996,OQMD
1.4610000000000003,OQMD
0.5156000000000001,MP
1.1059999999999999,OQMD
1.8977,MP
2.2239999999999993,OQMD
1.2729999999999997,OQMD
1.3129999999999997,OQMD
2.047,OQMD
1.6659999999999995,OQMD
0.417,JARVIS
1.7030000000000003,OQMD
2.083,OQMD
1.657,OQMD
1.068,OQMD
2.857,OQMD
2.1789999999999994,OQMD
0.509,OQMD
1.0339999999999998,OQMD
0.834,OQMD
0.423999999999999,OQMD
2.3514,MP
3.497,OQMD
0.8380000000000005,OQMD
3.471,OQMD
2.8012,MP
0.6200000000000001,OQMD
0.395,OQMD
2.2630000000000003,OQMD
0.344,OQMD
1.001,OQMD
1.7619999999999996,OQMD
2.0410000000000004,OQMD
0.5889999999999995,OQMD
1.786299999999999,MP
0.254,OQMD
0.5975,MP
2.7299999999999995,OQMD
1.347,OQMD
0.7100000000000004,OQMD
1.4100000000000006,OQMD
0.72,JARVIS
1.2255,MP
0.6550000000000002,OQMD
3.294,OQMD
0.2649999999999997,OQMD
0.8350000000000004,OQMD
2.6416999999999993,MP
1.495,OQMD
3.5074,MP
3.067,OQMD
3.3489999999999998,OQMD
2.151,OQMD
2.854,OQMD
1.395,OQMD
1.4720000000000004,OQMD
0.883,OQMD
0.4740000000000002,OQMD
4.436,OQMD
1.137,OQMD
0.43800000000000017,OQMD
0.3780000000000001,OQMD
0.2530000000000001,OQMD
2.409,OQMD
2.248,OQMD
3.997,OQMD
3.0527,MP
2.226,OQMD
0.837,OQMD
1.0860000000000003,OQMD
1.3760000000000003,OQMD
3.745,OQMD
3.9935,MP
1.496,OQMD
2.1497,MP
0.512,OQMD
2.0120000000000005,OQMD
0.5380000000000003,OQMD
1.4619999999999997,OQMD
0.8280000000000003,OQMD
1.155,OQMD
2.8416,MP
0.3600000000000001,OQMD
3.5169999999999995,OQMD
3.524,OQMD
0.6813,MP
2.5259,MP
2.763,OQMD
2.6580000000000004,OQMD
1.4540000000000002,OQMD
0.39700000000000024,OQMD
1.2849999999999997,OQMD
0.8230000000000001,OQMD
1.242,OQMD
0.432,OQMD
2.148,OQMD
4.8228,MP
3.513,OQMD
1.4580000000000002,OQMD
2.928,OQMD
0.8820000000000006,OQMD
2.282,OQMD
1.236,OQMD
1.904,OQMD
2.52,OQMD
0.476,OQMD
0.7109999999999999,OQMD
0.31099999999999994,OQMD
0.9949999999999997,OQMD
0.210000000000001,OQMD
2.2190000000000003,OQMD
0.757000000000001,OQMD
1.9340000000000002,OQMD
0.8699999999999997,OQMD
1.6949999999999998,OQMD
3.048,OQMD
0.867,OQMD
0.6869999999999994,OQMD
0.9969999999999999,OQMD
3.0490000000000004,OQMD
1.4981,MP
0.2699999999999996,OQMD
0.5354999999999991,MP
1.205,OQMD
0.22160000000000002,MP
2.3709999999999996,OQMD
0.463,OQMD
0.3250000000000002,OQMD
1.6740000000000004,OQMD
1.6399999999999997,OQMD
2.0070000000000006,OQMD
0.5099999999999998,OQMD
4.462,OQMD
1.6129999999999998,OQMD
2.148,OQMD
0.33599999999999985,OQMD
2.4170000000000003,OQMD
2.2430000000000003,OQMD
1.08,OQMD
1.17,OQMD
1.673,OQMD
0.366,OQMD
4.1759,MP
3.494,OQMD
0.6070000000000002,OQMD
0.2610000000000001,OQMD
0.48599999999999977,OQMD
1.251,OQMD
2.2270000000000003,OQMD
1.3019999999999996,OQMD
3.029,OQMD
0.246,OQMD
4.0027,MP
2.227,OQMD
1.2229999999999999,OQMD
0.40500000000000025,OQMD
2.112,OQMD
2.295,OQMD
2.2380000000000004,OQMD
1.3790000000000004,OQMD
0.8809999999999998,OQMD
0.6420000000000003,OQMD
0.607,OQMD
2.2760000000000002,OQMD
0.9169999999999998,OQMD
3.274,OQMD
0.212,OQMD
2.0770000000000004,OQMD
0.792,OQMD
2.262,OQMD
0.2240000000000002,OQMD
2.369,OQMD
2.091,OQMD
2.308,OQMD
0.6760000000000002,OQMD
1.9529999999999998,OQMD
1.0539999999999998,OQMD
2.319,OQMD
1.967299999999999,MP
2.9679,MP
1.7070000000000003,OQMD
0.0651,MP
1.2340000000000004,OQMD
3.938999999999999,OQMD
2.339,OQMD
3.4840000000000004,OQMD
0.7961,MP
0.8440000000000003,OQMD
1.5220000000000002,OQMD
0.6240000000000001,OQMD
2.6494,MP
0.8019999999999996,OQMD
1.658,OQMD
1.662,OQMD
0.8599999999999999,OQMD
1.029,OQMD
3.5119999999999996,OQMD
0.363,OQMD
2.4720000000000004,OQMD
3.5040000000000004,OQMD
3.2189999999999994,OQMD
1.4619999999999997,OQMD
2.521,OQMD
0.4289999999999994,OQMD
2.4690000000000003,OQMD
0.7712000000000001,MP
0.7289999999999996,OQMD
2.0829999999999997,OQMD
0.3980000000000006,OQMD
1.8490000000000002,OQMD
2.0730000000000004,OQMD
1.8419999999999996,OQMD
2.765,OQMD
2.4059999999999997,OQMD
2.8449999999999998,OQMD
2.6149999999999998,OQMD
2.165,OQMD
1.984,OQMD
3.056,OQMD
0.34399999999999986,OQMD
2.4430000000000005,OQMD
0.3420000000000005,OQMD
1.3929999999999998,OQMD
0.5340000000000007,OQMD
2.83,OQMD
0.7110000000000003,OQMD
1.8688,MP
0.8940000000000001,OQMD
2.227,OQMD
0.3169999999999997,OQMD
0.859,OQMD
0.463,OQMD
2.53,OQMD
2.6869,MP
0.991000000000001,OQMD
3.5669999999999997,OQMD
0.5550000000000006,OQMD
0.074599999999999,MP
2.941,OQMD
2.229,OQMD
1.2319999999999993,OQMD
1.0740000000000007,OQMD
0.794,OQMD
2.633,OQMD
0.314,OQMD
0.250999999999999,OQMD
3.244,OQMD
1.4850000000000003,OQMD
1.3829999999999996,OQMD
1.9219,MP
2.1450000000000005,OQMD
1.3240000000000003,OQMD
3.364,OQMD
2.4310000000000005,OQMD
0.31599999999999984,OQMD
1.91,OQMD
0.9009999999999998,OQMD
1.866,OQMD
0.4009999999999998,OQMD
0.5670000000000002,OQMD
1.1839999999999997,OQMD
2.903,OQMD
2.946,OQMD
0.6400000000000001,OQMD
1.916,OQMD
3.6953,MP
0.39679999999999904,MP
2.4280000000000004,OQMD
0.8289999999999997,OQMD
3.814,OQMD
2.242,OQMD
1.29,OQMD
2.8973999999999993,MP
0.801,OQMD
1.6510000000000002,OQMD
0.3460000000000001,OQMD
0.5860000000000003,OQMD
2.455,OQMD
2.317,OQMD
2.1599999999999997,OQMD
1.524,OQMD
3.267,OQMD
1.2400000000000002,OQMD
0.684,OQMD
0.6180000000000003,OQMD
0.3160000000000007,OQMD
1.1580000000000004,OQMD
1.4060000000000006,OQMD
2.857,OQMD
1.8099999999999996,OQMD
2.2119999999999997,OQMD
1.6800000000000006,OQMD
3.017,OQMD
2.382,OQMD
2.3499999999999996,OQMD
0.32200000000000006,OQMD
1.037,OQMD
2.0980000000000003,OQMD
2.325,OQMD
4.1991,MP
2.551,OQMD
2.5040000000000004,OQMD
1.0439999999999996,OQMD
0.10540000000000001,MP
0.9379999999999997,OQMD
1.3249999999999993,OQMD
4.776,OQMD
1.242,OQMD
1.9650000000000003,OQMD
1.061,OQMD
0.3689999999999998,OQMD
2.168,OQMD
0.3049999999999997,OQMD
1.6719999999999997,OQMD
1.1351,MP
2.125,OQMD
2.398,OQMD
1.513,OQMD
1.1999999999999997,OQMD
0.569999999999999,OQMD
0.495,OQMD
2.9579999999999997,OQMD
1.1390000000000002,OQMD
2.735,OQMD
2.6660000000000004,OQMD
0.6259999999999999,OQMD
1.194,OQMD
0.23,OQMD
0.7320000000000002,OQMD
1.6280000000000001,OQMD
2.884,OQMD
3.9700000000000006,OQMD
2.144399999999999,MP
1.2120000000000006,OQMD
2.854199999999999,MP
1.8780000000000001,OQMD
2.049,OQMD
2.1500000000000004,OQMD
0.25519999999999904,MP
3.5999999999999996,OQMD
0.3900000000000001,OQMD
4.215000000000001,OQMD
2.2520000000000002,OQMD
1.319,OQMD
0.7450000000000001,OQMD
3.261,OQMD
2.128,OQMD
0.31700000000000017,OQMD
2.846,OQMD
2.903,OQMD
4.2408,MP
1.1560000000000001,OQMD
2.2704,MP
1.9930000000000003,OQMD
2.785,OQMD
2.281,OQMD
2.9530000000000003,OQMD
0.621,OQMD
0.698,OQMD
1.877,OQMD
1.9869999999999992,OQMD
1.847,OQMD
1.032,OQMD
3.436,OQMD
3.1979,MP
1.9600000000000004,OQMD
1.706,OQMD
0.85,OQMD
3.086,OQMD
0.69,OQMD
3.295,OQMD
3.312,OQMD
0.8250000000000002,OQMD
0.3255,MP
3.4195,MP
0.235,OQMD
0.766,OQMD
1.25,OQMD
2.199,OQMD
1.7320000000000002,OQMD
2.978,OQMD
0.3690000000000002,OQMD
1.44,OQMD
2.093,OQMD
1.3860000000000001,OQMD
2.083,OQMD
1.1390000000000002,OQMD
2.56,OQMD
3.2239999999999998,OQMD
3.355,OQMD
3.2019999999999995,OQMD
0.633,OQMD
1.7089999999999996,OQMD
3.117,OQMD
2.207,OQMD
1.0890000000000004,OQMD
0.354,OQMD
0.8980000000000006,OQMD
3.5450000000000004,OQMD
2.1313,MP
2.0549999999999997,OQMD
1.9880000000000004,OQMD
0.32030000000000003,MP
0.26000000000000023,OQMD
2.442,OQMD
0.2110000000000003,OQMD
2.107,OQMD
2.047,MP
0.1852,MP
1.141,OQMD
2.002,OQMD
1.2319999999999993,OQMD
4.232,OQMD
0.6080000000000005,OQMD
3.2270000000000003,OQMD
1.934,OQMD
1.0830000000000002,OQMD
0.369,OQMD
0.21199999999999974,OQMD
1.838,OQMD
4.119,OQMD
1.839,OQMD
2.1159999999999997,OQMD
0.45599999999999996,OQMD
1.6469999999999998,OQMD
1.0029999999999997,OQMD
0.47299999999999986,OQMD
1.1550000000000002,OQMD
0.43149999999999905,MP
2.268,OQMD
1.2360000000000002,OQMD
0.412,OQMD
0.4280000000000004,OQMD
1.475,OQMD
0.6260000000000003,OQMD
2.569,OQMD
2.7220000000000004,OQMD
0.30400000000000005,OQMD
2.755,OQMD
0.9500000000000002,OQMD
0.4189999999999996,OQMD
1.585,OQMD
1.9530000000000003,OQMD
1.2349999999999994,OQMD
2.19,OQMD
3.214,OQMD
0.3420000000000001,OQMD
0.8650000000000002,OQMD
3.439,OQMD
0.7279999999999998,OQMD
1.7919999999999998,OQMD
1.6920000000000002,OQMD
1.2600000000000007,OQMD
3.9139999999999997,OQMD
2.914,OQMD
3.348799999999999,MP
1.133,OQMD
0.246,OQMD
3.329,OQMD
1.4089999999999998,OQMD
0.9429999999999996,OQMD
1.7860000000000005,OQMD
0.4929999999999999,OQMD
1.08,OQMD
1.8640000000000003,OQMD
2.398,OQMD
3.0520000000000005,OQMD
1.1480000000000006,OQMD
4.023999999999999,OQMD
3.223,OQMD
0.3229999999999995,OQMD
0.6374000000000001,MP
2.529,OQMD
2.151,OQMD
2.502,OQMD
1.1179999999999994,OQMD
3.5409999999999995,OQMD
1.4109999999999996,OQMD
1.9779999999999998,OQMD
0.574,OQMD
0.8761,AFLOW
2.8680000000000003,OQMD
3.4650000000000003,OQMD
3.2649999999999997,OQMD
0.6169999999999995,OQMD
2.642,OQMD
2.283,OQMD
0.3169999999999997,OQMD
2.28,OQMD
3.432,OQMD
1.8449999999999998,OQMD
2.360499999999999,MP
0.5090000000000003,OQMD
0.9770000000000003,OQMD
1.4643000000000002,MP
1.0840000000000005,OQMD
2.3035,MP
1.4283000000000001,MP
1.2049999999999992,OQMD
0.6270000000000002,OQMD
0.6699999999999999,OQMD
3.0329999999999995,OQMD
0.3400000000000003,OQMD
0.9979999999999993,OQMD
1.4730000000000003,OQMD
2.029,OQMD
0.794,OQMD
1.1180000000000003,OQMD
1.3959999999999995,OQMD
0.16360000000000002,MP
0.9859999999999998,OQMD
0.6,OQMD
2.24,OQMD
2.075,OQMD
0.8766,MP
1.6550000000000002,OQMD
1.182,OQMD
3.5070000000000006,OQMD
2.680799999999999,MP
1.8679999999999999,OQMD
3.7170000000000005,OQMD
2.2169999999999996,OQMD
2.574,OQMD
1.7595,MP
0.31099999999999994,OQMD
0.544,OQMD
0.53,OQMD
2.6850000000000005,OQMD
0.40700000000000003,OQMD
2.697,OQMD
2.119,OQMD
0.375,OQMD
4.0798,MP
3.215899999999999,MP
3.232,OQMD
2.2729999999999997,OQMD
3.899,OQMD
0.5270000000000001,OQMD
1.0860000000000003,OQMD
3.2629999999999995,OQMD
0.841000000000001,OQMD
0.8289999999999997,OQMD
2.347,OQMD
3.2640000000000002,OQMD
0.7110000000000003,OQMD
2.291,OQMD
0.9319999999999999,OQMD
2.2409999999999997,OQMD
0.7199999999999998,OQMD
0.9650000000000007,OQMD
1.4140000000000001,OQMD
0.4740000000000002,OQMD
1.516,OQMD
2.305,JARVIS
2.602,OQMD
2.0520000000000005,OQMD
1.579,OQMD
0.211,OQMD
1.2870000000000004,OQMD
2.2729999999999997,OQMD
0.684,OQMD
2.388,OQMD
2.927,OQMD
0.6070000000000002,OQMD
0.244,OQMD
1.932,OQMD
0.5030000000000001,OQMD
0.86,OQMD
3.813099999999999,MP
2.208,OQMD
2.424,OQMD
0.8719999999999999,OQMD
4.095,OQMD
3.6580000000000004,OQMD
2.503,OQMD
1.2550000000000003,OQMD
1.4590000000000005,OQMD
1.3079999999999998,OQMD
3.376,OQMD
5.189,OQMD
0.7669999999999995,OQMD
2.286,OQMD
2.438,OQMD
3.924,OQMD
2.018,OQMD
0.6170000000000004,OQMD
1.1069999999999993,OQMD
0.6179999999999994,OQMD
2.986999999999999,MP
3.8219999999999996,OQMD
2.753,OQMD
0.5350000000000001,OQMD
1.9460000000000006,OQMD
1.0470000000000002,OQMD
1.459,OQMD
1.9409999999999998,OQMD
2.308,OQMD
2.0534,MP
1.2559999999999993,OQMD
1.279,OQMD
1.7990000000000004,OQMD
2.82,OQMD
3.4155,MP
0.7289999999999992,OQMD
1.955,OQMD
1.856,OQMD
1.2990000000000004,OQMD
3.578,OQMD
0.427,OQMD
0.4357,AFLOW
0.45699999999999985,OQMD
2.111,OQMD
0.516,OQMD
2.1189999999999998,OQMD
4.415,MP
1.721,OQMD
0.7429999999999999,OQMD
0.557,MP
0.6475000000000001,MP
2.667,OQMD
4.431000000000001,OQMD
1.8520000000000003,OQMD
2.314,OQMD
0.34399999999999986,OQMD
0.9039999999999999,OQMD
1.9699999999999998,OQMD
3.0359999999999996,OQMD
0.7999999999999998,OQMD
0.7233,MP
2.221,OQMD
1.6740000000000004,OQMD
1.1829999999999998,OQMD
2.2880000000000003,OQMD
1.3230000000000004,OQMD
0.8660000000000001,OQMD
1.7040000000000002,OQMD
1.871,OQMD
2.467,OQMD
2.3484,MP
2.6449999999999996,OQMD
0.6879999999999997,OQMD
1.4739999999999998,OQMD
0.9800500000000001,AFLOW
1.8869999999999996,OQMD
0.697,OQMD
1.3049999999999997,OQMD
0.9220000000000002,OQMD
1.984,OQMD
2.676,OQMD
1.698,OQMD
3.1060000000000008,OQMD
3.4280000000000004,OQMD
2.04,OQMD
3.668,OQMD
2.442,OQMD
2.14,OQMD
1.6246,MP
0.306,OQMD
3.977,OQMD
1.0340000000000003,OQMD
0.7134,MP
2.222,OQMD
0.3719999999999999,OQMD
3.1570000000000005,OQMD
0.6910000000000001,OQMD
1.321,OQMD
0.3799999999999999,OQMD
0.769,OQMD
3.67,OQMD
1.0970000000000004,OQMD
0.5179999999999998,OQMD
0.22299999999999986,OQMD
1.81,OQMD
0.4980000000000002,OQMD
2.356,OQMD
3.2504,MP
2.5480000000000005,OQMD
0.39999999999999947,OQMD
4.033,OQMD
1.802,OQMD
2.385,OQMD
2.295,OQMD
1.8589999999999995,OQMD
0.8839999999999999,OQMD
0.3450000000000002,OQMD
1.2639999999999998,OQMD
1.956,JARVIS
1.1460000000000004,OQMD
0.11559999999999901,MP
2.0479999999999996,OQMD
3.6923,MP
1.2439999999999998,OQMD
0.375,OQMD
1.4290000000000003,OQMD
3.0639,MP
2.0770000000000004,OQMD
2.8930000000000002,OQMD
1.8630000000000004,OQMD
0.855,OQMD
1.6369999999999996,OQMD
1.9704000000000002,MP
0.887,OQMD
0.340000000000001,OQMD
1.9010000000000002,OQMD
2.598,OQMD
1.6579999999999995,OQMD
0.6392000000000001,MP
1.2630000000000003,OQMD
2.4189999999999996,OQMD
2.176,OQMD
0.8319999999999999,OQMD
3.9219999999999997,OQMD
0.338,OQMD
2.5549999999999997,OQMD
2.201,OQMD
1.639,JARVIS
0.3849999999999998,OQMD
1.992,OQMD
0.503,OQMD
1.9569999999999999,OQMD
1.468,OQMD
3.787199999999999,MP
0.216,OQMD
1.903,OQMD
1.586,OQMD
1.263,OQMD
2.341,OQMD
1.7720000000000002,OQMD
1.214,OQMD
1.335,OQMD
2.659,OQMD
0.4590000000000001,OQMD
2.615,OQMD
0.181599999999999,MP
0.7050000000000001,OQMD
0.5370000000000004,OQMD
2.8083,MP
1.3850000000000002,OQMD
2.2084,MP
0.267,AFLOW
2.995,OQMD
0.6920000000000002,OQMD
2.471,JARVIS
4.027,OQMD
3.1679,MP
1.9059999999999997,OQMD
1.4419999999999997,OQMD
2.8630000000000004,OQMD
1.5230000000000001,OQMD
3.655,OQMD
1.8589999999999998,OQMD
1.016,OQMD
1.859,OQMD
1.8959999999999995,OQMD
1.787,OQMD
3.3659999999999997,OQMD
0.28300000000000036,OQMD
2.083,OQMD
2.169,OQMD
1.742,OQMD
0.6779999999999999,OQMD
3.1073,MP
3.3869999999999996,OQMD
1.4449999999999994,OQMD
2.8659999999999997,OQMD
0.35000000000000053,OQMD
3.5010000000000003,OQMD
1.349,OQMD
3.6340000000000003,OQMD
3.0509999999999997,OQMD
0.6304,AFLOW
3.5839999999999996,OQMD
0.528,OQMD
4.32,OQMD
1.133,OQMD
1.264,OQMD
2.2234,MP
0.492,OQMD
1.1589999999999998,OQMD
1.39,OQMD
1.9369999999999998,OQMD
0.6180000000000003,OQMD
3.5021,MP
1.8273000000000001,MP
1.9839,MP
2.874,OQMD
2.2190000000000003,OQMD
1.141,OQMD
1.657,OQMD
3.0650000000000004,OQMD
3.733799999999999,MP
2.7980000000000005,OQMD
0.764,OQMD
1.4420000000000002,OQMD
0.4389999999999996,OQMD
2.11,OQMD
0.0645,MP
2.2429999999999994,OQMD
4.097999999999999,OQMD
1.979,OQMD
0.18079999999999902,MP
0.07600000000000001,MP
0.624,OQMD
2.018,OQMD
3.6256,MP
0.5059999999999998,OQMD
1.7369999999999997,OQMD
0.3340000000000001,OQMD
1.2559999999999998,OQMD
2.49,OQMD
2.299,OQMD
1.032,OQMD
1.0019999999999998,OQMD
1.3820000000000006,OQMD
2.722,OQMD
1.383,OQMD
2.0359999999999996,OQMD
4.130999999999999,OQMD
2.1884,MP
1.6769999999999996,OQMD
2.2570000000000006,OQMD
1.6709999999999998,OQMD
2.167,OQMD
0.46680000000000005,MP
0.21999999999999975,OQMD
1.0470000000000006,OQMD
0.0689,MP
1.2180000000000004,OQMD
2.4930000000000003,OQMD
1.5300000000000002,OQMD
0.4660000000000002,OQMD
0.3150000000000004,OQMD
3.257,OQMD
2.703,OQMD
2.433,OQMD
1.9619999999999997,OQMD
0.594,JARVIS
0.3620000000000001,OQMD
2.9579999999999997,OQMD
1.2609999999999997,OQMD
1.2910000000000004,OQMD
0.891,OQMD
0.8209999999999997,OQMD
2.5380000000000003,OQMD
1.2759999999999998,OQMD
2.579799999999999,MP
3.0279999999999996,OQMD
2.221,OQMD
3.1729999999999996,OQMD
0.9205999999999991,MP
1.279,OQMD
0.08910000000000001,MP
0.3610000000000002,OQMD
2.2,OQMD
2.411,OQMD
1.989,OQMD
1.8159999999999998,OQMD
1.444999999999999,MP
1.5139999999999998,OQMD
0.8560000000000003,OQMD
1.7800000000000002,OQMD
2.7135,MP
1.8707,MP
0.303,OQMD
1.318,OQMD
1.7990000000000004,OQMD
1.7990000000000004,OQMD
1.2560000000000002,OQMD
1.7943,MP
2.0380000000000003,OQMD
1.581,OQMD
1.943,OQMD
3.274,OQMD
1.8280000000000003,OQMD
1.7349999999999999,OQMD
3.4119999999999995,OQMD
3.248,OQMD
1.4530000000000003,OQMD
1.742,OQMD
1.9849999999999994,OQMD
1.325999999999999,MP
4.0996,MP
1.895299999999999,MP
0.8689999999999998,OQMD
2.684,OQMD
2.57,OQMD
1.2069999999999999,OQMD
0.381,OQMD
0.889,OQMD
2.4720000000000004,OQMD
1.529,OQMD
3.814,OQMD
3.238,OQMD
2.7249999999999996,OQMD
1.8690000000000002,OQMD
5.195,OQMD
0.9089999999999998,OQMD
0.41800000000000015,OQMD
0.33199999999999985,OQMD
2.972,OQMD
0.47499999999999964,OQMD
2.214,OQMD
2.3881,MP
3.208,OQMD
0.216,OQMD
0.7649999999999997,OQMD
2.896,OQMD
3.6894,MP
1.266,OQMD
1.048,OQMD
1.787,OQMD
0.9487000000000001,MP
2.0839999999999996,OQMD
1.6690000000000005,OQMD
3.205,OQMD
3.953,OQMD
0.7360000000000007,OQMD
2.2123,MP
1.2819999999999996,OQMD
0.5997,AFLOW
0.318,OQMD
4.559,JARVIS
2.191,OQMD
2.0429,MP
2.1079999999999997,OQMD
0.8120000000000003,OQMD
1.2559999999999998,OQMD
2.228,JARVIS
3.091,OQMD
1.0180000000000002,OQMD
0.472,OQMD
1.605,OQMD
3.238,OQMD
0.444399999999999,MP
2.277,OQMD
0.6080000000000001,OQMD
0.6240000000000001,OQMD
0.8770000000000002,OQMD
1.9179999999999997,OQMD
0.7599999999999998,OQMD
1.578,OQMD
0.774,OQMD
2.1209999999999996,OQMD
2.2510000000000003,OQMD
1.625,OQMD
3.677,OQMD
2.3798,MP
2.259,OQMD
2.38,OQMD
0.24899999999999967,OQMD
2.3930000000000002,OQMD
2.8779999999999997,OQMD
2.0480000000000005,OQMD
1.424,OQMD
1.686,OQMD
0.052,JARVIS
2.681,OQMD
0.38000000000000034,OQMD
2.362,OQMD
4.3945,MP
1.7929999999999997,OQMD
0.694999999999999,OQMD
3.944,OQMD
0.3440000000000003,OQMD
2.574,OQMD
0.363,OQMD
2.9990000000000006,OQMD
3.8961,MP
2.2299999999999995,OQMD
1.2679999999999998,OQMD
0.9090000000000003,OQMD
3.421,OQMD
1.6060999999999992,MP
1.423,OQMD
2.1402,MP
2.539,OQMD
2.362,OQMD
1.106799999999999,MP
2.021,OQMD
1.73,OQMD
2.0889999999999995,OQMD
2.3989999999999996,OQMD
3.1456,MP
2.5920000000000005,OQMD
1.9693,MP
3.4209999999999994,OQMD
1.242,OQMD
3.014999999999999,MP
3.6317999999999993,MP
3.4109,MP
0.8300000000000005,OQMD
1.0339999999999998,OQMD
1.1360000000000001,OQMD
1.3659999999999997,OQMD
0.353,OQMD
0.7449999999999997,OQMD
3.966,OQMD
0.5189999999999997,OQMD
2.88,OQMD
1.2489999999999997,OQMD
3.3981,MP
1.835,OQMD
0.9073000000000001,MP
1.2700000000000005,OQMD
3.825,OQMD
2.146,OQMD
1.4370000000000003,OQMD
1.0220000000000002,OQMD
2.2307,MP
1.49,OQMD
1.8614000000000002,MP
0.5179999999999998,OQMD
2.384599999999999,MP
1.0669999999999993,OQMD
1.462,OQMD
0.379,OQMD
2.983,OQMD
3.2430000000000003,OQMD
1.036,OQMD
2.406,OQMD
2.385199999999999,MP
1.0350000000000001,OQMD
0.38900000000000023,OQMD
3.281,OQMD
2.204,OQMD
1.0909,MP
0.5550000000000002,OQMD
3.7720000000000002,OQMD
0.5889999999999995,OQMD
2.872,OQMD
2.103,OQMD
0.725,OQMD
2.71,MP
0.6920000000000002,OQMD
1.6609999999999996,OQMD
1.585,OQMD
3.252199999999999,MP
2.1140000000000003,OQMD
1.862299999999999,MP
2.8550000000000004,OQMD
2.0869999999999997,OQMD
2.015,OQMD
1.4502000000000002,MP
0.9060000000000001,OQMD
1.254,OQMD
1.4767000000000001,MP
3.2862,MP
1.3319999999999999,OQMD
4.143,JARVIS
1.4369999999999994,OQMD
4.3260000000000005,OQMD
1.934,OQMD
0.421,OQMD
2.679,OQMD
0.5960000000000001,OQMD
2.771,OQMD
0.253,OQMD
3.7,OQMD
1.396,OQMD
2.673,OQMD
1.1701,MP
1.968499999999999,MP
0.48309999999999903,MP
1.9340000000000002,OQMD
0.6519999999999997,OQMD
0.439,OQMD
0.587,OQMD
3.7110000000000003,OQMD
0.254,OQMD
2.1647,MP
2.046,OQMD
2.005,OQMD
3.0470000000000006,OQMD
2.054,OQMD
1.5819999999999999,OQMD
2.643,OQMD
3.185,OQMD
0.999,OQMD
1.3860000000000001,OQMD
1.625,OQMD
1.7079999999999997,OQMD
0.9980000000000002,OQMD
1.2730000000000001,OQMD
3.9795,MP
1.997,OQMD
4.1385,MP
2.2920000000000003,OQMD
0.61,OQMD
0.497,OQMD
1.2309999999999999,OQMD
1.1479999999999997,OQMD
2.2909999999999995,OQMD
1.2510000000000003,OQMD
1.005,OQMD
3.2680000000000002,OQMD
2.160599999999999,MP
2.0230000000000006,OQMD
3.3709999999999996,OQMD
4.083,OQMD
1.2673,AFLOW
2.193,OQMD
0.856,OQMD
3.512,OQMD
2.38,OQMD
4.13,OQMD
0.766,OQMD
0.352,OQMD
1.479,OQMD
3.5980000000000003,OQMD
0.793,OQMD
2.057,OQMD
1.8810000000000002,OQMD
2.622,OQMD
0.9009999999999998,OQMD
2.258,MP
1.802,OQMD
2.888,OQMD
1.2329999999999997,OQMD
4.476,JARVIS
1.9719999999999995,OQMD
2.8514,MP
2.4859999999999998,OQMD
1.2269999999999994,OQMD
1.4219999999999997,OQMD
0.9199999999999999,OQMD
0.865,OQMD
3.823,OQMD
0.5456000000000001,MP
0.8009999999999997,OQMD
3.0789999999999997,OQMD
0.9169999999999998,OQMD
1.5549999999999997,OQMD
1.251,OQMD
0.5832,MP
0.8810000000000002,OQMD
2.657,OQMD
1.2460000000000004,OQMD
3.2700000000000005,OQMD
1.941,OQMD
3.799,OQMD
3.2989999999999995,OQMD
2.5180000000000002,OQMD
1.8179999999999996,OQMD
0.816,OQMD
1.9120000000000004,OQMD
1.117,OQMD
0.478,OQMD
0.3250000000000002,OQMD
0.29300000000000015,OQMD
4.194,OQMD
0.8900000000000001,OQMD
0.772,OQMD
3.128,OQMD
2.647,OQMD
1.71205,AFLOW
0.6220000000000003,OQMD
1.661,OQMD
1.8600000000000003,OQMD
0.6140000000000003,OQMD
2.4678,MP
3.7069,MP
0.899,OQMD
0.41500000000000004,OQMD
1.786,OQMD
1.229,OQMD
4.502,OQMD
2.99,OQMD
0.617,OQMD
2.114899999999999,MP
0.8350000000000004,OQMD
0.27030000000000004,MP
1.979,OQMD
2.403,OQMD
3.729,OQMD
2.5370000000000004,OQMD
1.976,OQMD
1.412,MP
1.327,OQMD
1.1050000000000004,OQMD
0.3230000000000004,OQMD
1.1740000000000004,OQMD
0.9119999999999995,OQMD
3.492,OQMD
2.218,OQMD
1.2389999999999999,OQMD
3.392,OQMD
3.239999999999999,MP
3.266,OQMD
1.1790000000000003,OQMD
2.869,OQMD
2.1817,MP
1.0330000000000004,OQMD
0.9180000000000001,OQMD
1.7930000000000001,MP
2.8320000000000003,OQMD
0.6529999999999996,OQMD
1.0830000000000002,OQMD
1.6430999999999991,MP
4.046,OQMD
2.5479999999999996,OQMD
0.404,OQMD
0.8769999999999998,OQMD
1.7149999999999999,OQMD
2.247,OQMD
0.782,OQMD
1.8199999999999998,OQMD
1.532,OQMD
1.8749999999999996,OQMD
1.628,OQMD
4.095000000000001,OQMD
2.082,OQMD
0.83,OQMD
0.7760000000000007,OQMD
0.8786,AFLOW
1.645,OQMD
0.4560000000000004,OQMD
0.869000000000001,OQMD
2.215,OQMD
1.8179999999999996,OQMD
2.2079999999999997,OQMD
2.5376000000000003,MP
0.9979999999999993,OQMD
1.8710000000000004,OQMD
0.9083000000000001,MP
0.5389999999999999,OQMD
2.0039999999999996,OQMD
2.2089999999999996,OQMD
2.1139999999999994,OQMD
3.3790000000000004,OQMD
0.5927,MP
0.3620000000000001,OQMD
3.2684,MP
1.4450000000000003,OQMD
0.4490000000000003,OQMD
2.2130000000000005,OQMD
2.451,OQMD
0.911,OQMD
1.6919999999999997,OQMD
1.267,OQMD
1.048,OQMD
3.971,OQMD
0.30600000000000005,OQMD
1.705,OQMD
1.8990000000000005,OQMD
0.448,JARVIS
0.34499999999999975,OQMD
3.3030000000000004,OQMD
0.5540000000000003,OQMD
1.958899999999999,MP
1.0020000000000002,OQMD
2.7120000000000006,OQMD
1.3520000000000003,OQMD
1.7650000000000006,OQMD
1.1949999999999994,OQMD
3.469,OQMD
0.6149999999999998,OQMD
2.1799999999999997,OQMD
1.597,MP
2.65,JARVIS
2.852,JARVIS
0.371,OQMD
0.6869999999999994,OQMD
0.588,OQMD
1.8759999999999994,OQMD
0.215199999999999,MP
0.620000000000001,OQMD
2.3339999999999996,OQMD
0.8710000000000004,OQMD
2.067,OQMD
3.221,OQMD
3.349,OQMD
0.625,OQMD
0.33999999999999986,OQMD
1.225,OQMD
2.132,OQMD
3.8426,MP
1.228,OQMD
0.96,OQMD
1.0469999999999997,OQMD
1.8650000000000002,OQMD
3.499,OQMD
1.5103,MP
0.529,OQMD
0.2815,AFLOW
3.2733,MP
1.6429999999999998,OQMD
1.9829999999999997,OQMD
2.752,JARVIS
0.734,OQMD
2.2140000000000004,OQMD
0.1501,MP
1.4680000000000004,OQMD
2.633,OQMD
2.981,OQMD
2.8040000000000003,OQMD
3.0650000000000004,OQMD
3.0012,MP
1.2640000000000002,OQMD
1.8720000000000003,OQMD
1.177,OQMD
3.922,MP
0.782,OQMD
3.5229999999999997,OQMD
4.075000000000001,OQMD
1.016,OQMD
1.1929999999999996,OQMD
1.824,OQMD
0.8799999999999999,OQMD
4.313,JARVIS
0.8200000000000003,OQMD
2.21,OQMD
1.456,OQMD
2.073,OQMD
3.5789,MP
0.0644,MP
0.8280000000000003,OQMD
3.17,OQMD
4.645,JARVIS
0.371,OQMD
4.335999999999999,OQMD
1.101,OQMD
2.462,MP
2.585,OQMD
2.1930000000000005,OQMD
1.492,OQMD
1.2429999999999999,OQMD
4.2109,MP
3.265,OQMD
1.0159999999999996,OQMD
1.9779999999999998,OQMD
1.763,OQMD
1.4890000000000008,OQMD
0.6749999999999998,OQMD
0.15200000000000002,MP
2.2889999999999997,OQMD
1.8299999999999996,OQMD
1.247,OQMD
1.5032,MP
1.939,OQMD
2.0940000000000003,OQMD
2.873,OQMD
0.209,OQMD
0.9639999999999995,OQMD
0.742,OQMD
2.354,OQMD
3.1300000000000003,OQMD
0.516,OQMD
1.654,OQMD
2.957,OQMD
3.056,MP
1.7569999999999997,OQMD
2.116,OQMD
3.279,OQMD
1.67,OQMD
3.132,OQMD
0.7039999999999997,OQMD
1.891,OQMD
4.281999999999999,OQMD
0.3070000000000004,OQMD
3.383,OQMD
1.0790000000000002,OQMD
1.1759999999999993,OQMD
2.67,OQMD
3.1690000000000005,OQMD
1.939,OQMD
1.1489999999999996,OQMD
0.34399999999999986,OQMD
2.3396,MP
1.528,OQMD
2.0889999999999995,OQMD
1.9719999999999995,OQMD
1.0329999999999995,OQMD
0.401,OQMD
1.2460000000000004,OQMD
2.791,OQMD
1.2520000000000002,OQMD
3.663,OQMD
2.6,OQMD
1.8198,MP
1.7850000000000001,OQMD
4.2972,MP
3.48,OQMD
1.06,OQMD
3.178,OQMD
2.45,OQMD
2.1890000000000005,OQMD
1.4729999999999994,OQMD
1.9890000000000003,OQMD
0.3460000000000001,OQMD
1.346099999999999,MP
3.3014,MP
2.23,OQMD
1.6509999999999998,OQMD
3.152,OQMD
1.1929999999999996,OQMD
1.9330000000000003,OQMD
0.598,OQMD
0.7584000000000001,MP
0.823,OQMD
4.3077,MP
2.1520000000000006,OQMD
3.649,OQMD
2.3339999999999996,OQMD
1.8480000000000003,OQMD
1.037,OQMD
3.092,OQMD
1.8710000000000004,OQMD
0.394,OQMD
1.2319999999999998,OQMD
1.1180000000000003,OQMD
1.432,OQMD
2.315,OQMD
3.306,OQMD
1.1920000000000002,OQMD
1.766,OQMD
0.6890000000000001,OQMD
1.8073000000000001,MP
2.351,OQMD
1.4739999999999998,OQMD
3.7274000000000003,MP
0.8800000000000003,OQMD
2.166,OQMD
4.033,OQMD
0.899,OQMD
3.04,OQMD
2.693,OQMD
2.1649999999999996,OQMD
0.577,OQMD
2.8979999999999997,OQMD
0.831,OQMD
0.792,OQMD
1.488,OQMD
2.2630000000000003,OQMD
0.38000000000000034,OQMD
3.215,OQMD
2.375,JARVIS
1.8679999999999994,OQMD
0.8929999999999998,OQMD
0.7560000000000002,OQMD
0.9360000000000008,OQMD
1.271,OQMD
0.681999999999999,OQMD
4.6876999999999995,MP
1.242,MP
1.811,OQMD
3.3634,MP
1.1100000000000003,OQMD
0.964,OQMD
1.692,OQMD
1.137,OQMD
2.3808,MP
1.541399999999999,MP
2.715,MP
1.952,OQMD
1.9399999999999995,OQMD
0.33499999999999996,OQMD
1.291,JARVIS
3.528,OQMD
0.3639999999999999,OQMD
1.3719999999999999,OQMD
3.222,OQMD
1.1419999999999995,OQMD
2.111,OQMD
1.87,OQMD
0.2810000000000006,OQMD
1.875,OQMD
2.2739999999999996,OQMD
2.8799999999999994,OQMD
0.246,OQMD
0.0916,MP
1.448,OQMD
1.4030000000000005,OQMD
1.362,OQMD
0.883,OQMD
2.8138,MP
1.007,OQMD
2.563,OQMD
1.9619999999999997,OQMD
1.1270000000000007,OQMD
1.8759999999999994,OQMD
4.402,JARVIS
2.075,OQMD
2.222,JARVIS
2.8900000000000006,OQMD
3.0829999999999997,OQMD
0.9819999999999998,OQMD
0.604,OQMD
3.408899999999999,MP
1.0470000000000002,OQMD
3.3260000000000005,OQMD
0.1004,MP
0.3340000000000005,OQMD
0.9060000000000006,OQMD
4.277299999999999,MP
3.534,OQMD
1.0229999999999997,OQMD
1.8470000000000004,OQMD
1.8530000000000002,OQMD
2.274,OQMD
1.1589999999999998,OQMD
1.507,OQMD
3.058,OQMD
2.261,OQMD
0.734,OQMD
1.8650000000000002,OQMD
0.9800000000000004,OQMD
0.774999999999999,OQMD
0.315,OQMD
1.2479999999999998,OQMD
1.1492,MP
1.105,OQMD
1.2765,MP
0.405,OQMD
0.479,OQMD
2.815,OQMD
0.214,OQMD
2.226,OQMD
1.2539999999999996,OQMD
3.691,OQMD
1.1159999999999997,OQMD
0.8280000000000003,OQMD
1.2269999999999999,OQMD
1.056,OQMD
0.29799999999999915,OQMD
5.172,OQMD
0.826,OQMD
1.885,OQMD
0.254,OQMD
0.835,OQMD
1.0236,MP
1.4379999999999997,OQMD
2.3579999999999997,OQMD
2.583,OQMD
1.04,OQMD
0.371,OQMD
2.25,OQMD
2.8779999999999997,OQMD
1.538,OQMD
2.4749999999999996,OQMD
2.2640000000000002,OQMD
4.143,OQMD
0.4089999999999998,OQMD
1.351,OQMD
0.51,OQMD
0.9485999999999991,MP
3.191,OQMD
0.34299999999999997,OQMD
1.3179999999999996,OQMD
1.044,OQMD
2.673,OQMD
3.522,OQMD
2.9791,MP
2.554,OQMD
4.756799999999999,MP
2.052,OQMD
0.45100000000000007,OQMD
2.2669999999999995,OQMD
4.285000000000001,OQMD
1.1400000000000006,OQMD
0.40800000000000014,OQMD
3.489,OQMD
1.731,OQMD
0.3980000000000006,OQMD
1.709,JARVIS
3.077,OQMD
0.7430000000000003,OQMD
2.399,OQMD
3.1347,MP
4.027,OQMD
1.5330000000000004,OQMD
0.6509999999999998,OQMD
0.352,OQMD
0.6199999999999997,OQMD
3.67,OQMD
0.466,OQMD
0.837,OQMD
0.8879999999999999,OQMD
0.6585000000000001,MP
1.1899999999999995,OQMD
1.6469999999999998,OQMD
0.363,OQMD
1.9259999999999997,OQMD
3.0998,MP
0.069,JARVIS
0.7089999999999996,OQMD
3.4677000000000002,MP
1.0219999999999998,OQMD
2.8514,MP
1.489,OQMD
2.416,OQMD
1.9939999999999998,OQMD
3.259,MP
0.3259999999999996,OQMD
0.3119999999999994,OQMD
0.2520000000000002,OQMD
1.8810000000000002,OQMD
0.97,OQMD
1.883,OQMD
1.4000000000000004,OQMD
1.22845,AFLOW
2.262,OQMD
0.3399999999999994,OQMD
3.278,OQMD
0.577,OQMD
2.602,OQMD
1.4140000000000001,OQMD
2.0900000000000003,OQMD
0.9279999999999999,OQMD
1.117,OQMD
3.5484,MP
0.261,OQMD
0.577,OQMD
2.5140000000000002,OQMD
0.427,OQMD
1.702,OQMD
1.838,OQMD
1.351,OQMD
0.41100000000000003,OQMD
0.8300000000000001,OQMD
3.3673,MP
1.5390000000000001,OQMD
2.7287,MP
3.0389999999999997,OQMD
0.6270000000000002,OQMD
0.277,OQMD
0.8779999999999997,OQMD
1.7079999999999997,OQMD
0.33999999999999986,OQMD
2.822,OQMD
3.495,JARVIS
1.166,OQMD
2.4909999999999997,OQMD
1.2730000000000006,OQMD
1.435,OQMD
2.0789999999999997,OQMD
2.224,OQMD
3.478,OQMD
0.3780000000000001,OQMD
0.36969999999999903,MP
1.2559999999999998,OQMD
2.5949999999999998,OQMD
0.9649999999999999,OQMD
3.231,MP
1.1003,AFLOW
1.4839999999999995,OQMD
0.7399999999999998,OQMD
1.954,OQMD
1.206,OQMD
1.9010000000000002,OQMD
3.5069999999999997,OQMD
2.285,OQMD
1.9210000000000003,OQMD
3.5029999999999997,OQMD
1.8439999999999999,OQMD
1.3859999999999997,OQMD
3.2920000000000003,OQMD
3.311,OQMD
1.822,OQMD
3.2780000000000005,OQMD
3.503,JARVIS
1.0280000000000005,OQMD
0.381,OQMD
2.4010000000000002,OQMD
0.6349999999999998,OQMD
2.926,OQMD
0.906,OQMD
2.194,OQMD
1.4339999999999993,OQMD
3.3339999999999996,OQMD
1.7120000000000002,OQMD
2.395,OQMD
1.6500000000000004,OQMD
1.5590000000000002,OQMD
1.7849999999999997,OQMD
1.0519999999999996,OQMD
1.9320000000000004,OQMD
0.35699999999999976,OQMD
0.527,JARVIS
3.4929999999999994,OQMD
0.5569999999999999,OQMD
1.8819999999999997,OQMD
3.2089999999999996,OQMD
0.774,OQMD
2.2540000000000004,OQMD
2.7170000000000005,OQMD
1.896,OQMD
1.5139999999999998,OQMD
3.261,OQMD
1.0339999999999998,OQMD
2.8040000000000003,MP
0.341,OQMD
1.282,OQMD
2.524,OQMD
1.4188,MP
1.456,OQMD
1.113,OQMD
2.911,OQMD
1.488,OQMD
5.872,OQMD
0.803999999999999,OQMD
4.0074,MP
3.436,OQMD
3.807199999999999,MP
0.29709999999999903,MP
0.7902,MP
2.331,OQMD
4.036,OQMD
1.2429999999999999,OQMD
2.646,MP
2.001,MP
1.0330000000000004,OQMD
0.3450000000000002,OQMD
1.7000000000000002,OQMD
2.4909999999999997,OQMD
0.976,OQMD
3.145,OQMD
1.686,OQMD
3.519400000000001,MP
3.956,OQMD
0.3780000000000001,OQMD
0.923,OQMD
1.2010000000000005,OQMD
3.0963,MP
1.6800000000000002,OQMD
0.4059999999999997,OQMD
0.349,OQMD
2.41,MP
1.6669999999999998,OQMD
0.3719999999999999,OQMD
3.9438,MP
0.4179999999999997,OQMD
1.9889999999999999,OQMD
2.847899999999999,MP
1.4549999999999996,OQMD
1.8470000000000004,OQMD
0.8500000000000005,OQMD
1.7686000000000002,MP
2.531,OQMD
1.662,OQMD
2.5309999999999997,OQMD
1.813,OQMD
1.928,OQMD
0.8050000000000002,OQMD
3.25,OQMD
0.5379999999999998,OQMD
0.405,OQMD
5.6644,MP
2.9923,MP
3.0439999999999996,OQMD
1.9570000000000003,OQMD
1.1440000000000001,OQMD
2.0380000000000003,OQMD
3.5592,MP
2.196999999999999,MP
2.1679999999999997,OQMD
0.8782000000000001,MP
3.235,OQMD
3.0300000000000002,OQMD
1.767,OQMD
4.319,OQMD
2.93,OQMD
1.2400000000000002,OQMD
2.196,OQMD
2.35,OQMD
2.422,OQMD
2.1090000000000004,OQMD
0.424,OQMD
1.741,MP
2.2089999999999996,OQMD
0.5119999999999996,OQMD
3.592599999999999,MP
0.6640000000000001,OQMD
1.1349999999999998,OQMD
1.851,OQMD
3.247699999999999,MP
3.713,MP
3.089,OQMD
2.6249999999999996,OQMD
1.7880000000000003,OQMD
1.4420000000000002,OQMD
0.43000000000000016,OQMD
3.4050000000000002,OQMD
1.758,OQMD
3.8105,MP
2.488,OQMD
1.23,OQMD
3.2912,MP
1.6270000000000002,OQMD
3.718,OQMD
0.5449999999999999,OQMD
0.8119999999999998,OQMD
1.1990000000000007,OQMD
3.27,OQMD
1.258,OQMD
0.366,OQMD
1.081999999999999,MP
0.8673000000000001,MP
1.0350000000000001,OQMD
0.8250000000000002,OQMD
0.595,OQMD
0.3309999999999995,OQMD
2.785,OQMD
1.6680000000000001,OQMD
4.289,OQMD
2.291499999999999,MP
1.2780000000000005,OQMD
2.2089999999999996,OQMD
1.6029999999999998,OQMD
0.25,OQMD
0.1615,MP
0.7050000000000001,OQMD
2.262,OQMD
3.2729999999999997,OQMD
